Date,Price,Open,High,Low
2009-08-06,1.6200,1.6500,1.6900,1.5600
2009-08-07,1.6400,1.6100,1.6800,1.6000
2009-08-10,1.6000,1.6600,1.6600,1.5600
2009-08-11,1.5700,1.6000,1.6000,1.5500
2009-08-12,1.6000,1.6100,1.6200,1.5700
2009-08-13,1.6600,1.6000,1.6700,1.6000
2009-08-14,1.6600,1.6500,1.7000,1.6200
2009-08-17,1.6200,1.6300,1.6400,1.6200
2009-08-18,1.7100,1.6500,1.7200,1.6400
2009-08-19,1.7900,1.6800,1.7900,1.6800
2009-08-20,1.7800,1.7900,1.7900,1.7300
2009-08-21,1.7800,1.7800,1.8000,1.7600
2009-08-24,1.7500,1.7500,1.7800,1.7300
2009-08-25,1.7800,1.7600,1.7900,1.7500
2009-08-26,1.7800,1.7700,1.7800,1.7200
2009-08-27,1.8200,1.7800,1.8200,1.7500
2009-08-28,1.8500,1.8100,1.9000,1.8000
2009-08-31,1.8200,1.8300,1.8400,1.7800
2009-09-01,1.7800,1.8200,1.8400,1.6900
2009-09-02,1.7700,1.7800,1.8200,1.7500
2009-09-03,1.7500,1.8000,1.8000,1.7000
2009-09-04,1.7800,1.7700,1.8000,1.7500
2009-09-08,1.7700,1.7800,1.7900,1.7500
2009-09-09,1.7300,1.7800,1.7800,1.7200
2009-09-10,1.7100,1.7000,1.7500,1.7000
2009-09-11,1.6900,1.7000,1.7300,1.6500
2009-09-14,1.6700,1.6600,1.6900,1.6300
2009-09-15,1.7200,1.7300,1.7400,1.6600
2009-09-16,1.7600,1.7400,1.7700,1.7100
2009-09-17,1.6600,1.7700,1.7900,1.6500
2009-09-18,1.6200,1.6600,1.7000,1.6200
2009-09-21,1.6600,1.6300,1.6600,1.5900
2009-09-22,1.7300,1.7000,1.7400,1.6800
2009-09-23,1.7400,1.7600,1.7800,1.7300
2009-09-24,1.7500,1.7300,1.7800,1.6800
2009-09-25,1.7100,1.7500,1.7500,1.7100
2009-09-28,1.7600,1.7300,1.7800,1.7000
2009-09-29,1.7000,1.7500,1.7800,1.7000
2009-09-30,1.7100,1.7000,1.7300,1.7000
2009-10-01,1.6300,1.7000,1.7100,1.6200
2009-10-02,1.6100,1.6200,1.6400,1.5900
2009-10-05,1.6500,1.6100,1.6500,1.6000
2009-10-06,1.6500,1.6700,1.7200,1.6400
2009-10-07,1.6100,1.6600,1.6600,1.5900
2009-10-08,1.6000,1.6100,1.6200,1.5900
2009-10-09,1.6200,1.6000,1.6500,1.5900
2009-10-12,1.6300,1.6200,1.6500,1.6000
2009-10-13,1.6500,1.6200,1.6700,1.6100
2009-10-14,1.6900,1.6800,1.7000,1.6500
2009-10-15,1.7200,1.7400,1.7900,1.7100
2009-10-16,1.6400,1.7200,1.7200,1.6200
2009-10-19,1.6200,1.6500,1.6600,1.6100
2009-10-20,1.6500,1.6300,1.6700,1.6300
2009-10-21,1.6500,1.6400,1.6900,1.6100
2009-10-22,1.6300,1.6300,1.6300,1.5600
2009-10-23,1.6000,1.6100,1.6400,1.5900
2009-10-26,1.5800,1.5900,1.6100,1.5800
2009-10-27,1.5400,1.5900,1.6000,1.5300
2009-10-28,1.4900,1.5500,1.5500,1.4900
2009-10-29,1.5000,1.5000,1.5200,1.4700
2009-10-30,1.5000,1.5100,1.5200,1.4900
2009-11-02,1.4900,1.5100,1.5100,1.4700
2009-11-03,1.4500,1.4700,1.4800,1.4400
2009-11-04,1.4800,1.4600,1.5200,1.4300
2009-11-05,1.5300,1.5000,1.5700,1.4900
2009-11-06,1.5300,1.5300,1.5700,1.4900
2009-11-09,1.5700,1.5300,1.5700,1.5100
2009-11-10,1.5400,1.5700,1.5700,1.5200
2009-11-11,1.5400,1.5500,1.5500,1.5100
2009-11-12,1.5600,1.5400,1.5900,1.5400
2009-11-13,1.5600,1.5600,1.5700,1.5400
2009-11-16,1.6000,1.5600,1.6200,1.5500
2009-11-17,1.6100,1.5800,1.6200,1.5600
2009-11-18,1.6000,1.6100,1.6100,1.5800
2009-11-19,1.5600,1.5800,1.5900,1.5200
2009-11-20,1.5400,1.5600,1.5600,1.5300
2009-11-23,1.5200,1.5500,1.5600,1.5100
2009-11-24,1.5300,1.5100,1.5300,1.5000
2009-11-25,1.5500,1.5400,1.6000,1.5400
2009-11-27,1.5900,1.5100,1.5900,1.5100
2009-11-30,1.5900,1.5900,1.6000,1.5200
2009-12-01,1.6000,1.5900,1.6300,1.5900
2009-12-02,1.5600,1.6000,1.6100,1.5400
2009-12-03,1.5900,1.5600,1.5900,1.5600
2009-12-04,1.6500,1.6400,1.6700,1.5600
2009-12-07,1.6900,1.6500,1.6900,1.6500
2009-12-08,1.6800,1.6600,1.7000,1.6600
2009-12-09,1.6800,1.6600,1.6800,1.6300
2009-12-10,1.6800,1.6800,1.7000,1.6800
2009-12-11,1.6600,1.6700,1.6700,1.6500
2009-12-14,1.6900,1.6700,1.6900,1.6700
2009-12-15,1.6700,1.6900,1.6900,1.6700
2009-12-16,1.7000,1.6900,1.7100,1.6700
2009-12-17,1.6300,1.6900,1.7000,1.6100
2009-12-18,1.6400,1.6300,1.6800,1.6200
2009-12-21,1.6500,1.6800,1.6900,1.6400
2009-12-22,1.6700,1.6500,1.6700,1.6200
2009-12-23,1.6800,1.6800,1.6800,1.6700
2009-12-24,1.6800,1.6700,1.7000,1.6700
2009-12-28,1.7400,1.6800,1.7800,1.6800
2009-12-29,1.7500,1.7500,1.7700,1.7400
2009-12-30,1.7700,1.7300,1.7800,1.7300
2009-12-31,1.8300,1.7600,1.8300,1.7600
2010-01-04,1.8900,1.8300,1.8900,1.8000
2010-01-05,1.9000,1.9000,1.9200,1.8100
2010-01-06,1.9200,1.9000,1.9300,1.8600
2010-01-07,1.9000,1.9000,1.9200,1.8600
2010-01-08,1.9200,1.8900,1.9300,1.8900
2010-01-11,1.9300,1.9200,1.9600,1.9000
2010-01-12,1.9000,1.9100,1.9100,1.8700
2010-01-13,1.8400,1.9000,1.9000,1.8200
2010-01-14,1.8400,1.8500,1.8900,1.8100
2010-01-15,1.8200,1.8600,1.8600,1.8100
2010-01-19,1.7800,1.7900,1.8100,1.7300
2010-01-20,1.8000,1.7700,1.8000,1.7400
2010-01-21,1.8000,1.7900,1.8500,1.7800
2010-01-22,1.7600,1.7900,1.8100,1.7400
2010-01-25,1.7600,1.7700,1.7800,1.7500
2010-01-26,1.7800,1.7000,1.8000,1.6800
2010-01-27,1.7400,1.7600,1.7900,1.7300
2010-01-28,1.7700,1.7500,1.7700,1.7300
2010-01-29,1.7400,1.7700,1.7900,1.7300
2010-02-01,1.7500,1.7400,1.7700,1.7300
2010-02-02,1.7700,1.7500,1.7800,1.7400
2010-02-03,1.7600,1.7500,1.7700,1.7500
2010-02-04,1.7200,1.7400,1.7600,1.7100
2010-02-05,1.7200,1.7300,1.7300,1.6600
2010-02-08,1.7000,1.7100,1.7300,1.6900
2010-02-09,1.7000,1.7000,1.7400,1.6800
2010-02-10,1.6800,1.6900,1.6900,1.6500
2010-02-11,1.7100,1.6800,1.7300,1.6500
2010-02-12,1.7400,1.7000,1.7400,1.6800
2010-02-16,1.7500,1.7400,1.7500,1.7300
2010-02-17,1.7400,1.7600,1.7600,1.7200
2010-02-18,1.7500,1.7500,1.7500,1.7300
2010-02-19,1.7500,1.7500,1.7600,1.7400
2010-02-22,1.7400,1.7500,1.7600,1.7200
2010-02-23,1.7400,1.7400,1.7500,1.7100
2010-02-24,1.7700,1.7500,1.7900,1.7400
2010-02-25,1.8100,1.8000,1.8400,1.7700
2010-02-26,1.8100,1.8000,1.8200,1.8000
2010-03-01,1.8300,1.8700,1.8800,1.8100
2010-03-02,1.8700,1.8200,1.8700,1.8200
2010-03-03,1.8900,1.8800,1.9900,1.8800
2010-03-04,1.9100,1.9000,1.9200,1.8500
2010-03-05,1.9400,1.9100,1.9700,1.9100
2010-03-08,1.9300,1.9500,1.9500,1.9100
2010-03-09,1.9400,1.9400,2.0000,1.9200
2010-03-10,1.9700,1.9500,2.0000,1.9400
2010-03-11,1.9900,1.9800,2.0000,1.9800
2010-03-12,1.9700,1.9900,2.0000,1.9400
2010-03-15,1.9400,1.9600,1.9600,1.9000
2010-03-16,1.9500,1.9400,1.9700,1.9200
2010-03-17,1.9900,1.9600,2.0000,1.9600
2010-03-18,2.0000,1.9900,2.0000,1.9500
2010-03-19,2.0100,2.0000,2.0300,1.9700
2010-03-22,1.9900,1.9900,2.0200,1.9700
2010-03-23,2.0200,2.0000,2.0300,2.0000
2010-03-24,1.9600,2.0200,2.0200,1.9600
2010-03-25,1.9700,1.9800,1.9800,1.9300
2010-03-26,1.9900,1.9700,2.0200,1.9700
2010-03-29,2.0200,2.0100,2.0400,1.9900
2010-03-30,2.0400,2.0300,2.0500,2.0000
2010-03-31,2.0600,2.0400,2.0700,2.0200
2010-04-01,2.0500,2.0700,2.0800,2.0100
2010-04-05,2.0300,2.0700,2.0700,1.9800
2010-04-06,2.0700,2.0000,2.0800,2.0000
2010-04-07,2.0500,2.0600,2.0700,2.0400
2010-04-08,2.0100,2.0500,2.0500,2.0100
2010-04-09,2.0000,2.0100,2.0100,1.9800
2010-04-12,2.0000,1.9900,2.0200,1.9700
2010-04-13,2.0200,1.9900,2.0200,1.9800
2010-04-14,2.1500,2.0600,2.1600,2.0500
2010-04-15,2.2000,2.1600,2.2000,2.1600
2010-04-16,2.1900,2.2000,2.2000,2.1700
2010-04-19,2.1900,2.1700,2.2000,2.1300
2010-04-20,2.2400,2.2500,2.2900,2.2200
2010-04-21,2.1800,2.2500,2.2800,2.1500
2010-04-22,2.1500,2.1800,2.1900,2.1000
2010-04-23,2.1500,2.1400,2.1600,2.1100
2010-04-26,2.1800,2.1300,2.2000,2.1300
2010-04-27,2.1000,2.1900,2.1900,2.0800
2010-04-28,2.1000,2.1200,2.1300,2.0700
2010-04-29,2.1400,2.1300,2.1800,2.1300
2010-04-30,2.0500,2.1600,2.1700,2.0500
2010-05-03,2.1100,2.0600,2.1500,2.0400
2010-05-04,2.0000,2.1000,2.1000,1.9900
2010-05-05,1.9600,1.9900,2.0100,1.9200
2010-05-06,1.9200,1.9600,1.9600,1.8500
2010-05-07,1.9300,1.9200,1.9500,1.8400
2010-05-10,2.0700,2.0000,2.0900,2.0000
2010-05-11,2.0700,2.0300,2.0800,2.0200
2010-05-12,2.0700,2.0600,2.0900,2.0500
2010-05-13,2.0500,2.0800,2.0800,2.0300
2010-05-14,2.0200,2.0400,2.0500,1.9700
2010-05-17,2.0500,2.0200,2.0500,1.9900
2010-05-18,2.0100,2.0600,2.0900,1.9900
2010-05-19,2.0000,1.9800,2.0300,1.8900
2010-05-20,2.0100,1.9800,2.0300,1.9400
2010-05-21,1.9800,1.9900,2.0200,1.9500
2010-05-24,1.9400,1.9800,2.0000,1.9300
2010-05-25,1.9200,1.9000,1.9300,1.8500
2010-05-26,2.0000,1.9600,2.0400,1.9500
2010-05-27,2.1300,2.0400,2.1500,2.0300
2010-05-28,2.0600,2.1400,2.1500,2.0300
2010-06-01,2.0400,2.0700,2.1000,2.0300
2010-06-02,2.1100,2.0300,2.1100,2.0300
2010-06-03,2.1700,2.1100,2.2000,2.1100
2010-06-04,2.0800,2.1400,2.1400,2.0600
2010-06-07,2.0800,2.0900,2.1100,2.0600
2010-06-08,2.1100,2.0900,2.1100,2.0600
2010-06-09,2.1100,2.1200,2.1900,2.1000
2010-06-10,2.1800,2.1500,2.2000,2.1500
2010-06-11,2.1900,2.1500,2.2000,2.1400
2010-06-14,2.1500,2.2100,2.2200,2.1300
2010-06-15,2.2300,2.1700,2.2700,2.1600
2010-06-16,2.2900,2.2200,2.3500,2.2100
2010-06-17,2.3300,2.3300,2.3700,2.3000
2010-06-18,2.3000,2.3300,2.3500,2.2800
2010-06-21,2.3000,2.3400,2.3400,2.2400
2010-06-22,2.2300,2.2900,2.3000,2.2100
2010-06-23,2.2500,2.2500,2.2700,2.1500
2010-06-24,2.1200,2.2700,2.2700,2.0700
2010-06-25,2.1500,2.1400,2.2100,2.1100
2010-06-28,2.1700,2.1500,2.1900,2.0500
2010-06-29,2.1000,2.1300,2.1300,2.0400
2010-06-30,2.1100,2.0900,2.1300,2.0700
2010-07-01,2.1400,2.1300,2.1500,2.0700
2010-07-02,2.1600,2.1500,2.1700,2.1300
2010-07-06,2.0900,2.1800,2.2200,2.0800
2010-07-07,2.1700,2.0800,2.1700,2.0500
2010-07-08,2.1800,2.1800,2.2000,2.1300
2010-07-09,2.2000,2.1700,2.2000,2.1500
2010-07-12,2.2100,2.1900,2.2400,2.1500
2010-07-13,2.2500,2.2300,2.2500,2.2100
2010-07-14,2.2300,2.2500,2.2900,2.2200
2010-07-15,2.2900,2.2300,2.3000,2.1900
2010-07-16,2.2000,2.2700,2.2900,2.2000
2010-07-19,2.2300,2.2100,2.2400,2.1800
2010-07-20,2.2000,2.2000,2.2100,2.1600
2010-07-21,2.1800,2.2200,2.2400,2.1700
2010-07-22,2.2900,2.2000,2.2900,2.1900
2010-07-23,2.2900,2.2900,2.3100,2.2500
2010-07-26,2.2800,2.2900,2.2900,2.1900
2010-07-27,2.2400,2.2900,2.3100,2.2200
2010-07-28,2.1800,2.2400,2.2500,2.1800
2010-07-29,2.1800,2.1900,2.2000,2.1400
2010-07-30,2.1800,2.1600,2.1900,2.1100
2010-08-02,2.1800,2.2000,2.2800,2.1600
2010-08-03,2.1600,2.1700,2.1900,2.1400
2010-08-04,2.2300,2.1700,2.2500,2.1300
2010-08-05,2.2700,2.2100,2.2700,2.2100
2010-08-06,2.2600,2.2600,2.2700,2.2400
2010-08-09,2.2900,2.2700,2.2900,2.2500
2010-08-10,2.2300,2.2600,2.2800,2.2200
2010-08-11,2.0200,2.0500,2.0800,1.9300
2010-08-12,2.0400,2.0400,2.0900,2.0200
2010-08-13,2.0000,2.0400,2.0600,2.0000
2010-08-16,2.0300,2.0000,2.0300,1.9700
2010-08-17,2.0400,2.0400,2.0700,2.0300
2010-08-18,2.0800,2.0300,2.0800,2.0100
2010-08-19,2.0500,2.0700,2.0800,2.0400
2010-08-20,2.0400,2.0300,2.0600,2.0300
2010-08-23,2.0400,2.0400,2.0600,2.0200
2010-08-24,2.0200,2.0000,2.0500,2.0000
2010-08-25,2.0300,2.0200,2.0400,1.9700
2010-08-26,2.0600,2.0500,2.1000,2.0300
2010-08-27,2.0300,2.0600,2.0600,2.0000
2010-08-30,2.0000,2.0200,2.0400,1.9900
2010-08-31,2.0200,1.9800,2.0200,1.9700
2010-09-01,2.1000,2.0300,2.1400,2.0200
2010-09-02,2.1000,2.1200,2.1200,2.0800
2010-09-03,2.1000,2.1200,2.1200,2.0700
2010-09-07,2.0600,2.0800,2.1000,2.0500
2010-09-08,2.0100,2.0600,2.0700,1.9800
2010-09-09,1.9700,2.0100,2.0300,1.9500
2010-09-10,1.8600,1.9500,1.9700,1.8400
2010-09-13,1.9000,1.8800,1.9100,1.8800
2010-09-14,1.9900,1.8800,2.0200,1.8600
2010-09-15,1.9100,1.9800,2.0100,1.8900
2010-09-16,1.9300,1.9000,1.9700,1.9000
2010-09-17,2.0000,1.9400,2.0300,1.9300
2010-09-20,2.0600,2.0100,2.1000,1.9800
2010-09-21,2.0800,2.0800,2.1900,2.0400
2010-09-22,2.0800,2.0800,2.1500,2.0700
2010-09-23,2.1300,2.0600,2.1700,2.0200
2010-09-24,2.1600,2.1400,2.1800,2.1300
2010-09-27,2.1900,2.2000,2.2100,2.1700
2010-09-28,2.2300,2.2100,2.2400,2.1800
2010-09-29,2.2300,2.2300,2.2500,2.2100
2010-09-30,2.2500,2.2400,2.3000,2.2300
2010-10-01,2.2600,2.2600,2.2700,2.2300
2010-10-04,2.2300,2.2600,2.2600,2.1900
2010-10-05,2.2500,2.2400,2.2600,2.2300
2010-10-06,2.2300,2.2400,2.2700,2.1800
2010-10-07,2.2900,2.2300,2.3000,2.2300
2010-10-08,2.2200,2.2700,2.2700,2.2100
2010-10-11,2.2300,2.2300,2.2500,2.2100
2010-10-12,2.2000,2.2400,2.2400,2.1700
2010-10-13,2.2000,2.2200,2.2200,2.1500
2010-10-14,2.2400,2.2000,2.2500,2.1800
2010-10-15,2.2700,2.2500,2.2700,2.1900
2010-10-18,2.2700,2.2800,2.2800,2.2400
2010-10-19,2.2400,2.2400,2.2700,2.2100
2010-10-20,2.2100,2.2500,2.2700,2.2100
2010-10-21,2.1900,2.2200,2.2200,2.1900
2010-10-22,2.2500,2.2000,2.2500,2.1900
2010-10-25,2.2900,2.2500,2.3100,2.2400
2010-10-26,2.3400,2.2800,2.3500,2.2600
2010-10-27,2.3700,2.3400,2.3800,2.3200
2010-10-28,2.3400,2.4000,2.4000,2.3100
2010-10-29,2.4700,2.3500,2.5000,2.3400
2010-11-01,2.3800,2.4500,2.4700,2.3800
2010-11-02,2.4100,2.4100,2.4400,2.3900
2010-11-03,2.4700,2.4100,2.4800,2.4000
2010-11-04,2.5300,2.5000,2.5400,2.4700
2010-11-05,2.5400,2.5400,2.5700,2.5200
2010-11-08,2.5200,2.5200,2.5600,2.4900
2010-11-09,2.4800,2.5300,2.5400,2.4800
2010-11-10,2.4600,2.4800,2.4900,2.4400
2010-11-11,2.4800,2.4400,2.5100,2.3800
2010-11-12,2.5700,2.4800,2.5800,2.4600
2010-11-15,2.5200,2.6000,2.6000,2.5100
2010-11-16,2.4900,2.5000,2.5100,2.4400
2010-11-17,2.4600,2.4900,2.5200,2.4500
2010-11-18,2.5100,2.4800,2.5200,2.4700
2010-11-19,2.5300,2.4900,2.5300,2.4800
2010-11-22,2.6000,2.5300,2.6000,2.5300
2010-11-23,2.6000,2.5900,2.6100,2.5700
2010-11-24,2.6300,2.6100,2.6400,2.6100
2010-11-26,2.7000,2.6200,2.7100,2.6200
2010-11-29,2.6900,2.7100,2.7100,2.6400
2010-11-30,2.6100,2.6900,2.7300,2.6100
2010-12-01,2.6900,2.6500,2.7000,2.6300
2010-12-02,2.8400,2.7000,2.8500,2.6800
2010-12-03,2.6500,2.8000,2.8000,2.6500
2010-12-06,2.6900,2.6900,2.6900,2.6300
2010-12-07,2.4900,2.4800,2.5300,2.4500
2010-12-08,2.5400,2.5000,2.5700,2.4900
2010-12-09,2.6400,2.5700,2.6500,2.5600
2010-12-10,2.6400,2.6700,2.6700,2.6200
2010-12-13,2.6600,2.6600,2.6700,2.6300
2010-12-14,2.6300,2.6700,2.6700,2.6000
2010-12-15,2.6400,2.6300,2.6900,2.5900
2010-12-16,2.7600,2.6600,2.7700,2.6400
2010-12-17,2.8200,2.7700,2.8400,2.7500
2010-12-20,2.7800,2.7900,2.8400,2.7700
2010-12-21,2.7900,2.7900,2.8100,2.7700
2010-12-22,2.8100,2.7900,2.8200,2.7400
2010-12-23,2.8100,2.8100,2.8500,2.7900
2010-12-27,2.8800,2.8100,2.8900,2.7800
2010-12-28,2.8300,2.8800,2.8800,2.8200
2010-12-29,2.8600,2.8500,2.8700,2.8100
2010-12-30,2.8900,2.8600,2.8900,2.8300
2010-12-31,2.8400,2.8900,2.8900,2.8300
2011-01-03,2.7800,2.8700,2.8700,2.7700
2011-01-04,2.8000,2.7800,2.8300,2.7000
2011-01-05,2.8000,2.7900,2.8200,2.7700
2011-01-06,2.8500,2.8000,2.8500,2.7800
2011-01-07,2.8300,2.8500,2.8500,2.7800
2011-01-10,2.8900,2.8300,2.9100,2.7900
2011-01-11,2.9200,2.9100,2.9300,2.8800
2011-01-12,2.8200,2.9300,2.9300,2.8000
2011-01-13,2.8300,2.8400,2.8700,2.8000
2011-01-14,2.9000,2.8300,2.9100,2.8000
2011-01-18,2.7700,2.7700,2.7900,2.7200
2011-01-19,2.7800,2.8000,2.8500,2.7500
2011-01-20,2.7700,2.7700,2.7800,2.7300
2011-01-21,2.7800,2.8000,2.8200,2.7700
2011-01-24,2.8100,2.8200,2.8200,2.7600
2011-01-25,2.8000,2.8100,2.8100,2.7400
2011-01-26,2.8300,2.8100,2.8400,2.7800
2011-01-27,2.9200,2.8400,2.9400,2.8400
2011-01-28,2.8100,2.9300,2.9400,2.7900
2011-01-31,2.8700,2.8000,2.8900,2.7900
2011-02-01,2.9100,2.8900,2.9500,2.8800
2011-02-02,2.8800,2.9000,2.9400,2.8700
2011-02-03,2.9400,2.8800,2.9600,2.8600
2011-02-04,3.1200,2.9800,3.1200,2.9700
2011-02-07,3.0800,3.1200,3.1500,3.0600
2011-02-08,3.1900,3.1400,3.2300,3.1000
2011-02-09,3.2800,3.1900,3.2900,3.1700
2011-02-10,3.2500,3.3000,3.3000,3.2100
2011-02-11,3.3300,3.2500,3.3300,3.2300
2011-02-14,3.4000,3.3600,3.4400,3.3600
2011-02-15,3.3700,3.3900,3.4300,3.3400
2011-02-16,3.4400,3.3900,3.4600,3.3800
2011-02-17,3.3600,3.4300,3.4400,3.3300
2011-02-18,3.3800,3.3800,3.4100,3.3600
2011-02-22,3.2600,3.3200,3.3200,3.2100
2011-02-23,3.1300,3.3000,3.3000,3.0900
2011-02-24,3.4000,3.1900,3.4100,3.1700
2011-02-25,3.4400,3.4200,3.4600,3.3800
2011-02-28,3.4000,3.4300,3.4500,3.3500
2011-03-01,3.2100,3.2300,3.2500,3.1800
2011-03-02,3.2500,3.2100,3.2500,3.2000
2011-03-03,3.3000,3.2800,3.3100,3.2300
2011-03-04,3.2800,3.3100,3.3100,3.2500
2011-03-07,3.2000,3.3000,3.3000,3.1600
2011-03-08,3.2400,3.1900,3.2500,3.1600
2011-03-09,3.1000,3.1700,3.1900,3.0900
2011-03-10,3.1000,3.0800,3.1100,3.0200
2011-03-11,3.1200,3.1000,3.1500,3.0700
2011-03-14,3.1000,3.1100,3.1200,3.0700
2011-03-15,3.1100,3.0200,3.1300,2.9800
2011-03-16,2.9600,3.1000,3.1100,2.9400
2011-03-17,2.9300,3.0300,3.0300,2.8300
2011-03-18,3.0300,3.0100,3.0500,2.9900
2011-03-21,3.1000,3.0800,3.1200,3.0600
2011-03-22,3.0700,3.1200,3.1300,3.0400
2011-03-23,3.1000,3.0700,3.1000,3.0400
2011-03-24,3.1100,3.1300,3.1300,3.0600
2011-03-25,3.0800,3.1200,3.1200,3.0800
2011-03-28,3.1000,3.0900,3.1500,3.0700
2011-03-29,3.1000,3.1100,3.1100,3.0600
2011-03-30,3.1500,3.1500,3.1600,3.0600
2011-03-31,3.1100,3.1500,3.1800,3.0800
2011-04-01,3.1500,3.1500,3.1900,3.1100
2011-04-04,3.0600,3.1600,3.1600,3.0000
2011-04-05,3.1700,3.0800,3.2400,3.0600
2011-04-06,3.2800,3.2100,3.2900,3.1700
2011-04-07,3.2500,3.2900,3.3000,3.2300
2011-04-08,3.2600,3.2900,3.3100,3.2300
2011-04-11,3.2200,3.2300,3.2600,3.1700
2011-04-12,3.1400,3.2000,3.2200,3.0900
2011-04-13,3.1800,3.1900,3.2300,3.1300
2011-04-14,3.1100,3.1500,3.1800,3.0700
2011-04-15,3.1700,3.1000,3.1800,3.0600
2011-04-18,3.1600,3.1400,3.1700,3.0500
2011-04-19,3.1800,3.1600,3.2000,3.1400
2011-04-20,3.2600,3.2200,3.2600,3.1900
2011-04-21,3.2600,3.2900,3.3100,3.2500
2011-04-25,3.2200,3.2500,3.2700,3.2000
2011-04-26,3.2300,3.2600,3.2600,3.1900
2011-04-27,3.3400,3.2300,3.3500,3.2200
2011-04-28,3.2900,3.3300,3.3800,3.2900
2011-04-29,3.3500,3.2900,3.3500,3.2700
2011-05-02,3.3100,3.3700,3.3700,3.2900
2011-05-03,3.2200,3.3300,3.3400,3.2100
2011-05-04,3.2500,3.2300,3.2600,3.1900
2011-05-05,3.3200,3.2500,3.3400,3.2100
2011-05-06,3.4900,3.3800,3.5000,3.3600
2011-05-09,3.5500,3.5000,3.5600,3.4600
2011-05-10,3.5800,3.5800,3.6200,3.5600
2011-05-11,3.5900,3.5800,3.6100,3.5500
2011-05-12,3.5100,3.6000,3.6100,3.4800
2011-05-13,3.4900,3.5100,3.5400,3.4900
2011-05-16,3.4300,3.4700,3.5000,3.4100
2011-05-17,3.4300,3.4100,3.4400,3.3800
2011-05-18,3.4600,3.4400,3.4800,3.3700
2011-05-19,3.4800,3.4700,3.5100,3.4600
2011-05-20,3.4400,3.4800,3.5200,3.4300
2011-05-23,3.2000,3.3900,3.3900,3.1800
2011-05-24,3.1700,3.2100,3.2300,3.1500
2011-05-25,3.4500,3.2800,3.4700,3.2600
2011-05-26,3.4700,3.4500,3.4800,3.3700
2011-05-27,3.5000,3.4800,3.5100,3.4200
2011-05-31,3.3800,3.3900,3.4100,3.3500
2011-06-01,3.3800,3.3800,3.4200,3.3700
2011-06-02,3.3500,3.3800,3.4200,3.3000
2011-06-03,3.3900,3.3700,3.4100,3.3100
2011-06-06,3.3300,3.4000,3.4000,3.3300
2011-06-07,3.4000,3.3800,3.4200,3.3400
2011-06-08,3.3400,3.3800,3.4200,3.3300
2011-06-09,3.4200,3.4300,3.4600,3.3800
2011-06-10,3.3800,3.4300,3.4400,3.3400
2011-06-13,3.3500,3.3800,3.4300,3.3000
2011-06-14,3.4200,3.3800,3.4500,3.3800
2011-06-15,3.3600,3.4100,3.4300,3.3500
2011-06-16,3.3400,3.3400,3.3500,3.2700
2011-06-17,3.2500,3.3700,3.3800,3.2200
2011-06-20,3.2700,3.2500,3.3100,3.2200
2011-06-21,3.4100,3.3000,3.4400,3.2900
2011-06-22,3.6000,3.4000,3.6300,3.3500
2011-06-23,3.5800,3.5500,3.6100,3.4800
2011-06-24,3.5500,3.5800,3.5800,3.5000
2011-06-27,3.5400,3.5600,3.6000,3.5000
2011-06-28,3.6900,3.5800,3.7400,3.5800
2011-06-29,3.7700,3.7300,3.7800,3.6600
2011-06-30,3.8000,3.7800,3.8700,3.7100
2011-07-01,3.8700,3.8200,3.9000,3.8200
2011-07-05,3.9000,3.8800,3.9100,3.8500
2011-07-06,3.9100,3.8700,3.9100,3.8300
2011-07-07,3.8700,3.9100,3.9400,3.8500
2011-07-08,3.8000,3.8200,3.8200,3.7000
2011-07-11,3.7400,3.7400,3.8100,3.7100
2011-07-12,3.5400,3.7200,3.7200,3.5000
2011-07-13,3.5400,3.5800,3.6300,3.5000
2011-07-14,3.5200,3.5400,3.6500,3.5100
2011-07-15,3.5500,3.5400,3.6000,3.5000
2011-07-18,3.5000,3.5300,3.5700,3.4400
2011-07-19,3.6200,3.5300,3.6500,3.5100
2011-07-20,3.6100,3.6300,3.7000,3.5900
2011-07-21,3.6800,3.5900,3.7200,3.5700
2011-07-22,3.7100,3.6700,3.7400,3.6300
2011-07-25,3.6100,3.6600,3.6600,3.5900
2011-07-26,3.6700,3.6300,3.6900,3.6200
2011-07-27,3.3600,3.6500,3.6700,3.3400
2011-07-28,3.4600,3.3900,3.4800,3.2400
2011-07-29,3.3600,3.3600,3.4300,3.2800
2011-08-01,3.3200,3.4000,3.4100,3.2900
2011-08-02,3.2100,3.2900,3.3800,3.2000
2011-08-03,3.2800,3.2100,3.2800,3.1300
2011-08-04,3.0900,3.2200,3.2500,3.0900
2011-08-05,2.9300,3.1300,3.2500,2.9100
2011-08-08,2.7200,2.8600,2.9000,2.6400
2011-08-09,2.9600,2.7700,2.9700,2.7400
2011-08-10,2.9200,2.9300,3.0400,2.8600
2011-08-11,3.0700,2.9600,3.1200,2.9600
2011-08-12,3.1000,3.1500,3.2000,3.0900
2011-08-15,3.1600,3.1200,3.2400,3.1200
2011-08-16,3.1000,3.1300,3.1700,3.0700
2011-08-17,3.0700,3.1300,3.2000,3.0600
2011-08-18,2.8600,2.9800,2.9900,2.8300
2011-08-19,2.8300,2.8600,2.9800,2.8100
2011-08-22,2.7600,2.8800,2.8900,2.7300
2011-08-23,2.9300,2.7800,2.9300,2.7300
2011-08-24,3.2300,3.2000,3.3500,3.1400
2011-08-25,3.0900,3.2100,3.2300,3.0800
2011-08-26,3.1500,3.0600,3.1500,2.9700
2011-08-29,3.2900,3.2000,3.2900,3.1700
2011-08-30,3.3100,3.2500,3.3800,3.2300
2011-08-31,3.3100,3.3300,3.4500,3.2700
2011-09-01,3.1600,3.3000,3.3100,3.1500
2011-09-02,3.1100,3.0800,3.1500,3.0500
2011-09-06,3.1500,3.0500,3.1500,3.0200
2011-09-07,3.2700,3.2200,3.3200,3.2100
2011-09-08,3.3100,3.2200,3.3300,3.2100
2011-09-09,3.2300,3.2700,3.3300,3.2000
2011-09-12,3.3500,3.1900,3.3700,3.1800
2011-09-13,3.4300,3.3500,3.4500,3.3100
2011-09-14,3.6600,3.4500,3.6800,3.4400
2011-09-15,3.6700,3.6800,3.7600,3.6200
2011-09-16,3.6500,3.6600,3.6900,3.5900
2011-09-19,3.7300,3.6000,3.8000,3.5400
2011-09-20,3.6300,3.7500,3.7800,3.6300
2011-09-21,3.6000,3.6500,3.8000,3.5900
2011-09-22,3.4000,3.4800,3.5000,3.3000
2011-09-23,3.4800,3.3900,3.5000,3.3400
2011-09-26,3.4100,3.4800,3.5100,3.3600
2011-09-27,3.4500,3.4700,3.5200,3.4400
2011-09-28,3.3000,3.3000,3.3600,3.2900
2011-09-29,3.3200,3.3300,3.3600,3.2300
2011-09-30,3.2800,3.3100,3.3400,3.2400
2011-10-03,3.1900,3.2800,3.3200,3.1700
2011-10-04,3.2300,3.1900,3.2700,3.0900
2011-10-05,3.2600,3.2300,3.2700,3.1600
2011-10-06,3.2900,3.2700,3.3100,3.2300
2011-10-07,3.2900,3.3100,3.3400,3.2500
2011-10-10,3.3700,3.3000,3.4100,3.3000
2011-10-11,3.3300,3.3600,3.3900,3.3000
2011-10-12,3.3700,3.3500,3.3900,3.2900
2011-10-13,3.4100,3.3400,3.4900,3.3300
2011-10-14,3.5700,3.5000,3.5800,3.4800
2011-10-17,3.5100,3.5400,3.5700,3.4800
2011-10-18,3.5800,3.4900,3.6000,3.4900
2011-10-19,3.4600,3.5400,3.5400,3.4500
2011-10-20,3.4000,3.4500,3.4800,3.3100
2011-10-21,3.3800,3.4300,3.4500,3.3400
2011-10-24,3.5400,3.4100,3.5600,3.4000
2011-10-25,3.4400,3.4800,3.5400,3.4400
2011-10-26,3.3800,3.4800,3.5100,3.3600
2011-10-27,3.3800,3.4100,3.4800,3.3500
2011-10-28,3.3600,3.3700,3.4000,3.1100
2011-10-31,3.3800,3.3000,3.4200,3.3000
2011-11-01,3.3000,3.2700,3.3400,3.2300
2011-11-02,3.2600,3.3400,3.3500,3.2400
2011-11-03,3.4300,3.3500,3.4500,3.2800
2011-11-04,3.4400,3.3600,3.4700,3.3600
2011-11-07,3.4600,3.4300,3.4600,3.3600
2011-11-08,3.4700,3.4700,3.4900,3.3900
2011-11-09,3.3200,3.4000,3.4500,3.3100
2011-11-10,3.3100,3.3700,3.3800,3.2900
2011-11-11,3.4300,3.3300,3.4400,3.3200
2011-11-14,3.3100,3.4100,3.4300,3.2800
2011-11-15,3.3000,3.3000,3.3500,3.2700
2011-11-16,3.2100,3.2800,3.3300,3.1900
2011-11-17,3.1200,3.2000,3.2100,3.1000
2011-11-18,2.9900,3.1500,3.1600,2.9500
2011-11-21,2.9400,2.9400,2.9700,2.8800
2011-11-22,2.9400,2.9600,3.0200,2.9100
2011-11-23,2.9000,2.9000,2.9400,2.8700
2011-11-25,2.8400,2.9000,2.9100,2.8300
2011-11-28,2.8600,2.9300,2.9500,2.8100
2011-11-29,2.8900,2.8700,2.9400,2.8500
2011-11-30,2.9900,2.9400,3.0100,2.9000
2011-12-01,2.9900,2.9800,3.0400,2.9100
2011-12-02,3.1200,3.0300,3.1600,3.0200
2011-12-05,3.1000,3.1500,3.1900,3.0800
2011-12-06,3.0800,3.0900,3.1200,3.0100
2011-12-07,3.1200,3.0600,3.1400,3.0400
2011-12-08,3.0700,3.1200,3.1600,3.0600
2011-12-09,3.0600,3.0000,3.0600,2.9800
2011-12-12,2.9500,2.8600,2.9600,2.7600
2011-12-13,2.9200,2.9500,3.0100,2.9100
2011-12-14,2.8700,2.9000,2.9400,2.8300
2011-12-15,2.8600,2.8900,2.9200,2.8600
2011-12-16,2.8800,2.8900,2.9200,2.8200
2011-12-19,2.7500,2.8800,2.8800,2.7400
2011-12-20,2.8800,2.7900,2.9000,2.7900
2011-12-21,2.7900,2.8800,2.9100,2.7500
2011-12-22,2.9000,2.8000,2.9100,2.7900
2011-12-23,2.9400,2.9200,2.9600,2.8800
2011-12-27,2.9300,2.9300,2.9500,2.9000
2011-12-28,2.8700,2.9400,2.9400,2.8700
2011-12-29,2.9100,2.8800,2.9200,2.8800
2011-12-30,2.8900,2.9000,2.9200,2.8700
2012-01-03,2.8900,2.9500,3.0200,2.8900
2012-01-04,2.8500,2.8900,2.9100,2.8100
2012-01-05,2.8500,2.8500,2.8800,2.8200
2012-01-06,2.8300,2.8400,2.8500,2.8000
2012-01-09,3.0200,2.9300,3.0400,2.9200
2012-01-10,3.0600,3.0500,3.1100,3.0400
2012-01-11,3.1200,3.0700,3.1700,3.0600
2012-01-12,3.1700,3.1200,3.1900,3.0800
2012-01-13,3.1600,3.1500,3.2000,3.1200
2012-01-17,3.1700,3.1700,3.2300,3.1500
2012-01-18,3.3900,3.3000,3.5000,3.2800
2012-01-19,3.3600,3.3900,3.4400,3.3600
2012-01-20,3.3800,3.3500,3.4000,3.3300
2012-01-23,3.3700,3.3800,3.3900,3.3300
2012-01-24,3.3900,3.3600,3.4200,3.3600
2012-01-25,3.4000,3.4600,3.4600,3.3700
2012-01-26,3.4100,3.4000,3.4400,3.3800
2012-01-27,3.4000,3.3800,3.4500,3.3800
2012-01-30,3.3700,3.3600,3.4000,3.3300
2012-01-31,3.3900,3.4000,3.4100,3.3400
2012-02-01,3.4600,3.4400,3.4900,3.4100
2012-02-02,3.5000,3.4800,3.5200,3.4800
2012-02-03,3.5100,3.5300,3.5500,3.5000
2012-02-06,3.4300,3.5000,3.5000,3.4100
2012-02-07,3.4600,3.4300,3.4600,3.4000
2012-02-08,3.4900,3.4600,3.5000,3.4400
2012-02-09,3.5100,3.5000,3.5300,3.4800
2012-02-10,3.4500,3.4600,3.5400,3.4400
2012-02-13,3.4800,3.4800,3.5200,3.4000
2012-02-14,3.4500,3.4600,3.4900,3.4200
2012-02-15,3.5000,3.4900,3.5500,3.4800
2012-02-16,3.5900,3.5000,3.5900,3.4700
2012-02-17,3.5200,3.5700,3.5800,3.4800
2012-02-21,3.5500,3.5500,3.5900,3.5300
2012-02-22,3.5900,3.5300,3.6300,3.5300
2012-02-23,3.7200,3.5800,3.7300,3.5700
2012-02-24,3.6300,3.7300,3.7400,3.6200
2012-02-27,3.7000,3.6200,3.7200,3.5500
2012-02-28,3.7000,3.6800,3.7400,3.6600
2012-02-29,3.7600,3.6900,3.7700,3.6700
2012-03-01,3.7300,3.7700,3.7800,3.7200
2012-03-02,3.6600,3.7300,3.7300,3.6300
2012-03-05,3.5400,3.6500,3.6500,3.5300
2012-03-06,3.5300,3.4700,3.5500,3.4600
2012-03-07,3.5800,3.5500,3.6000,3.5300
2012-03-08,3.6400,3.6300,3.6800,3.6100
2012-03-09,3.6800,3.6500,3.6800,3.6000
2012-03-12,3.6600,3.6700,3.6900,3.6100
2012-03-13,3.7600,3.6900,3.7700,3.6900
2012-03-14,3.7100,3.7600,3.8400,3.7000
2012-03-15,3.7800,3.7100,3.7800,3.6900
2012-03-16,3.7900,3.7800,3.8800,3.7700
2012-03-19,3.8100,3.7800,3.8200,3.7600
2012-03-20,3.8000,3.7700,3.8100,3.7500
2012-03-21,3.8400,3.8100,3.8600,3.7900
2012-03-22,3.7900,3.8200,3.8300,3.7900
2012-03-23,3.8100,3.7800,3.8200,3.7500
2012-03-26,3.8800,3.8500,3.8800,3.8000
2012-03-27,3.8800,3.8700,3.9000,3.8400
2012-03-28,3.8000,3.8800,3.8900,3.7800
2012-03-29,3.8300,3.7700,3.8400,3.7500
2012-03-30,3.9000,3.8500,3.9200,3.8100
2012-04-02,3.8700,3.8900,3.9000,3.8100
2012-04-03,3.8400,3.8600,3.9000,3.8100
2012-04-04,3.7400,3.8100,3.8100,3.7100
2012-04-05,3.7600,3.7500,3.8000,3.7300
2012-04-09,3.7600,3.7200,3.7700,3.7100
2012-04-10,3.6800,3.7400,3.7700,3.6600
2012-04-11,3.7500,3.7100,3.8200,3.6900
2012-04-12,3.8100,3.7600,3.8500,3.7500
2012-04-13,3.7300,3.7900,3.7900,3.7200
2012-04-16,3.7100,3.7400,3.7600,3.7000
2012-04-17,3.7700,3.7400,3.7900,3.7200
2012-04-18,3.7500,3.7500,3.7800,3.7100
2012-04-19,3.5700,3.7000,3.7200,3.5600
2012-04-20,3.4300,3.5800,3.5800,3.3600
2012-04-23,3.3200,3.3800,3.3800,3.3100
2012-04-24,3.2700,3.3200,3.3300,3.2400
2012-04-25,3.5000,3.4500,3.5300,3.4200
2012-04-26,3.5100,3.4700,3.5200,3.4400
2012-04-27,3.4600,3.5100,3.5300,3.4500
2012-04-30,3.4500,3.4400,3.4600,3.4100
2012-05-01,3.4500,3.4500,3.5000,3.4200
2012-05-02,3.4800,3.4100,3.4900,3.3900
2012-05-03,3.3400,3.4700,3.4700,3.3300
2012-05-04,3.1600,3.2900,3.3400,3.1600
2012-05-07,3.1300,3.1600,3.2000,3.1200
2012-05-08,3.1500,3.1100,3.1700,3.0900
2012-05-09,3.1100,3.1200,3.1200,3.0700
2012-05-10,3.0900,3.1200,3.1300,3.0600
2012-05-11,3.0900,3.0700,3.1200,3.0600
2012-05-14,3.1100,3.0700,3.1500,3.0500
2012-05-15,3.1000,3.1200,3.1700,3.0900
2012-05-16,3.0800,3.1100,3.1700,3.0700
2012-05-17,3.0100,3.0700,3.0900,3.0000
2012-05-18,3.0000,3.0200,3.0200,2.9700
2012-05-21,3.0900,3.0000,3.0900,2.9700
2012-05-22,3.1300,3.0900,3.1400,3.0800
2012-05-23,3.3500,3.1700,3.3600,3.1500
2012-05-24,3.2500,3.3500,3.3500,3.2400
2012-05-25,3.3100,3.2600,3.3400,3.2600
2012-05-29,3.4400,3.3500,3.4500,3.3200
2012-05-30,3.3100,3.4000,3.4000,3.2900
2012-05-31,3.3100,3.3300,3.3400,3.2500
2012-06-01,3.1000,3.2400,3.2700,3.0900
2012-06-04,3.0500,3.1200,3.1700,3.0200
2012-06-05,3.1400,3.0600,3.1500,3.0400
2012-06-06,3.3000,3.1800,3.3000,3.1600
2012-06-07,3.2900,3.3400,3.3500,3.2900
2012-06-08,3.3800,3.2800,3.4000,3.2500
2012-06-11,3.3200,3.4100,3.4300,3.3100
2012-06-12,3.3900,3.3300,3.4200,3.3300
2012-06-13,3.4000,3.3900,3.4500,3.3700
2012-06-14,3.3300,3.3800,3.3800,3.2700
2012-06-15,3.4100,3.3400,3.4300,3.3300
2012-06-18,3.4800,3.4000,3.5100,3.3800
2012-06-19,3.4700,3.4900,3.5000,3.4400
2012-06-20,3.5300,3.4800,3.5500,3.4800
2012-06-21,3.4500,3.5200,3.5400,3.4400
2012-06-22,3.4800,3.4500,3.5000,3.4400
2012-06-25,3.4200,3.4400,3.4600,3.4000
2012-06-26,3.4400,3.4300,3.4600,3.4000
2012-06-27,3.4900,3.4400,3.5100,3.4300
2012-06-28,3.4300,3.4500,3.4700,3.3900
2012-06-29,3.5900,3.5000,3.5900,3.5000
2012-07-02,3.5500,3.5800,3.6200,3.5300
2012-07-03,3.5700,3.5600,3.5800,3.5400
2012-07-05,3.5600,3.5700,3.6000,3.5500
2012-07-06,3.4500,3.5500,3.5500,3.4100
2012-07-09,3.3300,3.4500,3.4600,3.3100
2012-07-10,3.3400,3.3600,3.4100,3.3300
2012-07-11,3.3100,3.3400,3.3500,3.2900
2012-07-12,3.2600,3.2900,3.3000,3.2100
2012-07-13,3.3100,3.2500,3.3300,3.2500
2012-07-16,3.2700,3.3000,3.3100,3.2400
2012-07-17,3.3000,3.3100,3.3200,3.2600
2012-07-18,3.3800,3.3000,3.4000,3.2900
2012-07-19,3.6000,3.4500,3.6400,3.4400
2012-07-20,3.5300,3.6000,3.6000,3.5200
2012-07-23,3.4500,3.4600,3.4800,3.3700
2012-07-24,3.4200,3.4700,3.5100,3.3800
2012-07-25,3.4200,3.4100,3.4800,3.3800
2012-07-26,3.5400,3.5000,3.5700,3.5000
2012-07-27,3.6100,3.5800,3.6500,3.5600
2012-07-30,3.6000,3.6300,3.6700,3.5700
2012-07-31,3.6900,3.6200,3.7600,3.6200
2012-08-01,3.6700,3.7100,3.7100,3.6400
2012-08-02,3.6500,3.6300,3.7100,3.6100
2012-08-03,3.7100,3.7100,3.7500,3.6700
2012-08-06,3.7100,3.7200,3.7400,3.7000
2012-08-07,3.7400,3.7300,3.7600,3.7100
2012-08-08,3.7500,3.7500,3.7700,3.7300
2012-08-09,3.7300,3.7000,3.7600,3.7000
2012-08-10,3.7100,3.7200,3.7400,3.6800
2012-08-13,3.6300,3.7100,3.7100,3.6100
2012-08-14,3.6200,3.6700,3.6800,3.6000
2012-08-15,3.6600,3.6000,3.6600,3.6000
2012-08-16,3.6900,3.6700,3.7100,3.6700
2012-08-17,3.6800,3.7700,3.7900,3.6400
2012-08-20,3.6000,3.6900,3.6900,3.5400
2012-08-21,3.6400,3.6000,3.6600,3.5700
2012-08-22,3.6500,3.6200,3.6700,3.6000
2012-08-23,3.6000,3.6200,3.6300,3.5700
2012-08-24,3.6000,3.6000,3.6300,3.5800
2012-08-27,3.5800,3.6100,3.6100,3.5600
2012-08-28,3.6300,3.5800,3.6400,3.5700
2012-08-29,3.6600,3.6400,3.6900,3.6200
2012-08-30,3.6000,3.6500,3.6500,3.5800
2012-08-31,3.6600,3.6300,3.6800,3.5900
2012-09-04,3.5900,3.6400,3.6600,3.5300
2012-09-05,3.5200,3.5600,3.5600,3.5000
2012-09-06,3.6600,3.5600,3.6800,3.5200
2012-09-07,3.6200,3.6700,3.6800,3.6100
2012-09-10,3.5000,3.6000,3.6200,3.5000
2012-09-11,3.5000,3.5000,3.5600,3.4800
2012-09-12,3.5200,3.5200,3.5500,3.5000
2012-09-13,3.5100,3.5300,3.5400,3.4400
2012-09-14,3.5100,3.5100,3.5500,3.4700
2012-09-17,3.5300,3.5200,3.5400,3.4900
2012-09-18,3.5200,3.5100,3.5200,3.4600
2012-09-19,3.5000,3.5100,3.5400,3.4800
2012-09-20,3.3800,3.4600,3.4900,3.3200
2012-09-21,3.5500,3.4300,3.6100,3.4300
2012-09-24,3.4600,3.5000,3.5100,3.4200
2012-09-25,3.3000,3.4600,3.5000,3.2900
2012-09-26,3.3500,3.2700,3.3500,3.2400
2012-09-27,3.4900,3.3200,3.5000,3.3000
2012-09-28,3.4900,3.4400,3.5000,3.4100
2012-10-01,3.4700,3.5100,3.5500,3.4600
2012-10-02,3.4400,3.4900,3.4900,3.4100
2012-10-03,3.4600,3.4500,3.5000,3.4400
2012-10-04,3.4400,3.4600,3.4600,3.4000
2012-10-05,3.4400,3.4700,3.5300,3.4200
2012-10-08,3.3900,3.4000,3.4200,3.3700
2012-10-09,3.3600,3.3500,3.3700,3.3000
2012-10-10,3.2600,3.3700,3.3700,3.2500
2012-10-11,3.2900,3.3000,3.3500,3.2600
2012-10-12,3.3000,3.2700,3.3000,3.2500
2012-10-15,3.3200,3.3100,3.3400,3.2800
2012-10-16,3.4400,3.3300,3.4600,3.3200
2012-10-17,3.4100,3.4100,3.4600,3.3900
2012-10-18,3.4000,3.4100,3.4400,3.3800
2012-10-19,3.3200,3.4100,3.4200,3.2900
2012-10-22,3.3400,3.3500,3.3700,3.3000
2012-10-23,3.3200,3.3000,3.3300,3.2800
2012-10-24,3.2700,3.3500,3.3600,3.2600
2012-10-25,3.3700,3.3100,3.3700,3.3000
2012-10-26,3.3800,3.3700,3.4000,3.3400
2012-10-31,3.3000,3.3600,3.3700,3.2800
2012-11-01,3.4500,3.3300,3.4600,3.3100
2012-11-02,3.4000,3.4700,3.4800,3.3900
2012-11-05,3.4300,3.3000,3.4400,3.3000
2012-11-06,3.5300,3.4300,3.5300,3.4200
2012-11-07,3.4000,3.4800,3.5100,3.3900
2012-11-08,3.3800,3.5000,3.5000,3.3800
2012-11-09,3.3500,3.4000,3.4000,3.3400
2012-11-12,3.3600,3.3600,3.3800,3.3200
2012-11-13,3.3300,3.3300,3.3800,3.3200
2012-11-14,3.3000,3.3700,3.3900,3.2900
2012-11-15,3.2300,3.3100,3.3200,3.2100
2012-11-16,3.1900,3.2200,3.2400,3.1700
2012-11-19,3.2700,3.2300,3.2800,3.2000
2012-11-20,3.2800,3.3300,3.3500,3.2500
2012-11-21,3.2800,3.2800,3.3000,3.2500
2012-11-23,3.3500,3.3000,3.3700,3.2900
2012-11-26,3.4000,3.3800,3.4200,3.3400
2012-11-27,3.4100,3.3900,3.4500,3.3600
2012-11-28,3.4600,3.3600,3.4600,3.3600
2012-11-29,3.5100,3.4900,3.5400,3.4700
2012-11-30,3.5100,3.4600,3.5400,3.3900
2012-12-03,3.4800,3.5400,3.5600,3.4600
2012-12-04,3.4900,3.4800,3.5200,3.4700
2012-12-05,3.4500,3.5000,3.5200,3.4500
2012-12-06,3.5100,3.4500,3.5200,3.4500
2012-12-07,3.4200,3.4200,3.4600,3.4000
2012-12-10,3.4400,3.4400,3.4500,3.4100
2012-12-11,3.4600,3.4700,3.4900,3.4300
2012-12-12,3.4600,3.4800,3.4900,3.4400
2012-12-13,3.3700,3.5000,3.5000,3.3600
2012-12-14,3.1100,3.3200,3.3300,3.0500
2012-12-17,3.2000,3.1400,3.2000,3.1000
2012-12-18,3.2300,3.2200,3.2500,3.1700
2012-12-19,3.2000,3.2300,3.2500,3.1900
2012-12-20,3.1900,3.2100,3.2200,3.1400
2012-12-21,3.1400,3.1100,3.1600,3.1000
2012-12-24,3.1200,3.1300,3.1300,3.1000
2012-12-26,3.0900,3.1200,3.1600,3.0800
2012-12-27,3.1400,3.1100,3.1500,3.0700
2012-12-28,3.1200,3.1100,3.1500,3.1000
2012-12-31,3.1700,3.1300,3.1800,3.1000
2013-01-02,3.2500,3.2400,3.3100,3.2200
2013-01-03,3.2700,3.2300,3.3000,3.2300
2013-01-04,3.2500,3.2700,3.2800,3.2200
2013-01-07,3.2300,3.2400,3.2500,3.2100
2013-01-08,3.2100,3.2500,3.2700,3.2100
2013-01-09,3.2800,3.2500,3.3000,3.2400
2013-01-10,3.3500,3.3500,3.3600,3.3000
2013-01-11,3.4300,3.3500,3.4400,3.3500
2013-01-14,3.4600,3.3800,3.4600,3.3600
2013-01-15,3.3900,3.4300,3.4400,3.3800
2013-01-16,3.4600,3.3800,3.4600,3.3800
2013-01-17,3.4800,3.4800,3.5000,3.4600
2013-01-18,3.4400,3.4500,3.4800,3.4300
2013-01-22,3.4400,3.4400,3.4600,3.4300
2013-01-23,3.4400,3.4800,3.5000,3.4200
2013-01-24,3.3900,3.3700,3.4300,3.3600
2013-01-25,3.4200,3.3800,3.4300,3.3800
2013-01-28,3.4500,3.4400,3.4500,3.4100
2013-01-29,3.4600,3.4300,3.4700,3.4200
2013-01-30,3.5000,3.4500,3.5300,3.4500
2013-01-31,3.5800,3.5500,3.6100,3.5200
2013-02-01,3.6300,3.5900,3.6300,3.5800
2013-02-04,3.5200,3.5800,3.6200,3.5100
2013-02-05,3.5400,3.5100,3.5600,3.5100
2013-02-06,3.5600,3.5200,3.5800,3.5100
2013-02-07,3.5000,3.5600,3.5600,3.4500
2013-02-08,3.5300,3.5300,3.5500,3.5000
2013-02-11,3.5400,3.5400,3.5700,3.5000
2013-02-12,3.5100,3.5200,3.5400,3.4800
2013-02-13,3.5200,3.5400,3.5500,3.4900
2013-02-14,3.5600,3.5100,3.5700,3.5000
2013-02-15,3.5100,3.5600,3.5800,3.5000
2013-02-19,3.5500,3.5000,3.5600,3.4800
2013-02-20,3.4700,3.5500,3.5700,3.4700
2013-02-21,3.3700,3.4500,3.4700,3.3000
2013-02-22,3.4100,3.4000,3.4500,3.3700
2013-02-25,3.2900,3.4100,3.4200,3.2900
2013-02-26,3.3100,3.3100,3.3400,3.2700
2013-02-27,3.3700,3.3800,3.4400,3.3600
2013-02-28,3.4200,3.3700,3.4300,3.3300
2013-03-01,3.3700,3.3900,3.4100,3.3300
2013-03-04,3.3500,3.3600,3.3700,3.3000
2013-03-05,3.4300,3.3700,3.4400,3.3700
2013-03-06,3.4700,3.4300,3.4800,3.4200
2013-03-07,3.5000,3.4700,3.5100,3.4400
2013-03-08,3.5300,3.5000,3.5400,3.5000
2013-03-11,3.5300,3.5100,3.5700,3.5000
2013-03-12,3.5400,3.5200,3.5500,3.5000
2013-03-13,3.6000,3.5500,3.6100,3.5300
2013-03-14,3.6700,3.6000,3.7000,3.6000
2013-03-15,3.6000,3.6700,3.6800,3.5800
2013-03-18,3.5300,3.5600,3.5900,3.5000
2013-03-19,3.5300,3.5400,3.5800,3.5000
2013-03-20,3.5900,3.5700,3.6100,3.5400
2013-03-21,3.5600,3.5400,3.5800,3.5100
2013-03-22,3.5800,3.5800,3.6000,3.5400
2013-03-25,3.5500,3.5900,3.5900,3.5200
2013-03-26,3.5800,3.5700,3.6000,3.5600
2013-03-27,3.5600,3.5500,3.5700,3.5200
2013-03-28,3.5900,3.5800,3.5900,3.5500
2013-04-01,3.5300,3.5800,3.6000,3.5200
2013-04-02,3.4900,3.5600,3.5600,3.4800
2013-04-03,3.4300,3.4900,3.5100,3.4100
2013-04-04,3.4600,3.4200,3.4700,3.4000
2013-04-05,3.4300,3.4000,3.4400,3.3300
2013-04-08,3.4700,3.4200,3.4700,3.4000
2013-04-09,3.4800,3.4700,3.5100,3.4200
2013-04-10,3.5400,3.4800,3.5500,3.4800
2013-04-11,3.5600,3.5200,3.5900,3.5000
2013-04-12,3.4900,3.5500,3.5500,3.4600
2013-04-15,3.3800,3.4700,3.4700,3.3700
2013-04-16,3.4600,3.4100,3.4600,3.3900
2013-04-17,3.2400,3.3800,3.3800,3.2300
2013-04-18,3.1400,3.3100,3.3300,3.1200
2013-04-19,3.1300,3.1200,3.1900,3.0800
2013-04-22,3.1600,3.1400,3.1800,3.0600
2013-04-23,3.2400,3.1900,3.2400,3.1700
2013-04-24,3.2600,3.2400,3.2800,3.2000
2013-04-25,3.2600,3.2800,3.3200,3.2500
2013-04-26,3.2100,3.2600,3.2600,3.2000
2013-04-29,3.2500,3.2300,3.2800,3.2200
2013-04-30,3.2000,3.2500,3.2500,3.1500
2013-05-01,3.1300,3.2100,3.2100,3.1200
2013-05-02,3.2100,3.1500,3.2200,3.1300
2013-05-03,3.1900,3.2200,3.2400,3.1900
2013-05-06,3.2800,3.2100,3.2900,3.2000
2013-05-07,3.2500,3.2900,3.2900,3.2500
2013-05-08,3.3500,3.2600,3.3500,3.2600
2013-05-09,3.3900,3.3500,3.4100,3.3400
2013-05-10,3.4100,3.4000,3.4100,3.3800
2013-05-13,3.3600,3.3800,3.4100,3.3600
2013-05-14,3.3700,3.3600,3.3800,3.3300
2013-05-15,3.4200,3.3700,3.4200,3.3500
2013-05-16,3.4200,3.4200,3.4500,3.3900
2013-05-17,3.4400,3.4500,3.4800,3.4400
2013-05-20,3.4400,3.4200,3.4600,3.4200
2013-05-21,3.5100,3.4600,3.5100,3.4400
2013-05-22,3.4600,3.5000,3.5200,3.4200
2013-05-23,3.4000,3.4200,3.4400,3.3800
2013-05-24,3.4100,3.3900,3.4100,3.3700
2013-05-28,3.4400,3.4500,3.4600,3.4000
2013-05-29,3.4400,3.4400,3.4700,3.4200
2013-05-30,3.7800,3.6200,3.8200,3.6100
2013-05-31,3.7700,3.7300,3.8300,3.7100
2013-06-03,3.7300,3.7700,3.7700,3.6600
2013-06-04,3.7800,3.7400,3.8200,3.7400
2013-06-05,3.7000,3.7700,3.7800,3.6800
2013-06-06,3.6700,3.7200,3.7200,3.6400
2013-06-07,3.7300,3.6800,3.7300,3.6200
2013-06-10,3.6800,3.7500,3.7500,3.6800
2013-06-11,3.6300,3.6400,3.6800,3.6300
2013-06-12,3.6000,3.6700,3.6700,3.5700
2013-06-13,3.7100,3.5700,3.7200,3.5600
2013-06-14,3.7600,3.7100,3.7800,3.7100
2013-06-17,3.8100,3.7800,3.8300,3.7700
2013-06-18,3.8800,3.8000,3.8800,3.8000
2013-06-19,3.8100,3.8700,3.8900,3.8100
2013-06-20,3.7100,3.7700,3.7900,3.6900
2013-06-21,3.7400,3.7000,3.7500,3.6600
2013-06-24,3.6700,3.7000,3.7000,3.6100
2013-06-25,3.7100,3.7100,3.7600,3.6800
2013-06-26,3.7300,3.7400,3.7700,3.7000
2013-06-27,3.7300,3.7500,3.7800,3.7300
2013-06-28,3.7400,3.7000,3.7600,3.6800
2013-07-01,3.7600,3.7900,3.7900,3.7300
2013-07-02,3.8500,3.7900,3.9000,3.7800
2013-07-03,3.8600,3.8400,3.8900,3.8100
2013-07-05,3.8800,3.8600,3.9200,3.8200
2013-07-08,3.7300,3.8900,3.9000,3.7200
2013-07-09,3.7600,3.7700,3.8000,3.7400
2013-07-10,3.8300,3.7600,3.8300,3.7400
2013-07-11,3.8600,3.7500,3.8600,3.7500
2013-07-12,3.9000,3.8700,3.9000,3.8700
2013-07-15,3.8000,3.9000,3.9100,3.8000
2013-07-16,3.8900,3.8200,3.9100,3.8200
2013-07-17,3.8900,3.9000,3.9700,3.8900
2013-07-18,3.7600,3.8800,3.8900,3.7500
2013-07-19,3.7900,3.7700,3.8100,3.7500
2013-07-22,3.7800,3.8200,3.8200,3.7500
2013-07-23,3.7600,3.8100,3.8200,3.7500
2013-07-24,3.6900,3.7300,3.8000,3.6900
2013-07-25,3.6900,3.6500,3.7000,3.6300
2013-07-26,3.6800,3.6500,3.6900,3.6300
2013-07-29,3.6600,3.6600,3.6900,3.6400
2013-07-30,3.6900,3.6700,3.7000,3.6300
2013-07-31,3.6700,3.7000,3.7100,3.6600
2013-08-01,3.7400,3.7000,3.7500,3.6800
2013-08-02,3.7500,3.7300,3.7500,3.6900
2013-08-05,3.7000,3.7200,3.7400,3.7000
2013-08-06,3.6900,3.6900,3.6900,3.6700
2013-08-07,3.7300,3.7000,3.7300,3.6700
2013-08-08,3.7300,3.7600,3.7600,3.7300
2013-08-09,3.6800,3.7200,3.7200,3.6700
2013-08-12,3.7700,3.6800,3.7800,3.6700
2013-08-13,3.8000,3.7800,3.8100,3.7300
2013-08-14,3.7200,3.7900,3.7900,3.7100
2013-08-15,3.6000,3.6100,3.6900,3.5800
2013-08-16,3.6200,3.6000,3.6400,3.5900
2013-08-19,3.6200,3.6300,3.6400,3.6100
2013-08-20,3.6800,3.6300,3.7100,3.6300
2013-08-21,3.6600,3.6600,3.7000,3.6400
2013-08-22,3.6600,3.6200,3.7100,3.6100
2013-08-23,3.6700,3.6800,3.7000,3.6500
2013-08-26,3.7500,3.6900,3.7700,3.6900
2013-08-27,3.6600,3.7800,3.7800,3.6400
2013-08-28,3.8300,3.8900,3.9400,3.7900
2013-08-29,3.9000,3.8400,3.9000,3.8100
2013-08-30,3.8500,3.9000,3.9000,3.8300
2013-09-03,3.8300,3.8800,3.9100,3.8000
2013-09-04,3.9000,3.8600,3.9100,3.8200
2013-09-05,3.8800,3.9200,3.9200,3.8700
2013-09-06,3.8600,3.9200,3.9200,3.8200
2013-09-09,3.8800,3.8900,3.9000,3.8600
2013-09-10,3.9700,3.9000,3.9700,3.9000
2013-09-11,3.9200,3.9200,3.9500,3.8700
2013-09-12,3.9000,3.9300,3.9500,3.8600
2013-09-13,3.9000,3.9200,3.9300,3.8700
2013-09-16,3.9300,3.9400,3.9700,3.9000
2013-09-17,4.0100,3.9800,4.0400,3.9500
2013-09-18,4.0700,4.0200,4.0700,3.9800
2013-09-19,4.0800,4.0800,4.0800,4.0100
2013-09-20,4.1600,4.1200,4.2600,4.0800
2013-09-23,4.1900,4.2600,4.2700,4.1500
2013-09-24,4.2400,4.1800,4.2600,4.1600
2013-09-25,4.2200,4.2500,4.2600,4.1400
2013-09-26,4.2300,4.2500,4.2700,4.2000
2013-09-27,4.2700,4.2100,4.2800,4.1800
2013-09-30,4.3100,4.2100,4.3300,4.2000
2013-10-01,4.3400,4.3100,4.3600,4.3000
2013-10-02,4.3400,4.3100,4.3400,4.2900
2013-10-03,4.3300,4.3400,4.3600,4.2800
2013-10-04,4.3500,4.3400,4.3700,4.3300
2013-10-07,4.3000,4.3500,4.3500,4.2900
2013-10-08,4.2600,4.3100,4.3500,4.2400
2013-10-09,4.2200,4.3000,4.3100,4.1800
2013-10-10,4.3500,4.3300,4.3700,4.2600
2013-10-11,4.3300,4.3300,4.3500,4.2800
2013-10-14,4.4200,4.3100,4.4300,4.3000
2013-10-15,4.3700,4.4300,4.4400,4.3600
2013-10-16,4.4500,4.4100,4.4600,4.3900
2013-10-17,4.5100,4.4100,4.5100,4.4000
2013-10-18,4.6100,4.6300,4.6300,4.5000
2013-10-21,4.7100,4.6200,4.7200,4.6100
2013-10-22,4.6900,4.7100,4.7100,4.6500
2013-10-23,4.5400,4.6500,4.6600,4.4700
2013-10-24,4.5500,4.5300,4.5700,4.5000
2013-10-25,4.5600,4.5200,4.5900,4.5200
2013-10-28,4.5500,4.5400,4.5800,4.5200
2013-10-29,4.5800,4.5900,4.6300,4.5600
2013-10-30,4.4900,4.6100,4.6100,4.4400
2013-10-31,4.5400,4.5000,4.5600,4.5000
2013-11-01,4.4700,4.5800,4.5900,4.4600
2013-11-04,4.5000,4.5100,4.5300,4.4600
2013-11-05,4.5000,4.5000,4.5200,4.4600
2013-11-06,4.5400,4.5200,4.5500,4.5000
2013-11-07,4.3700,4.5400,4.5500,4.3600
2013-11-08,4.4300,4.3700,4.4400,4.3100
2013-11-11,4.4200,4.4400,4.4600,4.3900
2013-11-12,4.5100,4.4600,4.5200,4.4300
2013-11-13,4.5400,4.4300,4.5400,4.4300
2013-11-14,4.2900,4.4900,4.5100,4.2600
2013-11-15,4.4600,4.3000,4.4800,4.2900
2013-11-18,4.4000,4.4600,4.4700,4.3900
2013-11-19,4.2900,4.3800,4.4200,4.2900
2013-11-20,4.2700,4.3300,4.3300,4.2500
2013-11-21,4.3000,4.2900,4.3200,4.2700
2013-11-22,4.3300,4.3100,4.3500,4.2900
2013-11-25,4.3700,4.3900,4.4000,4.3400
2013-11-26,4.4700,4.3800,4.4900,4.3600
2013-11-27,4.4700,4.4500,4.4800,4.3700
2013-11-29,4.4700,4.5000,4.5100,4.4700
2013-12-02,4.5000,4.5500,4.6200,4.4900
2013-12-03,4.4800,4.4900,4.5000,4.4600
2013-12-04,4.4500,4.4500,4.4900,4.4400
2013-12-05,4.7600,4.5500,4.7700,4.5100
2013-12-06,4.7000,4.8300,4.8300,4.7000
2013-12-09,4.7400,4.7100,4.7500,4.6600
2013-12-10,4.6600,4.7400,4.7400,4.6500
2013-12-11,4.6100,4.6800,4.7000,4.6100
2013-12-12,4.5800,4.6400,4.6500,4.5700
2013-12-13,4.5700,4.6000,4.6200,4.5600
2013-12-16,5.0100,4.9700,5.0500,4.8400
2013-12-17,5.3600,5.0400,5.4500,5.0300
2013-12-18,5.3200,5.3400,5.3400,5.2000
2013-12-19,5.1400,5.2900,5.3000,5.1300
2013-12-20,5.1700,5.1400,5.2000,5.1300
2013-12-23,5.2100,5.2300,5.2300,5.1800
2013-12-24,5.2600,5.2300,5.2800,5.2200
2013-12-26,5.2700,5.2800,5.2900,5.2500
2013-12-27,5.2800,5.2900,5.3100,5.2600
2013-12-30,5.2700,5.2800,5.2900,5.2200
2013-12-31,5.2900,5.2900,5.3300,5.2500
2014-01-02,5.2600,5.2900,5.2900,5.1900
2014-01-03,5.2900,5.2500,5.3000,5.2000
2014-01-06,5.2500,5.2800,5.3400,5.2400
2014-01-07,5.3000,5.2800,5.3100,5.2500
2014-01-08,5.3800,5.3100,5.3900,5.2900
2014-01-09,5.3200,5.4000,5.4200,5.2800
2014-01-10,5.3300,5.3900,5.4000,5.2900
2014-01-13,5.2600,5.3600,5.3800,5.2400
2014-01-14,5.5300,5.3300,5.5800,5.2700
2014-01-15,5.7000,5.5700,5.7200,5.5500
2014-01-16,5.5400,5.6800,5.7000,5.5100
2014-01-17,5.6100,5.5300,5.6400,5.5200
2014-01-21,5.6100,5.6600,5.6800,5.5900
2014-01-22,5.7100,5.6200,5.7200,5.5800
2014-01-23,5.6100,5.6700,5.7100,5.5700
2014-01-24,5.4500,5.5700,5.6000,5.4200
2014-01-27,5.4500,5.4600,5.5300,5.3700
2014-01-28,5.4700,5.4400,5.4800,5.3000
2014-01-29,5.4100,5.3900,5.5900,5.3400
2014-01-30,5.5000,5.4800,5.5300,5.4100
2014-01-31,5.4600,5.3800,5.5300,5.3800
2014-02-03,5.3300,5.4800,5.5200,5.3000
2014-02-04,5.4000,5.3500,5.4200,5.3100
2014-02-05,5.4000,5.3700,5.4700,5.3200
2014-02-06,5.5200,5.4000,5.5900,5.3600
2014-02-07,5.6600,5.5500,5.6800,5.5100
2014-02-10,5.6300,5.6200,5.6500,5.5600
2014-02-11,5.8100,5.6200,5.8200,5.6200
2014-02-12,5.8900,5.8200,5.9800,5.8200
2014-02-13,5.9100,5.7400,5.9500,5.7400
2014-02-14,5.8100,5.7500,5.8400,5.7400
2014-02-18,5.8400,5.8500,5.8500,5.7700
2014-02-19,5.7700,5.8200,5.8400,5.7500
2014-02-20,5.9000,5.8000,5.9000,5.7700
2014-02-21,5.8600,5.9400,5.9500,5.8400
2014-02-24,5.9600,5.8500,6.0000,5.8500
2014-02-25,5.9000,6.0000,6.0000,5.8400
2014-02-26,6.1900,6.0000,6.3500,6.0000
2014-02-27,6.1400,6.1200,6.2200,6.0800
2014-02-28,6.1700,6.1200,6.2000,6.0800
2014-03-03,6.1700,6.1200,6.2500,6.0900
2014-03-04,6.3300,6.2500,6.4100,6.2300
2014-03-05,6.3100,6.3200,6.4200,6.2900
2014-03-06,6.3600,6.3300,6.3900,6.3000
2014-03-07,6.2800,6.3900,6.3900,6.2500
2014-03-10,6.2800,6.2900,6.3400,6.2500
2014-03-11,6.2000,6.3000,6.3700,6.1800
2014-03-12,6.3200,6.1800,6.3300,6.0400
2014-03-13,6.2700,6.3400,6.4500,6.2000
2014-03-14,6.2700,6.2800,6.3300,6.2200
2014-03-17,6.3400,6.3000,6.4000,6.2800
2014-03-18,6.3800,6.3300,6.4000,6.2800
2014-03-19,6.4400,6.4000,6.4900,6.3800
2014-03-20,6.5300,6.4300,6.5400,6.4300
2014-03-21,6.3900,6.5600,6.5800,6.3600
2014-03-24,6.3200,6.4000,6.4400,6.2400
2014-03-25,6.4000,6.3700,6.5000,6.3300
2014-03-26,6.2800,6.4400,6.4900,6.2100
2014-03-27,6.2800,6.2800,6.3100,6.1800
2014-03-28,6.4100,6.3000,6.4700,6.2900
2014-03-31,6.4400,6.4500,6.5300,6.4200
2014-04-01,6.5000,6.4600,6.5300,6.4200
2014-04-02,6.4600,6.4700,6.5300,6.3800
2014-04-03,6.3900,6.4700,6.5600,6.3500
2014-04-04,6.1800,6.4600,6.4700,6.0000
2014-04-07,6.0400,6.1000,6.1900,5.8800
2014-04-08,6.0200,6.0600,6.1000,6.0000
2014-04-09,6.2500,6.1000,6.2600,6.1000
2014-04-10,5.9900,6.2500,6.2500,5.9600
2014-04-11,5.8500,5.9300,6.0000,5.8500
2014-04-14,5.8800,5.8400,5.9600,5.8100
2014-04-15,5.8900,5.9100,5.9400,5.7300
2014-04-16,5.9300,5.9500,5.9500,5.8100
2014-04-17,6.0900,5.9300,6.1700,5.8900
2014-04-21,6.1900,6.1000,6.2200,6.0800
2014-04-22,6.3400,6.1600,6.3800,6.1600
2014-04-23,6.4600,6.4000,6.4600,6.3800
2014-04-24,6.5400,6.5400,6.5500,6.3500
2014-04-25,6.2300,6.4900,6.5000,6.2200
2014-04-28,6.0800,6.2900,6.2900,6.0300
2014-04-29,6.0900,6.1000,6.1600,6.0000
2014-04-30,6.3500,6.1100,6.3700,6.0400
2014-05-01,6.3500,6.2900,6.4900,6.2600
2014-05-02,6.4300,6.4700,6.5000,6.3200
2014-05-05,6.4200,6.3900,6.4500,6.3000
2014-05-06,6.7300,6.7900,6.8100,6.6200
2014-05-07,6.6800,6.7800,6.8600,6.6300
2014-05-08,6.7900,6.6800,6.8900,6.6700
2014-05-09,6.7400,6.7900,6.8600,6.6700
2014-05-12,6.9100,6.7900,6.9200,6.7400
2014-05-13,6.8800,6.9300,6.9300,6.8600
2014-05-14,6.8500,6.8500,6.9600,6.7500
2014-05-15,6.7900,6.8700,6.8900,6.7100
2014-05-16,6.8500,6.8100,6.8900,6.7300
2014-05-19,6.8300,6.9100,6.9400,6.8100
2014-05-20,6.7500,6.8400,6.8400,6.6900
2014-05-21,6.8400,6.7500,6.8400,6.7400
2014-05-22,6.8700,6.8400,6.9200,6.7900
2014-05-23,7.0500,6.9100,7.0600,6.8700
2014-05-27,7.0900,7.1000,7.1300,7.0300
2014-05-28,7.0100,7.0500,7.0800,6.9800
2014-05-29,7.0800,7.0500,7.0800,6.9800
2014-05-30,7.0700,7.1800,7.2000,6.9400
2014-06-02,7.1600,7.1200,7.2000,7.0600
2014-06-03,7.1400,7.1300,7.2100,7.0800
2014-06-04,7.1600,7.1300,7.1900,7.1100
2014-06-05,7.1900,7.1500,7.2000,7.1200
2014-06-06,7.1600,7.2300,7.2400,7.1200
2014-06-09,7.1800,7.1900,7.2500,7.1500
2014-06-10,7.1900,7.1700,7.2200,7.1500
2014-06-11,7.1700,7.1700,7.2400,7.1300
2014-06-12,7.1800,7.1300,7.2000,7.1200
2014-06-13,7.1400,7.2200,7.2500,7.0900
2014-06-16,7.0900,7.1500,7.1900,7.0600
2014-06-17,7.1500,7.0600,7.1600,7.0600
2014-06-18,7.1200,7.1600,7.1900,7.0600
2014-06-19,7.0900,7.1100,7.1300,7.0300
2014-06-20,7.1600,7.1200,7.2000,7.0900
2014-06-23,7.1200,7.1600,7.2000,7.0800
2014-06-24,7.0700,7.1800,7.2300,7.0600
2014-06-25,7.1600,7.0600,7.1700,7.0100
2014-06-26,7.1000,7.1700,7.1900,7.0400
2014-06-27,7.0900,7.0700,7.1200,7.0300
2014-06-30,7.2100,7.0900,7.2100,7.0900
2014-07-01,7.4000,7.2500,7.4100,7.2400
2014-07-02,7.4300,7.3600,7.4600,7.3600
2014-07-03,7.5200,7.4700,7.5400,7.4400
2014-07-07,7.4500,7.5400,7.5500,7.4400
2014-07-08,7.3400,7.4300,7.4500,7.2100
2014-07-09,7.4200,7.3700,7.4200,7.3100
2014-07-10,7.3200,7.2100,7.3500,7.2100
2014-07-11,7.3200,7.3300,7.3500,7.2700
2014-07-14,7.4000,7.4600,7.4900,7.3400
2014-07-15,7.3400,7.4000,7.4400,7.2700
2014-07-16,7.3700,7.3100,7.4400,7.2800
2014-07-17,7.1900,7.3300,7.3700,7.1700
2014-07-18,7.5000,7.2700,7.5300,7.2600
2014-07-21,7.5400,7.4500,7.5500,7.4500
2014-07-22,7.5400,7.5600,7.6400,7.5300
2014-07-23,7.3600,7.5700,7.5700,7.3600
2014-07-24,7.2500,7.3700,7.3900,7.2300
2014-07-25,6.9900,7.2300,7.2300,6.9700
2014-07-28,7.0500,7.0000,7.0800,6.9100
2014-07-29,6.9900,7.0400,7.1200,6.9800
2014-07-30,7.0500,7.0900,7.1000,6.9700
2014-07-31,6.9400,7.0000,7.0300,6.8800
2014-08-01,7.0400,6.9900,7.0700,6.8700
2014-08-04,7.1300,7.0300,7.1600,6.9900
2014-08-05,7.0100,7.0800,7.1400,6.9800
2014-08-06,7.0300,6.9800,7.1000,6.9800
2014-08-07,6.9600,7.0900,7.0900,6.9500
2014-08-08,7.0400,6.9700,7.0500,6.9300
2014-08-11,7.0800,7.0500,7.1400,7.0500
2014-08-12,7.1200,7.0900,7.1400,7.0500
2014-08-13,7.2000,7.1600,7.2100,7.1100
2014-08-14,7.3800,7.2700,7.4200,7.2700
2014-08-15,7.4800,7.4500,7.4900,7.3400
2014-08-18,7.5400,7.5300,7.5400,7.4300
2014-08-19,7.5600,7.5600,7.6600,7.5400
2014-08-20,7.6400,7.5700,7.6500,7.5600
2014-08-21,7.6300,7.6100,7.6600,7.5800
2014-08-22,7.6200,7.6500,7.6500,7.5500
2014-08-25,7.5800,7.7000,7.7200,7.5400
2014-08-26,7.6000,7.5900,7.6200,7.5300
2014-08-27,7.6200,7.6000,7.6500,7.5500
2014-08-28,7.6400,7.5500,7.6500,7.5000
2014-08-29,8.2100,8.1800,8.4800,7.6500
2014-09-02,8.5000,8.3000,8.5100,8.2400
2014-09-03,8.5400,8.5300,8.6200,8.4500
2014-09-04,8.6100,8.5500,8.7200,8.5500
2014-09-05,8.7900,8.6400,8.8100,8.6200
2014-09-08,8.8200,8.8100,8.9700,8.7500
2014-09-09,8.8400,8.8400,8.9100,8.8000
2014-09-10,8.9000,8.8300,8.9100,8.7700
2014-09-11,8.9100,8.8900,8.9100,8.7800
2014-09-12,8.7900,8.9000,8.9100,8.7400
2014-09-15,8.6700,8.8100,8.8200,8.6300
2014-09-16,8.7900,8.6400,8.8300,8.5700
2014-09-17,8.7700,8.8000,8.8400,8.7400
2014-09-18,8.9500,8.8200,8.9500,8.8000
2014-09-19,8.9100,9.0100,9.0900,8.8900
2014-09-22,8.7200,8.8600,8.9200,8.6400
2014-09-23,8.7600,8.7000,8.7900,8.6400
2014-09-24,8.9000,8.7700,8.9000,8.7300
2014-09-25,8.6500,8.8800,8.8800,8.5800
2014-09-26,8.7500,8.6500,8.7700,8.6500
2014-09-29,8.7100,8.6400,8.7300,8.6100
2014-09-30,8.7000,8.7600,8.7900,8.6200
2014-10-01,8.5500,8.7100,8.7100,8.4800
2014-10-02,8.3200,8.5100,8.5400,8.0800
2014-10-03,8.3500,8.3600,8.4500,8.3000
2014-10-06,8.2900,8.4100,8.4500,8.2500
2014-10-07,8.1000,8.2400,8.2700,8.1000
2014-10-08,8.3300,8.1000,8.3800,7.9300
2014-10-09,8.0600,8.2900,8.3300,8.0600
2014-10-10,7.1400,7.7800,7.7800,6.8800
2014-10-13,6.9000,7.0800,7.2100,6.8800
2014-10-14,7.2000,7.2100,7.2900,6.9100
2014-10-15,7.2500,7.0300,7.3400,6.9900
2014-10-16,7.5600,7.0700,7.6100,7.0500
2014-10-17,7.7100,7.7400,7.9700,7.6800
2014-10-20,7.8000,7.6700,7.8100,7.5800
2014-10-21,8.2400,7.9000,8.2500,7.9000
2014-10-22,8.0900,8.2500,8.3000,8.0700
2014-10-23,8.1400,8.2100,8.2900,8.1100
2014-10-24,8.1900,8.1700,8.2400,8.0800
2014-10-27,8.1600,8.1500,8.2000,8.0100
2014-10-28,8.4200,8.2200,8.4200,8.1600
2014-10-29,8.4900,8.4600,8.5100,8.3600
2014-10-30,8.2400,8.3800,8.4600,8.1200
2014-10-31,8.6200,8.5100,8.7900,8.4500
2014-11-03,8.6300,8.6400,8.7900,8.6100
2014-11-04,8.5400,8.5900,8.6600,8.4900
2014-11-05,8.6700,8.5800,8.6800,8.4800
2014-11-06,8.7600,8.6400,8.7900,8.6300
2014-11-07,8.5000,8.7800,8.7900,8.4700
2014-11-10,8.5900,8.4900,8.6100,8.3500
2014-11-11,8.6200,8.5800,8.6300,8.5400
2014-11-12,8.7100,8.5900,8.7300,8.5600
2014-11-13,8.7400,8.7100,8.8400,8.6500
2014-11-14,8.9000,8.7600,8.9000,8.6300
2014-11-17,8.8500,8.8800,8.9000,8.7600
2014-11-18,9.1400,8.8400,9.1800,8.8300
2014-11-19,8.9300,9.1500,9.2000,8.9100
2014-11-20,8.9900,8.8800,9.0900,8.8000
2014-11-21,9.0200,9.1700,9.1700,8.9500
2014-11-24,9.1100,9.0500,9.1300,9.0400
2014-11-25,9.1200,9.1800,9.2600,9.1100
2014-11-26,9.3800,9.1600,9.3900,9.1600
2014-11-28,9.3400,9.4100,9.4400,9.2700
2014-12-01,9.1000,9.3000,9.3400,9.0000
2014-12-02,9.2200,9.0700,9.2400,8.9700
2014-12-03,9.5100,9.3000,9.5500,9.3000
2014-12-04,10.3100,10.1500,10.3800,9.9500
2014-12-05,10.4000,10.3800,10.5000,10.1700
2014-12-08,10.0700,10.4000,10.4200,9.9700
2014-12-09,10.2600,9.9900,10.3000,9.7200
2014-12-10,9.9300,10.2000,10.3500,9.9200
2014-12-11,10.0500,10.0100,10.2800,9.9800
2014-12-12,9.9200,9.9000,10.1200,9.8800
2014-12-15,9.8200,10.0000,10.0900,9.7200
2014-12-16,9.7300,9.7800,9.9700,9.6000
2014-12-17,9.9000,9.7300,9.9800,9.5500
2014-12-18,10.1600,10.0900,10.2000,10.0000
2014-12-19,10.0200,10.1700,10.2300,9.9500
2014-12-22,10.1400,10.1000,10.1600,10.0000
2014-12-23,10.0800,10.2300,10.2500,10.0600
2014-12-24,10.0700,10.0900,10.1200,10.0300
2014-12-26,10.0600,10.1000,10.1300,10.0200
2014-12-29,10.1300,10.0600,10.1400,9.9200
2014-12-30,10.0900,10.1100,10.1900,10.0600
2014-12-31,10.0600,10.1100,10.3000,10.0400
2015-01-02,10.0100,10.0900,10.2200,9.9100
2015-01-05,9.8500,10.0100,10.0800,9.8400
2015-01-06,9.6200,9.8900,9.9100,9.5200
2015-01-07,9.8800,9.7100,9.9400,9.6500
2015-01-08,10.3800,10.0500,10.4300,10.0400
2015-01-09,10.4900,10.4500,10.5800,10.2600
2015-01-12,10.3200,10.5100,10.5600,10.2700
2015-01-13,10.2600,10.3800,10.7400,10.1700
2015-01-14,10.3400,10.1100,10.3500,10.0000
2015-01-15,10.1300,10.3600,10.5500,10.1100
2015-01-16,10.3800,10.0700,10.3900,10.0300
2015-01-20,10.4900,10.3700,10.5200,10.2600
2015-01-21,10.5400,10.4300,10.6900,10.4100
2015-01-22,10.5200,10.6000,10.6500,10.1500
2015-01-23,10.7000,10.5000,10.7500,10.4300
2015-01-26,10.6700,10.6700,10.7100,10.4600
2015-01-27,10.4800,10.5100,10.6000,10.2800
2015-01-28,10.5000,10.7100,10.8300,10.4900
2015-01-29,10.6500,10.4600,10.6600,10.2300
2015-01-30,10.2900,10.5300,10.6700,10.2600
2015-02-02,10.2400,10.3200,10.3500,9.9200
2015-02-03,10.3200,10.2500,10.3700,10.1400
2015-02-04,10.4800,10.2900,10.5300,10.2400
2015-02-05,10.6200,10.4700,10.6200,10.3800
2015-02-06,10.4700,10.6300,10.7100,10.4300
2015-02-09,10.2200,10.3900,10.4400,10.1800
2015-02-10,10.7000,10.3000,10.7500,10.2900
2015-02-11,10.7900,10.6800,10.8300,10.6300
2015-02-12,10.9700,10.8800,11.0000,10.8500
2015-02-13,11.0200,11.0000,11.0200,10.8100
2015-02-17,11.0900,11.0200,11.1300,10.9100
2015-02-18,11.0000,11.0300,11.0600,10.9300
2015-02-19,11.0900,11.0000,11.1100,10.9600
2015-02-20,11.2100,11.1400,11.2200,11.0500
2015-02-23,11.2900,11.3000,11.3200,11.2000
2015-02-24,11.3200,11.3500,11.3600,11.1600
2015-02-25,11.2700,11.3300,11.3900,11.2300
2015-02-26,12.9300,12.3200,12.9900,12.3000
2015-02-27,12.7600,12.8700,12.8700,12.6100
2015-03-02,12.9000,12.7200,13.0900,12.7200
2015-03-03,12.8200,12.8200,12.8900,12.7600
2015-03-04,12.9400,12.7700,12.9900,12.4400
2015-03-05,13.0600,12.9400,13.1500,12.8800
2015-03-06,12.7900,13.0000,13.0500,12.7500
2015-03-09,12.7100,12.7800,12.8600,12.6900
2015-03-10,12.5100,12.5700,12.6900,12.4500
2015-03-11,12.4700,12.5300,12.6500,12.4500
2015-03-12,12.6100,12.2900,12.6200,12.1500
2015-03-13,12.5000,12.5700,12.6800,12.3900
2015-03-16,12.9900,12.6900,13.0400,12.6700
2015-03-17,12.9100,12.8800,12.9600,12.7500
2015-03-18,13.0400,12.8700,13.1300,12.7700
2015-03-19,13.2000,13.0500,13.2900,13.0000
2015-03-20,13.3300,13.3400,13.4200,13.2200
2015-03-23,13.4400,13.5000,13.6300,13.3900
2015-03-24,13.3100,13.5000,13.5400,13.2900
2015-03-25,12.4400,13.2600,13.3300,12.4400
2015-03-26,12.4700,12.0300,12.5100,11.7000
2015-03-27,12.8200,12.5000,12.9000,12.4800
2015-03-30,13.0500,12.9800,13.0900,12.8300
2015-03-31,12.7000,12.9300,12.9500,12.6700
2015-04-01,12.5600,12.6700,12.7000,12.3600
2015-04-02,12.5000,12.6100,12.6900,12.4600
2015-04-06,12.5800,12.3400,12.6700,12.2500
2015-04-07,12.5600,12.6500,12.7200,12.5400
2015-04-08,12.6800,12.5500,12.7500,12.5300
2015-04-09,12.7200,12.5800,12.7900,12.5600
2015-04-10,12.6800,12.7600,12.8000,12.6100
2015-04-13,12.5300,12.7200,12.7500,12.5100
2015-04-14,12.4000,12.5100,12.5300,12.2100
2015-04-15,12.5900,12.4800,12.6300,12.4600
2015-04-16,12.5300,12.5100,12.6200,12.4800
2015-04-17,12.1900,12.3700,12.4300,12.0900
2015-04-20,12.3000,12.2500,12.3800,12.2200
2015-04-21,12.3100,12.4300,12.5100,12.2900
2015-04-22,12.7900,12.3900,12.8000,12.2800
2015-04-23,12.4100,12.5200,12.5500,12.2600
2015-04-24,11.9500,12.3700,12.3700,11.5900
2015-04-27,12.0200,12.0000,12.1900,11.8700
2015-04-28,11.7400,12.0400,12.1000,11.4600
2015-04-29,11.7000,11.6000,11.7500,11.4800
2015-04-30,11.6900,11.6700,11.8900,11.6300
2015-05-01,12.2800,11.7900,12.3400,11.7900
2015-05-04,12.1200,12.2800,12.3800,12.0900
2015-05-05,11.6800,12.0100,12.0700,11.6600
2015-05-06,11.6800,11.7800,11.8400,11.5400
2015-05-07,12.2500,12.0000,12.3600,12.0000
2015-05-08,12.3300,12.3200,12.4900,12.2700
2015-05-11,12.2800,12.3600,12.3900,12.2600
2015-05-12,12.2900,12.2000,12.3600,12.1300
2015-05-13,12.3100,12.3600,12.4800,12.2300
2015-05-14,12.6900,12.4100,12.8700,12.3600
2015-05-15,12.7900,12.7800,12.9500,12.6600
2015-05-18,13.0200,12.7900,13.0400,12.7300
2015-05-19,12.9500,13.0900,13.1900,12.9300
2015-05-20,12.9100,12.9900,13.1100,12.8100
2015-05-21,12.9600,12.9500,13.0000,12.7800
2015-05-22,13.2600,12.9800,13.3800,12.9800
2015-05-26,13.1300,13.4400,13.4500,13.0600
2015-05-27,14.1500,13.2100,14.4800,13.1600
2015-05-28,14.2400,14.5000,14.5500,13.6000
2015-05-29,14.8100,14.4100,14.9200,14.4100
2015-06-01,14.6600,14.8200,15.0500,14.5200
2015-06-02,14.4200,14.6400,14.6700,14.3100
2015-06-03,14.3100,14.6000,14.6000,14.2800
2015-06-04,14.1200,14.2500,14.3400,14.0500
2015-06-05,14.3800,14.1000,14.4000,13.9300
2015-06-08,13.8600,14.3600,14.3800,13.7500
2015-06-09,14.0200,13.8900,14.0700,13.6500
2015-06-10,14.2900,13.9900,14.4000,13.9800
2015-06-11,14.2000,14.2200,14.3300,14.1000
2015-06-12,14.0500,14.1300,14.1500,13.9900
2015-06-15,14.3100,13.9200,14.4000,13.9000
2015-06-16,14.2000,14.2700,14.3500,14.1400
2015-06-17,14.0700,14.1500,14.2500,13.9500
2015-06-18,14.3000,14.0700,14.3800,14.0700
2015-06-19,14.2900,14.3000,14.3900,14.1600
2015-06-22,14.3300,14.4200,14.5100,14.2000
2015-06-23,14.1600,14.4000,14.4000,14.0900
2015-06-24,14.0000,14.2100,14.2200,13.9800
2015-06-25,13.9200,14.0100,14.1100,13.8800
2015-06-26,13.5200,13.8800,13.9000,13.4700
2015-06-29,13.2000,13.2900,13.5200,13.1000
2015-06-30,13.2900,13.3800,13.4400,13.2100
2015-07-01,13.5500,13.4400,13.7700,13.4300
2015-07-02,13.7600,13.5600,13.7800,13.5400
2015-07-06,13.4200,13.6200,13.7600,13.3900
2015-07-07,13.2800,13.3900,13.4500,12.6200
2015-07-08,12.8000,13.0100,13.1300,12.6900
2015-07-09,12.4700,13.0200,13.1400,12.3700
2015-07-10,12.9800,12.6600,13.0800,12.6500
2015-07-13,12.9200,13.1400,13.1400,12.8500
2015-07-14,13.2300,12.9400,13.2500,12.8500
2015-07-15,13.1700,13.1700,13.3500,13.0800
2015-07-16,13.4700,13.3600,13.4800,13.0900
2015-07-17,13.3700,13.5000,13.5000,13.2000
2015-07-20,13.4600,13.4600,13.5600,13.3800
2015-07-21,13.4500,13.5100,13.6400,13.4100
2015-07-22,12.9600,12.7000,13.0000,12.5400
2015-07-23,13.2000,13.1200,13.5000,13.0500
2015-07-24,12.8500,13.3500,13.3800,12.8300
2015-07-27,12.4600,12.7300,12.7500,12.4100
2015-07-28,12.8400,12.5600,12.9600,12.3500
2015-07-29,12.8600,12.8400,12.9100,12.5400
2015-07-30,12.7700,12.5700,12.8800,12.5100
2015-07-31,12.5100,12.8300,12.8300,12.5000
2015-08-03,12.5800,12.6400,12.7500,12.4200
2015-08-04,12.3500,12.5500,12.5500,11.8800
2015-08-05,12.4700,12.3000,12.5700,12.1000
2015-08-06,12.3300,12.5000,12.5400,12.0600
2015-08-07,12.2600,12.1000,12.4000,12.0800
2015-08-10,12.7300,12.3500,12.7400,12.3000
2015-08-11,12.4200,12.5600,12.6200,12.2900
2015-08-12,12.5700,12.1600,12.6700,12.0600
2015-08-13,12.4200,12.5600,12.6800,12.4000
2015-08-14,12.2000,12.4000,12.4500,12.1200
2015-08-17,12.5500,12.1300,12.5500,12.0800
2015-08-18,12.2200,12.5800,12.5800,12.1800
2015-08-19,12.1400,12.1600,12.2800,11.9300
2015-08-20,11.5000,12.0100,12.0600,11.5000
2015-08-21,11.1400,11.2800,11.5500,11.1300
2015-08-24,10.9900,10.1100,11.5000,10.0000
2015-08-25,10.8500,11.4100,11.5000,10.8200
2015-08-26,11.6200,11.2600,11.6700,11.1200
2015-08-27,12.6300,12.0500,12.7000,12.0400
2015-08-28,12.7600,12.5500,12.7700,12.4700
2015-08-31,12.6000,12.6600,12.8000,12.5000
2015-09-01,11.9400,12.1500,12.5000,11.8100
2015-09-02,12.4000,12.2100,12.4100,12.0200
2015-09-03,12.3800,12.5400,12.6900,12.3200
2015-09-04,12.1200,12.1200,12.3800,12.0600
2015-09-08,12.9200,12.5400,12.9300,12.4800
2015-09-09,12.7200,13.0200,13.1800,12.6300
2015-09-10,12.8700,12.8500,12.9200,12.4800
2015-09-11,13.1100,12.8200,13.1200,12.6900
2015-09-14,13.1200,13.2500,13.3700,13.0600
2015-09-15,13.4400,13.2100,13.4900,13.1000
2015-09-16,13.1500,13.3900,13.3900,13.0300
2015-09-17,13.0600,13.1500,13.3100,13.0200
2015-09-18,12.7600,12.8500,12.9500,12.6600
2015-09-21,12.7300,12.8400,12.9400,12.6200
2015-09-22,12.4700,12.5000,12.5800,12.3700
2015-09-23,12.5500,12.4800,12.7800,12.3800
2015-09-24,12.4100,12.4100,12.5400,11.9500
2015-09-25,12.6700,12.6000,12.8900,12.5200
2015-09-28,12.0900,12.6000,12.8200,12.0800
2015-09-29,11.9700,12.1900,12.2500,11.8100
2015-09-30,12.5000,12.1800,12.5200,12.1000
2015-10-01,12.2100,12.3100,12.4900,11.9500
2015-10-02,12.3300,12.0000,12.3400,11.8200
2015-10-05,12.1200,12.4000,12.4900,12.1000
2015-10-06,11.7100,12.0800,12.1000,11.1500
2015-10-07,11.8600,11.8700,11.9500,11.5800
2015-10-08,11.6700,11.7500,11.8000,11.3800
2015-10-09,11.6900,11.6600,11.8100,11.5500
2015-10-12,11.7700,11.7600,11.8000,11.5800
2015-10-13,11.3400,11.6300,11.6700,11.3200
2015-10-14,11.7500,11.3000,11.7800,11.2400
2015-10-15,12.1900,11.8000,12.2000,11.7700
2015-10-16,12.1100,12.1900,12.2000,11.9900
2015-10-19,11.9000,12.1000,12.1300,11.7400
2015-10-20,11.9900,11.8500,12.0100,11.7600
2015-10-21,12.0500,12.1800,12.2700,12.0100
2015-10-22,12.5300,12.1600,12.5600,12.1200
2015-10-23,12.9600,12.7500,12.9800,12.4100
2015-10-26,12.3600,12.8100,12.8100,12.2700
2015-10-27,12.1500,12.3100,12.5200,12.0900
2015-10-28,12.7100,12.4800,12.7900,12.3700
2015-10-29,12.0100,12.1000,12.4200,11.8700
2015-10-30,12.3100,12.0900,12.4000,12.0200
2015-11-02,12.3800,12.3700,12.5200,12.2500
2015-11-03,12.2100,12.1500,12.4900,12.1500
2015-11-04,12.4100,12.2500,12.4900,12.0100
2015-11-05,12.1100,12.4900,12.5000,12.0600
2015-11-06,12.9700,12.3200,12.9800,12.3200
2015-11-09,12.6500,12.8400,12.8900,12.5700
2015-11-10,11.9900,12.3100,12.4100,11.9800
2015-11-11,11.9900,12.0200,12.2700,11.9800
2015-11-12,11.9800,12.0200,12.1400,11.8900
2015-11-13,11.7500,11.9000,11.9900,11.5200
2015-11-16,12.1500,11.7500,12.1800,11.7100
2015-11-17,12.2100,12.1500,12.3700,12.1000
2015-11-18,12.5900,12.1900,12.6100,12.1600
2015-11-19,12.5200,12.6100,12.6100,12.3000
2015-11-20,12.6400,12.6200,12.6700,12.3700
2015-11-23,12.4400,12.6800,12.6800,12.4200
2015-11-24,12.8300,12.3400,12.8600,12.3400
2015-11-25,12.8400,12.9000,12.9200,12.7700
2015-11-27,13.0000,12.8600,13.0400,12.7900
2015-11-30,13.0400,12.9400,13.0700,12.7100
2015-12-01,13.2900,13.1200,13.3800,13.0900
2015-12-02,13.2200,13.3100,13.5000,13.1500
2015-12-03,14.4800,14.4900,14.6900,14.2900
2015-12-04,14.7600,14.4800,14.7900,14.3200
2015-12-07,14.8800,14.6700,14.9700,14.5500
2015-12-08,14.7800,14.6800,14.8600,14.5800
2015-12-09,14.5600,14.7100,14.8000,14.4400
2015-12-10,14.7300,14.6100,14.9400,14.5200
2015-12-11,14.4400,14.4600,14.7700,14.4300
2015-12-14,14.2500,14.4100,14.5400,14.1200
2015-12-15,14.3300,14.2700,14.4200,14.1300
2015-12-16,14.3900,14.3200,14.4300,14.0400
2015-12-17,14.0500,14.4900,14.5500,14.0400
2015-12-18,14.0200,14.0200,14.1900,13.8600
2015-12-21,14.5800,14.3100,14.6000,14.1900
2015-12-22,14.5100,14.7200,14.7200,14.2800
2015-12-23,14.6500,14.6000,14.6700,14.4400
2015-12-24,14.6300,14.6400,14.7300,14.5700
2015-12-28,14.6300,14.5900,14.6400,14.3900
2015-12-29,14.7900,14.7000,14.8800,14.5000
2015-12-30,14.7400,14.7500,14.8900,14.7100
2015-12-31,14.5200,14.6600,14.7500,14.5100
2016-01-04,14.2300,14.2100,14.2300,13.9900
2016-01-05,13.7500,14.3100,14.3300,13.7200
2016-01-06,13.3300,13.4600,13.6100,13.2300
2016-01-07,12.9000,13.1300,13.3800,12.8200
2016-01-08,12.8200,13.0000,13.3500,12.8100
2016-01-11,12.8000,12.9500,13.0000,12.5400
2016-01-12,12.9900,12.9900,13.1700,12.6900
2016-01-13,12.3300,12.7800,13.0000,12.3100
2016-01-14,12.5200,12.4200,12.6700,12.0300
2016-01-15,12.0000,12.0200,12.3800,11.9300
2016-01-19,12.0100,12.2800,12.4800,11.9000
2016-01-20,12.3800,11.7800,12.5600,11.7200
2016-01-21,12.4500,12.4800,12.6000,12.3400
2016-01-22,12.4500,12.6500,12.6500,12.4200
2016-01-25,12.4500,12.4400,12.5000,12.4000
2016-01-26,12.4400,12.5000,12.6500,12.4000
2016-01-27,12.2300,12.3700,12.5400,12.0100
2016-01-28,12.6400,12.2900,12.6500,12.2000
2016-01-29,13.3700,12.9400,13.4300,12.8100
2016-02-01,13.7700,13.3300,13.8700,13.3000
2016-02-02,13.3200,13.5000,13.7600,13.1700
2016-02-03,13.1400,13.7200,13.7600,13.0300
2016-02-04,13.6100,13.1400,13.7300,13.0500
2016-02-05,12.8400,13.7000,13.7000,12.7000
2016-02-08,12.1900,12.7000,12.7000,11.9200
2016-02-09,11.9700,11.9800,12.5700,11.8800
2016-02-10,11.9200,12.2500,12.3700,11.8700
2016-02-11,11.6300,11.6500,11.7600,11.4300
2016-02-12,12.1700,11.7800,12.2300,11.5700
2016-02-16,12.6200,12.3300,12.6800,12.2900
2016-02-17,13.0700,12.7000,13.0800,12.6700
2016-02-18,12.7100,13.1800,13.2000,12.6100
2016-02-19,12.8700,12.7100,12.8800,12.5000
2016-02-22,13.0600,13.0000,13.2400,12.9500
2016-02-23,12.8200,13.0200,13.0500,12.8100
2016-02-24,13.0300,12.6500,13.1200,12.5400
2016-02-25,13.2500,13.0800,13.2500,12.8700
2016-02-26,13.3100,13.4200,13.5000,13.2200
2016-02-27,133.0800,133.1000,133.1000,133.0800
2016-02-29,13.4000,13.3300,13.7900,13.2900
2016-03-01,13.8400,13.5400,13.8600,13.4600
2016-03-02,13.7000,13.7900,13.8200,13.5100
2016-03-03,13.7300,13.7800,13.8800,13.4300
2016-03-04,14.6100,14.6000,14.7900,14.1700
2016-03-07,14.3500,14.4800,14.6200,14.0600
2016-03-08,13.9600,14.2300,14.2800,13.9400
2016-03-09,14.2000,14.0700,14.2500,14.0500
2016-03-10,14.4400,14.3500,14.5800,14.2000
2016-03-11,14.8800,14.6000,15.0000,14.5700
2016-03-14,14.8100,14.7100,14.9200,14.7000
2016-03-15,14.8500,14.8500,15.0000,14.6100
2016-03-16,14.8600,14.7500,14.9300,14.6900
2016-03-17,15.1500,14.7400,15.1700,14.7400
2016-03-18,15.2500,15.1900,15.3000,15.0900
2016-03-21,15.2900,15.2600,15.3000,15.0800
2016-03-22,15.4800,15.2400,15.5600,15.1500
2016-03-23,15.3000,15.4800,15.5300,15.2300
2016-03-24,15.3000,15.1800,15.3300,15.1100
2016-03-28,15.3100,15.3300,15.3500,15.2100
2016-03-29,15.4100,15.3300,15.4900,15.2200
2016-03-30,15.6900,15.5000,15.7300,15.4500
2016-03-31,15.4500,15.7000,15.7400,15.4500
2016-04-01,15.7800,15.4000,15.7900,15.1200
2016-04-04,15.6000,15.8000,15.8300,15.5700
2016-04-05,15.5000,15.4500,15.7100,15.4500
2016-04-06,15.7500,15.4700,15.7800,15.3700
2016-04-07,15.5000,15.7500,15.7900,15.4700
2016-04-08,15.6200,15.6300,15.6900,15.4600
2016-04-11,15.5600,15.7400,15.7800,15.5600
2016-04-12,15.5400,15.6000,15.6400,15.3000
2016-04-13,15.9500,15.6500,15.9600,15.5600
2016-04-14,15.8800,15.7300,15.9100,15.6000
2016-04-15,15.5500,15.8100,15.8300,15.4500
2016-04-18,15.5900,15.5400,15.6400,15.3800
2016-04-19,15.1100,15.6400,15.6800,15.0800
2016-04-20,15.3200,15.1500,15.4100,15.0400
2016-04-21,15.1300,15.2900,15.3300,15.0400
2016-04-22,15.0300,15.0400,15.2900,14.8700
2016-04-25,14.9100,15.0300,15.0900,14.8800
2016-04-26,15.0800,15.1500,15.4100,15.0000
2016-04-27,15.1500,14.7200,15.3400,14.6500
2016-04-28,14.8000,15.0400,15.4000,14.7300
2016-04-29,14.5700,14.6300,14.7800,14.3200
2016-05-02,14.6100,14.6200,14.6800,14.4500
2016-05-03,14.3200,14.5100,14.6000,14.2300
2016-05-04,14.2100,14.2500,14.4400,14.1300
2016-05-05,14.2600,14.3800,14.4900,14.2100
2016-05-06,14.1900,14.1800,14.2500,13.9200
2016-05-09,14.2400,14.2000,14.3900,14.1300
2016-05-10,14.4600,14.2500,14.5100,14.1500
2016-05-11,14.3800,14.4100,14.6200,14.3500
2016-05-12,14.1000,14.4100,14.4700,13.9500
2016-05-13,14.0100,14.0900,14.3100,13.9600
2016-05-16,14.2700,14.0900,14.3600,14.0700
2016-05-17,14.1200,14.2500,14.3000,13.9900
2016-05-18,14.3900,14.0500,14.5100,14.0300
2016-05-19,14.2700,14.3000,14.4700,14.1100
2016-05-20,14.6700,14.4100,14.7700,14.3700
2016-05-23,14.8100,14.8200,15.0300,14.7900
2016-05-24,15.1400,14.8600,15.1700,14.8400
2016-05-25,15.3600,15.1800,15.4000,15.0500
2016-05-26,15.3000,15.3800,15.4300,15.1800
2016-05-27,15.3300,15.3000,15.3900,15.2500
2016-05-31,15.4400,15.4000,15.4900,15.3300
2016-06-01,15.4800,15.3400,15.5300,15.3300
2016-06-02,15.4900,15.5200,15.5500,15.3400
2016-06-03,16.2600,16.5800,16.6000,16.1200
2016-06-06,16.2800,16.3400,16.3900,16.1000
2016-06-07,16.4800,16.3300,16.5900,16.2800
2016-06-08,16.3700,16.4100,16.4600,16.3300
2016-06-09,16.4100,16.2100,16.5000,16.2100
2016-06-10,16.0800,16.2200,16.3000,16.0000
2016-06-13,16.0000,16.0100,16.2300,15.9600
2016-06-14,15.9000,15.9300,16.0500,15.8100
2016-06-15,15.8400,15.8800,16.0100,15.8200
2016-06-16,15.8600,15.7100,15.8800,15.5600
2016-06-17,15.6000,15.9000,15.9700,15.4900
2016-06-20,15.6900,15.8400,15.9600,15.6700
2016-06-21,15.5800,15.7600,15.8400,15.5600
2016-06-22,15.5100,15.5700,15.7200,15.4800
2016-06-23,15.8600,15.7300,15.8600,15.6000
2016-06-24,14.8700,15.2000,15.4900,14.8400
2016-06-27,14.3600,14.6500,14.7200,14.2300
2016-06-28,14.9800,14.6700,14.9900,14.6600
2016-06-29,15.5000,15.2000,15.5600,15.0800
2016-06-30,15.5400,15.5000,15.7200,15.4200
2016-07-01,15.4200,15.4500,15.5900,15.3600
2016-07-05,15.0800,15.1600,15.1700,14.9500
2016-07-06,15.0600,14.9400,15.1300,14.7200
2016-07-07,15.1000,15.0100,15.3000,15.0100
2016-07-08,15.5100,15.2700,15.5300,15.1900
2016-07-11,15.7400,15.7100,15.8500,15.6300
2016-07-12,15.8600,15.8600,16.0900,15.8200
2016-07-13,15.7400,15.8900,16.0400,15.7300
2016-07-14,16.0800,15.9600,16.1100,15.8900
2016-07-15,16.1200,16.1100,16.1600,15.9700
2016-07-18,16.2300,16.2400,16.3700,16.2000
2016-07-19,16.0500,16.1500,16.2000,15.9800
2016-07-20,16.2700,16.1600,16.3800,16.0900
2016-07-21,16.0400,16.3000,16.3500,15.9800
2016-07-22,15.9700,15.9600,16.0300,15.6700
2016-07-25,15.9800,15.9600,16.0700,15.9300
2016-07-26,16.3400,16.1400,16.3500,16.0400
2016-07-27,16.5700,16.5900,16.7600,16.2700
2016-07-28,16.4200,16.5000,16.7000,16.3900
2016-07-29,16.2000,16.3900,16.4600,16.1100
2016-08-01,16.3500,16.2800,16.3900,16.1900
2016-08-02,16.2900,16.3100,16.4000,16.2300
2016-08-03,16.4100,16.1900,16.4100,16.1300
2016-08-04,16.7000,16.4300,16.7000,16.4200
2016-08-05,17.0100,16.8000,17.0200,16.7200
2016-08-08,16.8400,17.0000,17.1200,16.7900
2016-08-09,17.1200,16.8900,17.2200,16.8700
2016-08-10,17.1800,17.1200,17.2200,16.9800
2016-08-11,17.2100,17.2100,17.3200,17.0900
2016-08-12,17.2500,17.2100,17.2600,17.1400
2016-08-15,17.5500,17.3400,17.5800,17.2500
2016-08-16,17.2400,17.4800,17.5000,17.2100
2016-08-17,17.3000,17.2300,17.3300,17.1800
2016-08-18,17.3900,17.2800,17.4200,17.2600
2016-08-19,17.4900,17.4200,17.5100,17.3400
2016-08-22,17.5900,17.5000,17.6300,17.4100
2016-08-23,17.7300,17.6700,17.7500,17.6100
2016-08-24,17.5300,17.7600,17.7700,17.4400
2016-08-25,17.6000,17.5500,17.7100,17.4700
2016-08-26,17.7200,17.6800,17.8600,17.5100
2016-08-29,17.7400,17.7300,17.8700,17.6900
2016-08-30,17.7000,17.8200,17.9400,17.5900
2016-08-31,17.6400,17.7100,17.8300,17.5400
2016-09-01,17.7100,17.6900,17.7700,17.4800
2016-09-02,17.3100,17.7000,17.7300,16.8800
2016-09-06,17.1100,17.3600,17.4000,16.9600
2016-09-07,16.8900,17.1400,17.2000,16.7700
2016-09-08,16.8400,16.8400,16.8800,16.6600
2016-09-09,16.0800,16.6300,16.7000,16.0700
2016-09-12,16.4500,15.9100,16.4800,15.8800
2016-09-13,16.5200,16.4500,16.7400,16.4300
2016-09-14,16.9600,16.5200,16.9900,16.5000
2016-09-15,17.2700,16.9300,17.3000,16.8200
2016-09-16,17.1200,17.2400,17.3000,16.9800
2016-09-19,17.0700,17.1600,17.3600,16.9400
2016-09-20,16.8200,17.2200,17.2200,16.8200
2016-09-21,16.9800,16.8400,17.0000,16.7600
2016-09-22,16.8800,17.1000,17.1200,16.8100
2016-09-23,16.6600,16.8700,16.9000,16.5500
2016-09-26,16.6700,16.5100,16.7200,16.2800
2016-09-27,17.0900,16.6900,17.0900,16.6000
2016-09-28,17.0700,17.1800,17.2700,16.9800
2016-09-29,17.2500,17.0000,17.4000,16.9500
2016-09-30,17.2500,17.3000,17.4600,17.2400
2016-10-03,17.0100,17.3000,17.3900,16.9700
2016-10-04,16.9100,17.0600,17.0900,16.8100
2016-10-05,17.3500,17.1500,17.4100,17.0700
2016-10-06,17.4200,17.3300,17.4600,17.1300
2016-10-07,17.4200,17.4900,17.5000,17.2400
2016-10-10,17.4800,17.4700,17.5900,17.3800
2016-10-11,17.1200,17.5300,17.5500,16.9500
2016-10-12,17.0500,17.0700,17.1100,16.8400
2016-10-13,16.8900,16.8800,16.9900,16.6800
2016-10-14,17.0100,17.0000,17.2600,16.9300
2016-10-17,16.8900,16.9700,17.0900,16.8700
2016-10-18,17.2200,17.0700,17.2900,17.0500
2016-10-19,17.1900,17.1200,17.2300,17.0100
2016-10-20,17.3400,17.1700,17.4600,17.1000
2016-10-21,17.2900,17.2300,17.3400,17.0700
2016-10-24,17.6600,17.4200,17.7000,17.3600
2016-10-25,17.3600,17.6000,17.6500,17.3500
2016-10-26,17.3000,17.2100,17.4800,17.1100
2016-10-27,17.2200,17.4300,17.5200,17.1800
2016-10-28,16.9300,17.2500,17.2900,16.9000
2016-10-31,17.0300,17.0000,17.1700,16.8700
2016-11-01,16.8800,17.0700,17.1600,16.5800
2016-11-02,17.2600,17.2900,17.4100,16.9800
2016-11-03,17.3000,17.2500,17.5300,17.2100
2016-11-04,17.2200,17.0400,17.4500,17.0200
2016-11-07,17.7000,17.4400,17.7900,17.4100
2016-11-08,17.7000,17.7100,17.8000,17.5100
2016-11-09,17.3400,17.1500,17.6500,17.1200
2016-11-10,16.7900,17.3700,17.4500,16.3300
2016-11-11,16.7500,16.7300,17.0000,16.5700
2016-11-14,16.3800,16.6500,16.7800,16.3000
2016-11-15,16.6400,16.4800,16.7500,16.3600
2016-11-16,16.7800,16.6300,16.8200,16.5700
2016-11-17,16.7000,16.7300,16.9000,16.6000
2016-11-18,16.8200,16.6800,16.9200,16.6800
2016-11-21,17.2600,16.9100,17.2800,16.9100
2016-11-22,17.7000,17.3700,17.7400,17.3300
2016-11-23,17.7100,17.6400,17.7800,17.5200
2016-11-25,17.6800,17.6800,17.7000,17.5600
2016-11-28,17.4600,17.6100,17.7100,17.4500
2016-11-29,17.5500,17.3900,17.7000,17.3400
2016-11-30,17.0500,17.5100,17.5900,17.0400
2016-12-01,16.2800,17.0000,17.0500,16.1200
2016-12-02,16.4200,16.3600,16.4900,16.0600
2016-12-05,16.6100,16.6000,16.6600,16.2400
2016-12-06,16.4800,16.6800,16.8000,16.3400
2016-12-07,16.8600,16.4800,16.8600,16.3700
2016-12-08,17.0700,16.9500,17.1400,16.7500
2016-12-09,17.9100,18.0900,18.1900,17.6900
2016-12-12,17.8200,17.8000,18.0800,17.6600
2016-12-13,17.9400,17.8700,18.1900,17.8000
2016-12-14,17.7600,17.8800,17.9200,17.6200
2016-12-15,18.0000,17.8300,18.1200,17.6600
2016-12-16,17.8400,18.0700,18.1100,17.7500
2016-12-19,18.0500,17.9100,18.1400,17.8100
2016-12-20,18.2100,18.1000,18.3300,18.0100
2016-12-21,18.2300,18.3700,18.4000,18.1800
2016-12-22,18.0600,18.2900,18.3000,17.9400
2016-12-23,18.1900,18.0000,18.2000,17.9700
2016-12-27,18.2300,18.2100,18.3700,18.2000
2016-12-28,18.0200,18.2600,18.3000,17.9800
2016-12-29,17.9900,17.9700,18.0700,17.8600
2016-12-30,17.6800,18.0400,18.0900,17.6000
2017-01-03,17.8300,17.8300,18.0900,17.6500
2017-01-04,17.7100,17.8300,17.9000,17.6700
2017-01-05,17.4300,17.6300,17.7000,17.3900
2017-01-06,17.6600,17.4200,17.6900,17.3300
2017-01-09,17.7000,17.6600,17.8300,17.6600
2017-01-10,18.0600,17.7500,18.0700,17.6900
2017-01-11,17.9400,18.0000,18.0500,17.7800
2017-01-12,17.8900,17.8100,17.9100,17.5400
2017-01-13,18.0500,17.8900,18.0800,17.8400
2017-01-17,17.9100,17.9500,17.9600,17.7600
2017-01-18,18.5000,18.0400,18.5100,18.0000
2017-01-19,18.5600,18.5100,18.6900,18.4700
2017-01-20,19.1100,18.8600,19.1500,18.8100
2017-01-23,19.1000,19.1000,19.1500,18.8400
2017-01-24,19.7700,19.2700,19.9600,19.2300
2017-01-25,20.2500,19.9900,20.2600,19.8000
2017-01-26,20.4200,20.4400,20.5300,20.1100
2017-01-27,20.5700,20.5400,20.5800,20.3500
2017-01-30,20.3200,20.4500,20.4900,20.0600
2017-01-31,19.9500,20.2500,20.2500,19.8900
2017-02-01,20.3700,20.2300,20.4500,20.0200
2017-02-02,20.4100,20.2000,20.5000,20.1000
2017-02-03,20.6200,20.5000,20.6600,20.3000
2017-02-06,20.6600,20.6100,20.6700,20.4300
2017-02-07,20.5900,20.7200,20.7400,20.4900
2017-02-08,20.6900,20.6000,20.8800,20.5200
2017-02-09,20.5300,20.7300,20.7700,20.3600
2017-02-10,20.5500,20.6000,20.6500,20.3900
2017-02-13,20.6700,20.6800,20.7100,20.5200
2017-02-14,20.5300,20.7000,20.7000,20.4800
2017-02-15,20.6000,20.5800,20.6900,20.4800
2017-02-16,20.8200,20.6500,20.8200,20.5200
2017-02-17,21.0400,20.9000,21.0400,20.6800
2017-02-21,21.2700,21.1000,21.3600,21.0900
2017-02-22,21.4200,21.3000,21.4900,21.1500
2017-02-23,21.0600,21.5100,21.6000,20.9600
2017-02-24,21.0400,20.8400,21.0600,20.2600
2017-02-27,21.3300,21.0700,21.3400,21.0200
2017-02-28,21.0900,21.4100,21.4300,21.0300
2017-03-01,21.5100,21.3100,21.5400,21.0600
2017-03-02,21.7300,22.4100,22.5000,21.6000
2017-03-03,21.8300,21.8000,22.0000,21.7700
2017-03-06,21.7900,21.6400,21.8500,21.5200
2017-03-07,21.9300,21.7300,22.1400,21.7100
2017-03-08,21.9600,21.9200,22.1200,21.8600
2017-03-09,22.2000,21.8800,22.2900,21.8100
2017-03-10,22.6400,22.2700,22.6400,22.2700
2017-03-13,22.6400,22.5900,22.7700,22.5400
2017-03-14,22.4300,22.4800,22.6300,22.3500
2017-03-15,22.5900,22.4300,22.6600,22.3200
2017-03-16,22.2400,22.5500,22.5800,22.1600
2017-03-17,22.1200,22.3500,22.3700,22.0900
2017-03-20,22.1200,22.1200,22.2600,22.0800
2017-03-21,21.6000,22.2200,22.3000,21.5500
2017-03-22,21.7400,21.6000,21.8400,21.5400
2017-03-23,21.6900,21.7300,21.8500,21.6400
2017-03-24,21.9000,21.8000,22.1400,21.7700
2017-03-27,21.9100,21.6800,22.0200,21.6000
2017-03-28,22.0900,21.8500,22.1800,21.8400
2017-03-29,22.1300,22.0800,22.1400,21.9700
2017-03-30,22.0000,22.1900,22.4500,21.8900
2017-03-31,21.9000,22.0000,22.1000,21.8000
2017-04-03,21.8800,21.9000,22.0000,21.6700
2017-04-04,21.9000,21.8200,22.0400,21.7900
2017-04-05,21.7100,21.9500,22.0500,21.6800
2017-04-06,21.7500,21.6700,21.8500,21.5600
2017-04-07,21.8200,21.7500,21.9800,21.7000
2017-04-10,21.8000,21.7100,21.9100,21.6300
2017-04-11,21.7500,21.6600,21.8400,21.4000
2017-04-12,20.9200,21.5700,21.6100,20.8400
2017-04-13,21.1300,20.9200,21.4000,20.9000
2017-04-17,21.3900,21.2400,21.4400,21.2200
2017-04-18,21.3100,21.3100,21.3700,21.2100
2017-04-19,21.3600,21.3800,21.4800,21.3300
2017-04-20,21.8200,21.5000,21.9100,21.4200
2017-04-21,21.7700,21.7400,21.8300,21.6200
2017-04-24,22.1200,22.0700,22.1900,21.9700
2017-04-25,22.3200,22.2000,22.4000,22.2000
2017-04-26,22.1700,22.3500,22.3900,22.0900
2017-04-27,22.3100,22.2900,22.4100,22.2100
2017-04-28,22.0800,22.2800,22.3100,21.9800
2017-05-01,22.1300,22.2100,22.2300,21.9900
2017-05-02,22.5500,22.3500,22.5500,22.1500
2017-05-03,22.4900,22.4500,22.6200,22.3500
2017-05-04,22.3400,22.5300,22.5900,22.1900
2017-05-05,22.6400,22.5000,22.6500,22.4000
2017-05-08,22.5100,22.6500,22.7100,22.3900
2017-05-09,22.8500,22.5600,22.9400,22.4700
2017-05-10,23.1300,22.9500,23.3400,22.8700
2017-05-11,23.1100,23.0700,23.1800,22.8200
2017-05-12,23.6000,23.1500,23.6100,23.0800
2017-05-15,23.9000,23.5600,23.9900,23.5000
2017-05-16,24.0700,23.9900,24.1300,23.8700
2017-05-17,23.1200,23.8000,23.9000,23.1100
2017-05-18,23.7700,23.1600,23.8600,22.7700
2017-05-19,23.4100,23.6700,23.7000,23.2000
2017-05-22,23.8400,23.5500,23.9000,23.4200
2017-05-23,23.6500,23.8400,23.8900,23.5800
2017-05-24,23.9600,23.8500,24.0000,23.7000
2017-05-25,24.0900,24.1100,24.1600,23.8700
2017-05-26,24.1200,24.0900,24.1600,23.8300
2017-05-30,23.9800,24.0500,24.1400,23.9000
2017-05-31,23.9500,24.2500,24.2900,23.7600
2017-06-01,23.4600,24.1600,24.1900,23.3800
2017-06-02,25.4500,24.8500,25.5800,24.4100
2017-06-05,25.2200,25.4000,25.6800,25.0200
2017-06-06,25.3900,25.0800,25.5300,25.0600
2017-06-07,25.4300,25.3700,25.5900,25.3000
2017-06-08,25.5000,25.5000,25.6100,25.2300
2017-06-09,24.3300,25.5500,25.6000,24.1400
2017-06-12,24.2700,24.0400,24.3100,23.5800
2017-06-13,24.2900,24.5000,24.7900,24.1700
2017-06-14,24.0500,24.3600,24.5000,23.7600
2017-06-15,23.8000,23.5300,23.9500,23.5300
2017-06-16,23.6200,23.8900,23.9400,23.5100
2017-06-19,24.1100,24.4800,24.4800,24.0400
2017-06-20,24.0000,24.2000,24.3600,23.9800
2017-06-21,24.5100,24.3600,24.5900,24.1900
2017-06-22,24.4000,24.5500,24.6400,24.3100
2017-06-23,24.5300,24.3500,24.6900,24.2800
2017-06-26,24.2700,24.6000,24.7900,24.1200
2017-06-27,23.5300,24.1400,24.2000,23.5200
2017-06-28,24.1100,23.6600,24.1700,23.4500
2017-06-29,23.4000,23.8700,23.9000,23.0600
2017-06-30,23.3000,23.6300,23.6700,23.2900
2017-07-03,22.9800,23.4500,23.5200,22.9100
2017-07-05,23.1600,23.1000,23.2300,22.9100
2017-07-06,23.5000,22.7600,23.5700,22.7500
2017-07-07,23.9600,23.5300,24.0200,23.5300
2017-07-10,24.1800,24.0500,24.1900,23.8800
2017-07-11,24.0900,24.2000,24.2600,23.9400
2017-07-12,24.6400,24.3000,24.7200,24.1100
2017-07-13,24.7300,24.7100,24.9900,24.6600
2017-07-14,25.0300,24.8600,25.0400,24.7900
2017-07-17,24.9000,25.0800,25.2400,24.8900
2017-07-18,25.0900,24.7300,25.0900,24.6100
2017-07-19,25.4400,25.2000,25.4500,25.0500
2017-07-20,25.3400,25.4500,25.5000,25.2300
2017-07-21,25.3100,25.1500,25.3500,25.0500
2017-07-24,25.3000,25.3300,25.3700,25.1700
2017-07-25,25.4300,25.2800,25.4400,25.0200
2017-07-26,25.7000,25.4700,25.8200,25.4600
2017-07-27,25.0900,25.8200,25.8500,24.8900
2017-07-28,25.0400,24.8900,25.1100,24.7500
2017-07-31,24.6700,25.1000,25.2500,24.5500
2017-08-01,24.8400,24.8200,25.0000,24.7000
2017-08-02,25.3400,25.4600,25.7300,25.1100
2017-08-03,25.0300,25.2800,25.3000,24.7200
2017-08-04,24.9200,25.0700,25.1000,24.8100
2017-08-07,25.2400,24.9400,25.2900,24.8900
2017-08-08,25.1400,25.2000,25.4300,25.0400
2017-08-09,24.9200,24.9500,25.0400,24.7500
2017-08-10,24.0700,24.6700,24.7000,24.0500
2017-08-11,24.4200,24.0000,24.5200,23.8700
2017-08-14,25.0900,24.6900,25.1200,24.6000
2017-08-15,25.3700,25.2200,25.4100,25.1300
2017-08-16,25.3400,25.4300,25.4700,25.1800
2017-08-17,24.7000,25.3000,25.4300,24.6600
2017-08-18,24.9400,24.7300,25.1500,24.6100
2017-08-21,24.9600,25.1900,25.1900,24.6200
2017-08-22,25.5200,25.1800,25.6200,25.1000
2017-08-23,25.6900,25.3900,25.8900,25.3400
2017-08-24,25.5000,25.8700,25.9400,25.1100
2017-08-25,24.5600,25.2300,25.4400,24.3800
2017-08-28,24.3200,24.7000,24.7600,24.2500
2017-08-29,24.1700,24.1300,24.4600,24.0000
2017-08-30,24.6000,24.1600,24.6300,24.0900
2017-08-31,25.2100,24.6600,25.2500,24.5500
2017-09-01,25.2700,25.2300,25.5300,25.2300
2017-09-05,24.9100,25.0100,25.2700,24.7000
2017-09-06,24.9400,25.0600,25.1300,24.7700
2017-09-07,24.6600,24.9800,25.0000,24.6100
2017-09-08,24.4100,24.5900,24.6400,24.3100
2017-09-11,24.7700,24.7100,24.8200,24.6000
2017-09-12,24.7100,24.9700,24.9700,24.5500
2017-09-13,24.6200,24.5800,24.7900,24.5200
2017-09-14,24.7000,24.4600,24.7500,24.3200
2017-09-15,25.0500,24.7600,25.1200,24.5100
2017-09-18,24.9800,25.1100,25.2800,24.8600
2017-09-19,24.9800,25.1200,25.1800,24.8300
2017-09-20,24.2900,24.9700,24.9900,23.7900
2017-09-21,24.0400,24.2500,24.2700,23.8200
2017-09-22,23.9200,23.8300,24.0700,23.8100
2017-09-25,23.5500,23.7200,23.7800,23.1500
2017-09-26,23.7300,23.7900,24.0000,23.5300
2017-09-27,24.0600,23.9500,24.2700,23.8600
2017-09-28,24.2900,23.9500,24.3400,23.9500
2017-09-29,24.2500,24.2900,24.4300,24.1500
2017-10-02,24.0500,24.5300,24.5300,23.9800
2017-10-03,23.9500,24.0100,24.0900,23.7900
2017-10-04,24.2000,23.8800,24.2300,23.7500
2017-10-05,24.3700,24.3300,24.5700,24.2400
2017-10-06,24.5700,24.0300,24.5700,24.0300
2017-10-09,24.6400,24.6000,24.7300,24.5400
2017-10-10,24.6000,24.7500,24.8200,24.3000
2017-10-11,25.0400,24.5200,25.1200,24.5100
2017-10-12,24.8700,25.0400,25.1300,24.8300
2017-10-13,24.8000,25.0200,25.0800,24.7500
2017-10-16,24.6700,24.8600,24.9500,24.5600
2017-10-17,24.2600,24.5800,24.5900,24.2300
2017-10-18,24.4000,24.3300,24.4600,23.9800
2017-10-19,24.4300,24.0800,24.4400,23.8400
2017-10-20,24.4200,24.7000,24.7000,24.3800
2017-10-23,24.4300,24.5200,24.5600,24.2700
2017-10-24,24.7700,24.5100,24.8100,24.4100
2017-10-25,24.5800,24.5900,24.8900,24.4200
2017-10-26,24.3800,24.7300,24.7900,24.3800
2017-10-27,25.2900,24.4600,25.3000,24.2800
2017-10-30,26.1200,25.3300,26.2200,25.3300
2017-10-31,26.3900,26.2500,26.6700,26.1300
2017-11-01,25.9300,26.4200,26.5600,25.6900
2017-11-02,25.9500,26.2200,26.4600,24.8900
2017-11-03,27.3600,26.4000,27.8000,25.7100
2017-11-06,27.7500,27.8300,28.1800,27.0000
2017-11-07,27.1300,27.2500,27.4500,26.7500
2017-11-08,27.2400,26.9300,27.3800,26.7200
2017-11-09,26.5600,26.8600,27.0400,26.2500
2017-11-10,26.5000,26.5800,26.6600,26.3600
2017-11-13,26.5000,26.2500,26.6000,26.1600
2017-11-14,26.3300,26.3300,26.5600,26.1300
2017-11-15,26.5600,26.2300,26.7000,25.8000
2017-11-16,27.2100,26.6800,27.4600,26.6100
2017-11-17,27.1900,27.1800,27.2100,26.8400
2017-11-20,27.4900,27.2600,27.6800,27.1400
2017-11-21,27.6600,27.6100,27.8200,27.4900
2017-11-22,27.5400,27.7000,27.7700,27.4200
2017-11-24,28.2400,27.6700,28.3000,27.6500
2017-11-27,28.4600,28.0300,28.5700,27.9800
2017-11-28,27.7400,28.4900,28.4900,27.6800
2017-11-29,27.1500,27.8000,27.8100,26.4900
2017-11-30,27.7900,27.1800,27.8400,27.0100
2017-12-01,27.1600,27.5200,27.5500,26.4100
2017-12-04,26.3600,27.3900,27.4500,26.0100
2017-12-05,26.1600,26.2700,26.6100,26.0500
2017-12-06,26.3900,25.8800,26.4400,25.4200
2017-12-07,26.3900,27.4900,27.5700,26.1700
2017-12-08,25.9900,26.5800,26.6900,25.9300
2017-12-11,26.0000,25.9300,26.3600,25.8800
2017-12-12,25.8700,25.9400,26.0900,25.5700
2017-12-13,26.2000,26.0400,26.3300,26.0200
2017-12-14,25.9300,26.2300,26.3000,25.6700
2017-12-15,26.5700,26.1600,26.6000,25.8300
2017-12-18,26.4400,26.4100,26.6500,26.2600
2017-12-19,26.3700,26.3300,26.5300,26.1300
2017-12-20,26.5600,26.6100,26.6400,26.2800
2017-12-21,26.1500,26.5900,26.6200,26.1100
2017-12-22,26.2300,26.1800,26.3400,25.8700
2017-12-26,25.8100,25.7200,26.2300,25.3400
2017-12-27,25.9100,25.8800,26.1600,25.8500
2017-12-28,26.0400,26.0200,26.0800,25.8600
2017-12-29,25.6900,25.9800,26.1900,25.6600
2018-01-02,26.7000,25.9800,26.7500,25.7600
2018-01-03,26.9900,26.7300,27.0700,26.6000
2018-01-04,27.0000,27.1600,27.1800,26.8400
2018-01-05,27.1600,27.2000,27.4300,26.9500
2018-01-08,27.2300,27.0900,27.2500,26.9100
2018-01-09,26.8500,27.3100,27.3900,26.8200
2018-01-10,26.2800,26.6000,26.6100,26.0700
2018-01-11,26.3500,26.3600,26.3900,26.1600
2018-01-12,26.4300,26.3400,26.5300,26.2000
2018-01-16,26.3200,26.5200,26.7000,26.1700
2018-01-17,26.5800,26.5500,26.6500,26.0500
2018-01-18,26.9800,26.5500,27.0100,26.4500
2018-01-19,26.6400,26.9100,26.9400,26.6100
2018-01-22,26.2100,26.5700,26.6800,26.0600
2018-01-23,26.2900,26.1700,26.4400,25.8100
2018-01-24,25.6900,26.1000,26.3300,25.6000
2018-01-25,24.7300,25.7700,25.7800,24.7000
2018-01-26,25.0800,24.9400,25.0900,24.5200
2018-01-29,24.5500,24.8300,24.9500,24.3500
2018-01-30,24.1000,24.1200,24.5000,23.7000
2018-01-31,24.8000,25.0000,25.3100,24.4900
2018-02-01,23.8800,24.1700,24.5900,23.8100
2018-02-02,23.5500,23.6800,23.8000,23.4100
2018-02-05,22.8100,23.4700,24.4000,22.7600
2018-02-06,24.0400,22.5600,24.0400,22.4900
2018-02-07,23.7400,23.8800,24.3100,23.7000
2018-02-08,22.9600,23.7400,23.8500,22.9500
2018-02-09,23.5500,23.2800,23.7100,22.6200
2018-02-12,24.4400,23.7900,24.5500,23.7500
2018-02-13,24.5900,24.1000,24.6000,24.0100
2018-02-14,24.7700,24.5000,24.8600,24.3500
2018-02-15,25.1800,24.9300,25.1800,24.4400
2018-02-16,24.8900,25.1300,25.2400,24.8000
2018-02-20,24.9600,24.8800,25.5700,24.7500
2018-02-21,24.8600,25.2500,25.3500,24.8400
2018-02-22,24.9300,24.9100,25.3100,24.8300
2018-02-23,25.3700,25.2100,25.5000,25.0300
2018-02-26,25.3000,25.2000,25.4400,25.1000
2018-02-27,25.1800,25.2100,25.5700,25.1700
2018-02-28,24.6500,25.4100,25.4500,24.6000
2018-03-01,24.3300,24.5900,24.9100,24.1300
2018-03-02,25.0900,24.0400,25.1200,24.0200
2018-03-05,24.7000,24.9900,25.1300,24.3400
2018-03-06,25.1000,24.9300,25.1300,24.7300
2018-03-07,24.7000,24.8700,24.9400,24.4300
2018-03-08,24.7000,24.8300,24.8300,24.5900
2018-03-09,25.3800,24.8600,25.4300,24.7600
2018-03-12,26.2800,26.0700,26.4300,25.9600
2018-03-13,26.1200,26.6400,27.3900,26.0200
2018-03-14,26.0600,26.2000,26.2300,25.5200
2018-03-15,26.7800,26.3700,26.8900,26.3500
2018-03-16,25.4900,26.3000,26.3600,25.4400
2018-03-19,24.5000,25.3100,25.6500,24.2800
2018-03-20,24.2400,24.5100,24.8000,24.1300
2018-03-21,24.6000,24.0600,25.0600,24.0100
2018-03-22,24.3600,24.2000,24.6700,24.1500
2018-03-23,24.2500,24.3400,24.5200,24.0400
2018-03-26,24.7700,24.7700,24.8800,24.0500
2018-03-27,24.4400,24.8100,25.4300,24.1600
2018-03-28,23.6700,24.4100,24.6900,23.5600
2018-03-29,23.5700,23.8100,24.0800,23.4800
2018-04-02,22.7700,23.3900,23.6100,22.5400
2018-04-03,23.6800,23.0900,23.7000,22.7200
2018-04-04,23.7000,23.0000,23.7900,22.9500
2018-04-05,23.6300,24.0800,24.1700,23.5000
2018-04-06,22.8900,23.3700,23.6500,22.7800
2018-04-09,23.4700,23.0000,23.9700,22.9300
2018-04-10,23.9800,23.9600,24.1600,23.7700
2018-04-11,24.0300,23.8100,24.0700,23.7100
2018-04-12,23.9400,24.1400,24.2600,23.7100
2018-04-13,24.6900,25.0000,25.2000,24.4900
2018-04-16,24.9400,24.9100,24.9900,24.5700
2018-04-17,25.1700,25.0900,25.2900,24.9600
2018-04-18,24.9600,25.1000,25.1700,24.7500
2018-04-19,24.2900,24.3500,24.6300,24.0700
2018-04-20,23.7100,24.1200,24.1600,23.5000
2018-04-23,23.3400,23.8000,23.8300,23.2100
2018-04-24,22.8400,23.5700,23.6100,22.6700
2018-04-25,22.9000,22.9000,23.1100,22.5900
2018-04-26,23.0400,23.1000,23.1900,22.8300
2018-04-27,23.2800,23.3600,23.4200,23.0700
2018-04-30,22.9400,23.2600,23.4100,22.8300
2018-05-01,23.0400,23.0800,23.0800,22.6400
2018-05-02,22.8700,23.3300,23.3400,22.6800
2018-05-03,22.5200,22.6500,22.7900,22.2700
2018-05-04,23.0500,22.3600,23.2100,22.2000
2018-05-07,23.6000,23.1300,23.6900,23.1000
2018-05-08,23.8900,23.5700,23.9000,23.4800
2018-05-09,23.8000,23.5800,23.9100,23.4000
2018-05-10,24.3500,23.9700,24.3700,23.8600
2018-05-11,24.3400,24.3100,24.4500,24.1600
2018-05-14,24.4800,24.6300,24.8400,24.3800
2018-05-15,24.1600,24.2300,24.4400,23.8500
2018-05-16,24.0500,24.2100,24.2200,23.9000
2018-05-17,23.9500,23.8100,24.1700,23.8000
2018-05-18,23.6000,23.9900,24.0600,23.5900
2018-05-21,23.9100,23.9500,24.0500,23.6700
2018-05-22,23.8500,24.0200,24.1400,23.7600
2018-05-23,24.0600,23.6200,24.0600,23.6000
2018-05-24,24.3500,24.0900,24.4400,24.0000
2018-05-25,25.0000,24.4000,25.0700,24.4000
2018-05-29,24.9700,24.8600,25.1100,24.8500
2018-05-30,24.9400,25.1200,25.2000,24.9300
2018-05-31,25.2100,24.9300,25.5300,24.9000
2018-06-01,25.6300,25.4400,25.7700,25.2500
2018-06-04,25.8400,25.8000,25.9400,25.6200
2018-06-05,25.9300,25.9500,26.1400,25.8000
2018-06-06,26.3500,26.0700,26.3800,25.9700
2018-06-07,26.4700,26.3000,26.6500,26.2900
2018-06-08,25.8000,25.6700,25.9900,25.3700
2018-06-11,26.0800,25.7900,26.1800,25.6300
2018-06-12,26.1400,26.0300,26.1700,25.8400
2018-06-13,26.3600,26.1800,26.6100,26.0700
2018-06-14,26.8500,26.5000,26.9100,26.4100
2018-06-15,27.0200,26.8700,27.1800,26.6300
2018-06-18,26.4500,26.9000,26.9000,26.4200
2018-06-19,26.0900,25.6000,26.1100,25.4100
2018-06-20,26.1200,26.1500,26.4000,26.0700
2018-06-21,25.9600,26.1600,26.2600,25.8400
2018-06-22,25.9700,26.1200,26.1500,25.9000
2018-06-25,25.2400,25.6400,25.6400,25.0400
2018-06-26,25.1500,25.3000,25.4600,25.0500
2018-06-27,24.7100,25.2100,25.5200,24.6800
2018-06-28,24.4900,24.6300,24.7300,24.2300
2018-06-29,24.2600,24.7000,24.7000,24.2600
2018-07-02,24.2000,24.0100,24.2200,23.7400
2018-07-03,23.9300,24.3400,24.3400,23.9000
2018-07-05,24.5400,24.1800,24.5600,24.0700
2018-07-06,24.7700,24.4900,24.8600,24.4400
2018-07-09,24.7400,24.9000,24.9200,24.5500
2018-07-10,25.0600,24.8300,25.1800,24.7000
2018-07-11,24.3400,24.5000,24.7500,24.2600
2018-07-12,21.0000,20.7100,21.0300,19.7500
2018-07-13,20.2500,21.2500,21.4000,20.1900
2018-07-16,20.3200,20.1600,20.6400,20.0500
2018-07-17,20.8300,20.2200,20.9100,20.2000
2018-07-18,20.8800,20.7200,20.9900,20.6600
2018-07-19,21.0400,20.8300,21.1500,20.8000
2018-07-20,21.0300,21.0100,21.1200,20.8800
2018-07-23,21.6700,21.0400,21.8600,21.0400
2018-07-24,21.7300,21.7800,22.0400,21.6000
2018-07-25,22.6000,21.7700,22.8600,21.7700
2018-07-26,22.3200,22.6500,22.9800,22.1600
2018-07-27,22.1100,22.4000,22.9300,22.0100
2018-07-30,22.5200,22.1100,22.8000,22.1100
2018-07-31,22.1800,22.6700,22.8800,22.1500
2018-08-01,21.6800,22.3300,22.3900,21.6200
2018-08-02,21.6400,21.4300,21.8300,21.3200
2018-08-03,21.7800,21.5700,21.8000,21.4400
2018-08-06,21.7000,21.6600,21.8300,21.5900
2018-08-07,22.0300,21.9200,22.1800,21.7100
2018-08-08,21.9500,22.0500,22.1200,21.8900
2018-08-09,21.6600,22.0200,22.0200,21.5900
2018-08-10,21.2200,21.2800,21.4500,21.0500
2018-08-13,21.1100,21.1600,21.4000,21.0500
2018-08-14,20.7300,21.1600,21.1600,20.6800
2018-08-15,20.6600,20.5100,20.7600,20.2800
2018-08-16,20.8700,20.7800,20.8900,20.6700
2018-08-17,20.9300,20.8000,21.1200,20.5500
2018-08-20,20.6700,20.9500,21.0000,20.5900
2018-08-21,21.0500,20.7500,21.1400,20.7100
2018-08-22,20.7500,21.0500,21.1700,20.7400
2018-08-23,20.5600,20.7700,20.9100,20.5300
2018-08-24,20.9000,20.6400,20.9300,20.4700
2018-08-27,21.3000,21.0200,21.4400,20.8600
2018-08-28,21.4400,21.4600,21.6000,21.2600
2018-08-29,21.5000,21.4800,21.5800,21.3400
2018-08-30,21.6600,21.5000,21.6900,21.4600
2018-08-31,21.9000,21.6000,21.9300,21.5900
2018-09-04,21.9400,21.8600,22.0300,21.7100
2018-09-05,22.1400,22.0000,22.1800,21.9600
2018-09-06,21.6000,22.1500,22.2800,21.3900
2018-09-07,23.2600,22.4200,23.5400,22.4000
2018-09-10,24.0600,23.4700,24.0900,23.2000
2018-09-11,23.2500,23.7700,23.9700,23.0400
2018-09-12,22.9900,22.8100,23.0900,22.2800
2018-09-13,23.5400,23.3700,23.9200,23.1100
2018-09-14,23.6300,23.5200,23.7100,23.3700
2018-09-17,23.4800,24.0000,24.0300,23.4300
2018-09-18,23.9700,23.5000,24.1400,23.4900
2018-09-19,24.1800,24.0500,24.2500,23.9800
2018-09-20,24.4900,24.3000,24.6000,24.1700
2018-09-21,24.8100,24.6300,24.8800,24.5200
2018-09-24,24.9500,24.8000,25.0100,24.7300
2018-09-25,24.7700,24.9000,24.9300,24.5800
2018-09-26,24.5400,24.5600,24.8000,24.4800
2018-09-27,24.6400,24.5700,24.7900,24.4900
2018-09-28,24.6700,24.5500,24.7000,24.3900
2018-10-01,24.9500,24.7900,25.2100,24.7700
2018-10-02,24.8100,24.9100,25.1700,24.7900
2018-10-03,24.9400,24.8800,25.1300,24.7000
2018-10-04,24.8200,24.6700,24.9700,24.6200
2018-10-05,24.4200,24.8400,25.0000,24.2400
2018-10-08,24.1400,24.3300,24.5400,24.0400
2018-10-09,24.4700,24.0600,24.5700,24.0400
2018-10-10,23.1800,24.2900,24.5100,23.1600
2018-10-11,22.8900,23.2000,23.5600,22.7200
2018-10-12,23.3000,23.4800,23.5700,22.9100
2018-10-15,23.2500,23.1000,23.5300,23.0000
2018-10-16,23.8300,23.6000,23.8800,23.4200
2018-10-17,23.7200,23.9700,23.9700,23.3900
2018-10-18,22.8000,23.5400,23.6800,22.6500
2018-10-19,22.8300,23.0000,23.1100,22.6900
2018-10-22,22.8600,23.0600,23.2400,22.8000
2018-10-23,22.9100,22.2800,22.9500,21.8800
2018-10-24,21.8700,22.6400,22.6400,21.7800
2018-10-25,22.2200,21.9900,22.3400,21.9100
2018-10-26,21.3200,21.5600,21.7300,20.9200
2018-10-29,21.1500,21.6200,21.8700,20.8200
2018-10-30,22.1000,21.3800,22.1600,21.1000
2018-10-31,22.3500,22.5000,22.5700,22.1700
2018-11-01,22.9900,22.5200,23.4200,22.3700
2018-11-02,22.0800,22.5300,22.6000,21.7700
2018-11-05,22.0100,21.9000,22.1100,21.3700
2018-11-06,22.8200,22.0300,22.9200,21.9700
2018-11-07,23.4400,23.2000,23.5300,22.9200
2018-11-08,24.0200,23.2700,24.2600,23.2700
2018-11-09,23.9000,23.5000,23.9000,23.2500
2018-11-12,22.3600,23.1000,23.1900,22.0300
2018-11-13,22.4800,22.5500,22.9800,22.2300
2018-11-14,22.6200,22.6800,23.0500,22.5600
2018-11-15,23.6300,22.6200,23.9300,22.5900
2018-11-16,23.7600,23.3800,23.9200,23.1600
2018-11-19,22.9100,23.6500,24.1100,22.8500
2018-11-20,22.7700,22.3900,22.9100,22.2600
2018-11-21,23.0000,23.0200,23.3300,22.7500
2018-11-23,22.9900,22.7600,23.2700,22.7600
2018-11-26,23.5300,23.4200,23.8200,23.1600
2018-11-27,23.5800,23.3600,23.8400,23.2400
2018-11-28,23.5200,23.6500,23.8000,23.1600
2018-11-29,23.5800,23.4300,23.8600,23.2800
2018-11-30,23.7400,23.5400,23.8300,23.3400
2018-12-03,24.2100,24.5200,24.7000,24.1500
2018-12-04,23.2000,24.0500,24.1100,23.1600
2018-12-06,22.7200,22.6200,22.7300,21.7600
2018-12-07,22.8600,23.4100,23.8300,22.4500
2018-12-10,23.9300,22.8000,24.0300,22.6500
2018-12-11,24.6800,24.3500,25.0300,24.3400
2018-12-12,25.5000,25.2400,26.0200,25.2000
2018-12-13,25.8300,25.8500,26.1500,25.4600
2018-12-14,25.4800,25.5400,26.1600,25.4600
2018-12-17,25.4100,25.4000,26.1300,25.3100
2018-12-18,24.9700,25.5100,25.5600,24.8800
2018-12-19,24.3900,24.9000,25.5900,24.2500
2018-12-20,24.1900,24.4400,24.8500,23.8400
2018-12-21,24.4900,24.1900,25.1700,24.1900
2018-12-24,23.3800,24.2000,24.3700,23.3500
2018-12-26,24.8100,23.7800,24.8500,23.3500
2018-12-27,25.0900,24.5000,25.1200,24.2100
2018-12-28,25.3600,25.3000,25.8100,25.1200
2018-12-31,25.4300,25.7800,25.8500,25.0900
2019-01-02,25.3500,24.8900,25.4700,24.6500
2019-01-03,23.1000,24.4600,24.6500,23.0300
2019-01-04,23.3200,23.4300,23.6400,23.1700
2019-01-07,23.8000,23.3600,24.0200,23.0800
2019-01-08,23.6100,24.0100,24.1900,23.3400
2019-01-09,24.6300,23.8400,24.6700,23.7900
2019-01-10,24.9500,24.5600,25.0600,24.4400
2019-01-11,25.0600,24.9400,25.2900,24.9300
2019-01-14,25.0900,24.8100,25.1600,24.5900
2019-01-15,25.6500,25.2800,26.2200,25.2000
2019-01-16,25.1700,25.7200,25.7300,25.1400
2019-01-17,25.5300,25.0100,25.7300,24.8700
2019-01-18,26.0800,25.9100,26.1900,25.7000
2019-01-22,25.8300,25.8000,25.9500,25.4900
2019-01-23,25.7500,25.9500,26.0900,25.3600
2019-01-24,26.3600,26.1100,26.6800,26.0000
2019-01-25,26.7900,26.5200,26.8300,26.0900
2019-01-28,26.7600,26.1600,26.8900,25.8600
2019-01-29,26.6300,26.7300,26.7600,26.3800
2019-01-30,27.0800,27.0000,27.3800,26.7400
2019-01-31,26.8200,27.0600,27.1000,26.6400
2019-02-01,26.6800,26.9100,26.9600,26.4900
2019-02-04,27.2100,26.7500,27.2100,26.5000
2019-02-05,27.0000,27.2000,27.4600,26.9900
2019-02-06,27.6200,27.3300,28.0000,27.2700
2019-02-07,26.9100,27.2900,27.4600,26.6300
2019-02-08,27.4100,26.7300,27.4300,26.7100
2019-02-11,27.5700,27.4400,27.6000,27.3300
2019-02-12,27.9400,27.8600,28.0400,27.7100
2019-02-13,28.1300,28.0000,28.2200,27.8000
2019-02-14,28.1500,28.0600,28.2800,27.8900
2019-02-15,28.1900,28.4100,28.4100,27.8800
2019-02-19,28.1700,28.1100,28.2800,28.0200
2019-02-20,28.3400,28.3200,28.6600,28.2300
2019-02-21,28.0900,28.3200,28.3400,27.8900
2019-02-22,27.6500,28.0000,28.0000,27.4700
2019-02-25,27.8600,28.0800,28.0800,27.8500
2019-02-26,27.5000,27.7900,27.8000,27.4500
2019-02-27,27.1500,27.3200,27.5100,26.9600
2019-02-28,27.5400,27.0000,27.5700,26.8600
2019-03-01,27.2700,27.7700,27.8200,27.1100
2019-03-04,27.4900,27.5000,27.6600,27.0900
2019-03-05,27.7000,27.5500,28.0400,27.4500
2019-03-06,27.1400,27.6700,27.6900,27.0500
2019-03-07,26.5500,27.0200,27.0300,26.4100
2019-03-08,26.4200,26.1600,26.4800,25.9200
2019-03-11,26.9100,26.4900,27.0500,26.4100
2019-03-12,26.9600,26.9800,27.0000,26.4300
2019-03-13,27.1200,27.0500,27.3100,26.9000
2019-03-14,26.8200,27.2100,27.2300,26.7900
2019-03-15,29.0300,28.6500,29.9500,28.3500
2019-03-18,29.3800,29.0200,29.7000,29.0200
2019-03-19,29.9300,29.4200,30.1000,29.4100
2019-03-20,29.1000,29.8000,29.9000,29.0300
2019-03-21,29.6800,29.1900,29.9400,29.1000
2019-03-22,29.2700,29.5900,29.6400,29.1400
2019-03-25,29.2200,29.2200,29.4200,28.9000
2019-03-26,29.7000,29.4400,29.9500,29.4200
2019-03-27,29.6000,29.7600,29.8700,29.2500
2019-03-28,29.9100,29.7100,30.3300,29.5700
2019-03-29,30.0700,30.1200,30.2700,29.8300
2019-04-01,30.5800,30.3100,30.6800,29.9800
2019-04-02,30.3000,30.6200,30.7300,30.2600
2019-04-03,30.4200,30.6200,30.7400,30.1800
2019-04-04,30.2000,30.4800,30.6000,30.1700
2019-04-05,30.4300,30.4000,30.4400,30.1800
2019-04-08,30.4500,30.4100,30.5300,30.2000
2019-04-09,30.3400,30.2600,30.4100,30.0300
2019-04-10,30.7500,30.3600,30.7800,30.3000
2019-04-11,30.9400,30.8200,31.0200,30.6200
2019-04-12,31.7000,31.1400,31.7400,31.0600
2019-04-15,31.6400,31.7000,31.7500,31.3200
2019-04-16,31.8500,32.0000,32.0000,31.6100
2019-04-17,32.0500,32.0200,32.0900,31.7800
2019-04-18,31.8600,32.1000,32.2400,31.8200
2019-04-22,31.5000,31.7300,31.7900,31.4200
2019-04-23,31.5600,31.6800,31.8100,31.4200
2019-04-24,31.4300,31.4600,31.7000,31.3200
2019-04-25,31.1800,31.3000,31.3000,30.6600
2019-04-26,31.0400,30.9100,31.0900,30.5100
2019-04-29,31.2700,31.1200,31.4700,31.0400
2019-04-30,31.8400,31.3300,31.8400,31.2500
2019-05-01,31.8900,32.0500,32.3200,31.8700
2019-05-02,31.5800,32.0000,32.2200,31.4200
2019-05-03,31.5700,31.5000,31.6600,31.0700
2019-05-06,31.1600,30.6800,31.1900,30.5400
2019-05-07,30.7300,30.8600,30.9600,30.3700
2019-05-08,30.3400,30.5300,30.7700,30.3100
2019-05-09,30.4100,30.0000,30.5900,29.6900
2019-05-10,30.4000,30.3200,30.5400,29.6700
2019-05-13,29.3400,29.3800,29.5700,28.8200
2019-05-14,30.2000,29.5700,30.4600,29.5500
2019-05-15,30.4400,30.0300,30.7800,29.8600
2019-05-16,29.7300,29.9800,30.3100,29.4700
2019-05-17,28.9900,29.2800,29.3600,28.8400
2019-05-20,27.2600,27.8000,28.0000,26.8600
2019-05-21,27.5300,27.7100,27.9800,27.4600
2019-05-22,26.9200,27.0500,27.5100,26.9000
2019-05-23,26.0100,26.4600,26.5500,25.8200
2019-05-24,25.5900,26.2700,26.5700,25.5700
2019-05-28,25.4500,25.6600,25.7700,25.0100
2019-05-29,25.4100,25.2700,25.6400,25.1600
2019-05-30,25.6600,25.4700,25.7300,25.4100
2019-05-31,25.1600,25.3000,25.5700,25.1000
2019-06-03,25.3200,25.2500,25.8300,25.1200
2019-06-04,26.5700,25.7000,26.6000,25.5800
2019-06-05,26.5700,26.9000,27.1500,26.2400
2019-06-06,27.2800,26.7000,27.5000,26.5300
2019-06-07,27.4900,27.4800,27.7900,27.3300
2019-06-10,28.0200,27.6700,28.4800,27.6700
2019-06-11,28.3500,29.0500,29.1800,27.9400
2019-06-12,27.9700,28.1700,28.3200,27.7400
2019-06-13,28.1600,28.1500,28.2900,27.7400
2019-06-14,26.5900,25.8100,26.8100,25.7500
2019-06-17,26.6000,26.4800,26.8700,26.1300
2019-06-18,27.8000,26.8200,28.3000,26.6500
2019-06-19,27.7500,27.8800,27.9100,27.3700
2019-06-20,27.9100,28.2500,28.5500,27.7200
2019-06-21,27.4000,27.6600,28.1000,27.4000
2019-06-24,27.9200,27.5500,27.9500,27.5000
2019-06-25,27.6500,27.9200,28.2900,27.6000
2019-06-26,28.1400,27.8600,28.4000,27.8100
2019-06-27,28.5700,28.2900,28.8400,28.2200
2019-06-28,28.7900,28.7900,28.9300,28.4800
2019-07-01,30.0400,30.1700,30.5700,29.6300
2019-07-02,29.5300,29.8900,30.0700,29.3900
2019-07-03,28.4900,28.3700,28.8800,28.3000
2019-07-05,28.2700,28.3600,28.5400,28.2000
2019-07-08,27.5000,28.0000,28.1200,27.4400
2019-07-09,27.5500,27.3400,27.6000,27.2400
2019-07-10,27.4500,27.7900,27.8800,27.4000
2019-07-11,27.6100,27.5200,27.7500,27.3000
2019-07-12,28.5400,27.6400,28.5900,27.6400
2019-07-15,28.8300,29.1100,29.4500,28.7300
2019-07-16,28.4100,28.7000,28.7800,28.2400
2019-07-17,28.5100,28.5600,28.7300,28.3200
2019-07-18,28.9800,28.6200,29.0300,28.3800
2019-07-19,29.0000,29.1800,29.3200,28.9500
2019-07-22,29.6100,29.3000,30.0000,29.2200
2019-07-23,30.0800,29.9500,30.2400,29.9200
2019-07-24,30.3800,30.1200,30.4900,30.0500
2019-07-25,30.0400,30.2100,30.2100,29.9400
2019-07-26,30.0900,30.1600,30.3000,30.0500
2019-07-29,30.1700,30.1200,30.2500,29.7000
2019-07-30,29.9600,29.9100,30.0900,29.7100
2019-07-31,29.0000,30.0000,30.0800,28.6700
2019-08-01,28.5300,28.9100,29.7800,28.2300
2019-08-02,27.8500,28.2100,28.3800,27.5900
2019-08-05,26.7700,27.2000,27.2200,26.4100
2019-08-06,26.6400,27.0100,27.2200,26.4600
2019-08-07,27.0000,26.4000,27.2700,26.3000
2019-08-08,27.1000,27.0400,27.2600,26.2500
2019-08-09,27.5700,26.9600,28.0500,26.9600
2019-08-12,27.5600,27.3400,27.8200,27.2500
2019-08-13,28.3700,27.5300,28.5500,27.2000
2019-08-14,27.1600,27.8800,28.0200,27.0400
2019-08-15,26.8600,27.2000,27.2800,26.4800
2019-08-16,27.3800,27.2100,27.5700,27.2000
2019-08-19,27.8800,27.9500,28.0100,27.5600
2019-08-20,28.0400,27.8200,28.5000,27.7000
2019-08-21,28.7500,28.4600,28.8300,28.4100
2019-08-22,28.7600,28.8400,28.9400,28.4500
2019-08-23,27.2100,28.4000,28.5500,27.1100
2019-08-26,27.7200,27.7000,27.8000,27.5000
2019-08-27,27.5600,27.9100,28.0200,27.4900
2019-08-28,27.6100,27.4300,27.6400,27.0500
2019-08-29,28.3400,28.1500,28.5500,28.1100
2019-08-30,28.2600,28.5400,28.5900,27.9900
2019-09-03,27.4100,28.0000,28.0900,27.0900
2019-09-04,28.3000,27.8800,28.4300,27.8200
2019-09-05,29.1000,28.8400,29.3700,28.8400
2019-09-06,29.1900,29.1800,29.3300,28.9300
2019-09-09,29.2600,29.5000,29.7200,29.0400
2019-09-10,29.4400,29.1400,29.4500,28.8800
2019-09-11,29.8000,29.6300,29.8800,29.4500
2019-09-12,30.0600,30.1400,30.2300,29.6500
2019-09-13,29.0300,29.7700,29.8000,28.3900
2019-09-16,28.8700,28.6800,29.0300,28.5700
2019-09-17,28.8800,28.8000,28.9300,28.3800
2019-09-18,28.7700,28.8500,29.0800,28.3900
2019-09-19,29.0600,28.8500,29.1900,28.7200
2019-09-20,28.4300,28.7700,28.8400,28.1800
2019-09-23,28.5500,28.3600,28.7200,28.2100
2019-09-24,28.2300,28.7300,28.8900,27.9800
2019-09-25,27.5800,27.1800,27.7200,27.0000
2019-09-26,27.6900,27.5300,27.8700,27.2700
2019-09-27,27.4100,27.6600,28.1300,27.3000
2019-09-30,27.6100,27.5800,27.6700,27.2500
2019-10-01,27.4800,27.8300,27.9600,27.3400
2019-10-02,27.0100,27.3500,27.3800,26.8300
2019-10-03,27.4400,27.0000,27.4500,26.7200
2019-10-04,28.1400,27.8500,28.1700,27.5200
2019-10-07,27.6100,28.0000,28.1000,27.5700
2019-10-08,27.0300,27.4100,27.4900,26.8900
2019-10-09,27.3200,27.3700,27.4900,27.2000
2019-10-10,27.4500,27.4600,27.8800,27.3700
2019-10-11,28.0900,27.9500,28.4100,27.9100
2019-10-14,28.1700,28.0400,28.2700,27.9900
2019-10-15,29.0300,28.2600,29.0600,28.2200
2019-10-16,28.8500,28.9000,29.0100,28.6500
2019-10-17,28.9400,29.0100,29.1700,28.8300
2019-10-18,28.6700,28.9500,28.9900,28.4000
2019-10-21,28.9600,28.8400,29.1900,28.7100
2019-10-22,28.7500,28.9600,29.0900,28.7200
2019-10-23,28.0300,28.3000,28.3500,27.8800
2019-10-24,28.2300,28.2900,28.3500,27.8700
2019-10-25,28.9800,28.3300,29.1400,28.3200
2019-10-28,29.1600,29.1200,29.2500,28.8300
2019-10-29,28.8200,29.2300,29.3700,28.8100
2019-10-30,29.0200,29.0000,29.1000,28.6500
2019-10-31,29.2900,28.9800,29.4100,28.7800
2019-11-01,29.6600,29.3000,29.6600,29.2100
2019-11-04,30.5000,29.9500,30.5500,29.9100
2019-11-05,31.4000,30.5000,31.6800,30.4500
2019-11-06,31.3200,31.2100,31.4300,30.8700
2019-11-07,31.1700,31.5600,31.9500,31.0700
2019-11-08,31.3400,30.9900,31.3600,30.5100
2019-11-11,31.2700,31.1200,31.3200,31.0800
2019-11-12,31.5500,31.4000,31.6400,31.3300
2019-11-13,31.3700,31.2500,31.5700,31.2000
2019-11-14,30.9000,31.0700,31.1800,30.6100
2019-11-15,31.2900,31.2300,31.3100,31.0100
2019-11-18,31.1100,31.1800,31.3400,30.8000
2019-11-19,31.7700,31.6600,32.5700,31.6600
2019-11-20,31.1700,31.5900,31.6800,30.9000
2019-11-21,31.5200,31.1100,31.5700,30.9800
2019-11-22,31.4900,31.6600,31.9500,31.3700
2019-11-25,31.9600,31.6600,32.0200,31.6300
2019-11-26,31.6300,31.9000,32.0200,31.6100
2019-11-27,31.8400,31.7900,31.9900,31.6500
2019-11-29,31.6200,31.6800,31.7800,31.5000
2019-12-02,31.0700,31.7700,31.7900,31.0600
2019-12-03,30.6500,30.5800,30.9000,30.3100
2019-12-04,30.9700,30.9800,31.1400,30.7100
2019-12-05,31.1200,31.0600,31.2500,30.9100
2019-12-06,31.6100,31.4600,31.6300,31.2100
2019-12-09,31.4400,31.6000,31.7100,31.3900
2019-12-10,31.5100,31.5100,31.5900,31.3200
2019-12-11,31.9700,31.5200,32.1300,31.5200
2019-12-12,32.7800,31.9700,33.0200,31.9400
2019-12-13,31.5400,31.8100,31.9800,31.0600
2019-12-16,32.3100,31.8000,32.7600,31.7500
2019-12-17,32.3800,32.3700,32.4900,32.1700
2019-12-18,32.7400,32.4400,33.1200,32.3500
2019-12-19,32.4100,32.9200,32.9300,32.3700
2019-12-20,31.9000,32.2500,32.2500,31.6900
2019-12-23,31.9500,32.0500,32.2300,31.7600
2019-12-24,32.0500,32.0000,32.0700,31.9000
2019-12-26,31.8000,32.1300,32.1700,31.6800
2019-12-27,31.6500,31.9300,31.9300,31.5200
2019-12-30,31.3500,31.6500,31.7300,31.2700
2019-12-31,31.6000,31.3100,31.6400,31.2800
2020-01-02,32.2400,31.9300,32.2500,31.7300
2020-01-03,31.4200,31.7500,32.0000,31.4100
2020-01-06,31.3700,31.0800,31.3900,30.9600
2020-01-07,31.2600,31.5200,31.6600,31.2300
2020-01-08,30.8700,31.3000,31.3500,30.8400
2020-01-09,30.6300,31.2300,31.3000,30.3000
2020-01-10,29.9200,30.5500,30.5500,29.8800
2020-01-13,30.1200,30.0000,30.3800,29.9700
2020-01-14,30.8200,30.2000,30.9100,30.1600
2020-01-15,30.3100,30.7300,30.7900,30.0700
2020-01-16,30.7000,30.5000,30.7900,30.4200
2020-01-17,30.8800,30.8700,30.8900,30.4100
2020-01-21,30.8100,30.7800,30.9500,30.6300
2020-01-22,31.2900,31.0800,31.7900,31.0500
2020-01-23,31.9600,31.5200,31.9800,31.0800
2020-01-24,32.4000,33.0500,33.1600,32.0800
2020-01-27,30.9000,31.6400,31.9900,30.8600
2020-01-28,31.8300,31.3500,31.9200,31.2800
2020-01-29,31.7500,32.0800,32.5400,31.7100
2020-01-30,31.5200,31.4300,31.5500,30.8600
2020-01-31,30.5200,31.4200,31.4600,30.3600
2020-02-03,30.5200,30.5600,30.6600,30.3600
2020-02-04,31.1600,31.1800,31.4600,30.9700
2020-02-05,31.7400,31.7500,31.9800,31.5900
2020-02-06,31.9700,31.8800,31.9900,31.4200
2020-02-07,31.5200,31.8300,31.8500,31.4900
2020-02-10,31.4200,31.2400,31.4600,31.0300
2020-02-11,32.0200,31.6600,32.0800,31.6000
2020-02-12,32.4700,32.2000,32.5100,32.1600
2020-02-13,32.4000,32.1500,32.5500,32.0900
2020-02-14,31.7800,32.4800,32.5700,31.7100
2020-02-18,31.0700,31.5000,31.5000,30.8000
2020-02-19,31.5700,31.3000,31.6800,31.1700
2020-02-20,30.9200,31.4000,31.5700,30.6100
2020-02-21,30.4500,30.8500,30.9500,30.2300
2020-02-24,29.1600,29.4200,29.8800,29.0100
2020-02-25,28.2700,29.4100,29.5700,28.1100
2020-02-26,28.5900,28.4300,28.8200,28.4000
2020-02-27,27.3900,28.0300,28.5300,27.3500
2020-02-28,27.2600,26.3300,27.4100,26.2700
2020-03-02,28.5000,27.6800,28.5400,27.1200
2020-03-03,27.4300,28.4600,28.8500,27.1600
2020-03-04,28.5500,27.7500,28.5700,27.4800
2020-03-05,27.4000,27.7300,28.3100,27.2500
2020-03-06,26.9500,26.7000,27.0900,26.2500
2020-03-09,24.7700,25.1100,26.0300,24.4200
2020-03-10,26.2900,25.6600,26.3700,24.3400
2020-03-11,24.6000,25.3900,25.6500,24.2500
2020-03-12,21.8800,22.7000,24.2800,21.6300
2020-03-13,23.4200,22.5500,23.4500,20.1200
2020-03-16,18.7600,20.8200,21.8800,18.0200
2020-03-17,19.9500,19.1800,20.0000,18.1500
2020-03-18,16.7900,18.5700,18.7500,15.5700
2020-03-19,19.4500,16.7600,20.7500,16.5000
2020-03-20,19.2200,20.2000,20.8700,18.7900
2020-03-23,19.3500,19.2900,19.6000,17.7700
2020-03-24,21.2800,20.5600,21.8700,20.1300
2020-03-25,21.7500,21.2200,24.4000,20.9200
2020-03-26,24.3200,22.6000,24.4800,22.6000
2020-03-27,23.0700,23.3000,24.2100,23.0000
2020-03-30,24.0100,23.2200,24.1400,22.8400
2020-03-31,23.7100,23.8000,25.2700,23.6100
2020-04-01,22.3600,22.8000,23.4400,21.9700
2020-04-02,23.7100,22.2400,23.8000,22.1400
2020-04-03,23.4300,23.6600,24.2500,23.0500
2020-04-06,25.2400,24.4600,25.3400,24.3600
2020-04-07,25.3300,26.1800,26.5500,25.2500
2020-04-08,26.1100,25.6800,26.2200,25.3600
2020-04-09,25.4300,26.5800,26.7500,25.1300
2020-04-13,25.9900,25.3500,26.1500,25.2800
2020-04-14,26.7600,26.6100,26.8400,26.2300
2020-04-15,25.7400,26.1000,26.2300,25.6200
2020-04-16,25.8300,26.1800,26.1800,25.4100
2020-04-17,26.5900,26.3200,26.7400,25.8900
2020-04-20,25.8300,26.0000,26.5300,25.7900
2020-04-21,24.7700,25.4600,25.4800,24.6800
2020-04-22,26.0000,25.4800,26.2200,25.0700
2020-04-23,25.8900,26.0200,26.5200,25.8500
2020-04-24,26.4800,25.9800,26.5100,25.8900
2020-04-27,26.8400,26.4300,27.1200,26.4300
2020-04-28,26.4700,27.4200,27.6400,26.4100
2020-04-29,27.6000,27.1100,27.7000,26.9200
2020-04-30,27.1600,27.3500,27.4100,26.8800
2020-05-01,25.9700,26.6000,26.7900,25.8200
2020-05-04,26.2300,25.9200,26.2400,25.5300
2020-05-05,26.4900,26.6600,26.8900,26.3700
2020-05-06,26.4200,26.8300,27.0500,26.3600
2020-05-07,26.7700,27.0000,27.0500,26.6000
2020-05-08,27.5000,27.2200,27.5500,27.0000
2020-05-11,27.5400,27.3400,27.6700,27.1800
2020-05-12,26.8400,27.6600,27.7700,26.8200
2020-05-13,26.3200,27.0100,27.0300,25.9400
2020-05-14,26.6600,26.1000,26.7000,25.4800
2020-05-15,26.0400,25.9400,26.4100,25.6800
2020-05-18,27.3500,26.8600,27.6700,26.8000
2020-05-19,27.2000,27.3500,27.6000,27.1600
2020-05-20,27.8700,27.7000,28.1300,27.6100
2020-05-21,27.4800,27.8900,27.9500,27.4600
2020-05-22,27.6600,27.3700,27.7300,27.0500
2020-05-26,28.2000,28.5000,28.7100,28.1400
2020-05-27,28.7600,28.3000,28.7800,28.0000
2020-05-28,28.3100,28.5000,28.9300,28.2400
2020-05-29,29.1300,28.2900,29.2000,28.1900
2020-06-01,29.0000,29.0400,29.1100,28.7400
2020-06-02,29.8100,29.1000,29.8300,29.0100
2020-06-03,30.9500,30.1100,31.0900,30.0500
2020-06-04,30.8900,30.5700,31.3000,30.2100
2020-06-05,31.7100,31.9700,32.8100,31.5100
2020-06-08,31.7500,31.7500,31.8800,31.3400
2020-06-09,31.5300,31.2000,31.8900,31.1600
2020-06-10,31.5000,31.6600,31.9200,31.4700
2020-06-11,29.3800,30.7600,30.8600,29.3400
2020-06-12,30.0200,30.2800,30.3900,29.2700
2020-06-15,30.4100,29.5000,30.6800,29.2400
2020-06-16,31.0700,31.0000,31.4500,30.4000
2020-06-17,31.3400,31.3400,31.6700,31.1800
2020-06-18,31.8700,31.2100,31.9100,31.1500
2020-06-19,30.2800,31.7700,31.8100,30.2800
2020-06-22,31.3500,30.5500,31.4200,30.3500
2020-06-23,31.1300,31.5100,31.7400,31.1300
2020-06-24,30.7000,30.9200,31.1000,30.4500
2020-06-25,30.8900,30.6100,30.9500,30.3000
2020-06-26,30.7400,31.3600,31.5800,30.3200
2020-06-29,30.9800,30.8100,31.0400,30.4500
2020-06-30,31.5600,31.0000,31.7100,30.6800
2020-07-01,31.2700,31.5100,31.6800,31.1900
2020-07-02,31.5500,31.7700,31.9400,31.4700
2020-07-06,31.8800,32.0000,32.1000,31.7300
2020-07-07,31.3100,31.7300,31.8200,31.2500
2020-07-08,31.9600,31.6100,31.9800,31.4100
2020-07-09,32.1500,32.0000,32.4300,31.5200
2020-07-10,31.9400,32.1900,32.3000,31.5400
2020-07-13,31.1300,32.1700,32.3500,31.0600
2020-07-14,31.5100,30.9000,31.6200,30.5200
2020-07-15,31.3800,31.5900,31.7800,31.0200
2020-07-16,31.1300,31.0600,31.3900,30.9300
2020-07-17,31.2700,31.4100,31.5200,31.0000
2020-07-20,31.7100,31.1800,31.7700,31.0300
2020-07-21,31.4300,31.9200,31.9200,31.2700
2020-07-22,31.3800,31.5000,31.5700,31.0400
2020-07-23,30.9700,31.3400,31.6100,30.8400
2020-07-24,30.5800,30.6600,31.0900,30.4200
2020-07-27,31.2700,30.8300,31.3000,30.7500
2020-07-28,30.7300,31.1200,31.2100,30.6200
2020-07-29,30.8900,30.8500,31.1200,30.7400
2020-07-30,31.2100,30.6000,31.2900,30.6000
2020-07-31,31.6800,31.4700,31.8400,31.1400
2020-08-03,32.1200,31.8000,32.3500,31.7300
2020-08-04,32.8400,32.0500,32.8600,32.0400
2020-08-05,32.9500,32.8300,33.1600,32.5800
2020-08-06,32.9200,32.7800,33.0900,32.5400
2020-08-07,32.5900,32.8400,32.9700,32.1500
2020-08-10,32.7400,32.4200,32.9300,32.4100
2020-08-11,32.4000,32.7600,33.3300,32.2800
2020-08-12,33.3600,32.5900,33.5900,32.5400
2020-08-13,32.9400,33.2200,33.3400,32.7800
2020-08-14,32.7800,32.8000,32.9800,32.6000
2020-08-17,33.0300,32.9500,33.1800,32.9000
2020-08-18,32.8600,33.1900,33.3200,32.8100
2020-08-19,32.9200,32.9500,33.3100,32.8200
2020-08-20,32.8800,32.7700,33.0000,32.6100
2020-08-21,33.0000,32.8300,33.0500,32.5000
2020-08-24,33.4000,33.2000,33.6200,33.1100
2020-08-25,33.6100,33.5000,33.7100,33.3000
2020-08-26,33.9700,33.4700,34.1500,33.3500
2020-08-27,33.9100,34.0500,34.1300,33.6100
2020-08-28,34.4800,33.9000,34.4800,33.7700
2020-08-31,34.7200,34.3500,35.0600,34.3500
2020-09-01,35.9500,35.0000,36.2100,34.7400
2020-09-02,37.5000,36.5900,37.9000,36.3600
2020-09-03,35.2100,36.6000,36.8900,35.0200
2020-09-04,36.3000,36.1000,37.2500,35.3500
2020-09-08,35.0500,35.2700,36.2700,35.0000
2020-09-09,36.0000,35.6200,36.1900,35.1100
2020-09-10,35.7100,36.2100,36.7800,35.4400
2020-09-11,35.9700,36.0500,36.4300,35.4700
2020-09-14,36.2200,36.4400,36.5900,35.9300
2020-09-15,36.6900,36.6300,37.1100,36.5300
2020-09-16,36.7000,36.8200,37.2000,36.6300
2020-09-17,36.5900,35.5000,37.0100,35.5000
2020-09-18,35.9700,36.7100,36.7800,35.5100
2020-09-21,35.1800,35.0000,35.2000,34.3500
2020-09-22,36.1600,35.6400,36.1800,35.3000
2020-09-23,35.1600,36.0200,36.1200,35.0000
2020-09-24,35.2500,35.0200,35.7600,34.9100
2020-09-25,35.6800,35.2000,35.7700,34.8300
2020-09-28,36.7300,36.1700,36.8400,35.9000
2020-09-29,36.4300,36.7500,37.0800,36.4000
2020-09-30,36.4300,36.3000,37.1000,36.1700
2020-10-01,36.8600,36.9000,37.0700,36.4800
2020-10-02,35.6800,36.0000,36.4900,35.6200
2020-10-05,36.6100,36.0800,36.6900,35.9900
2020-10-06,36.4000,36.6100,37.2000,36.2000
2020-10-07,36.6700,36.8400,36.9900,36.6100
2020-10-08,37.3300,36.9900,37.4300,36.8300
2020-10-09,37.6700,37.5900,38.0000,37.4000
2020-10-12,38.2400,38.1800,38.5100,37.9800
2020-10-13,38.1500,38.4400,38.7800,37.8600
2020-10-14,38.0300,38.3500,38.3700,37.7800
2020-10-15,37.9900,37.5100,38.0500,37.5000
2020-10-16,37.8700,38.3300,38.3300,37.8100
2020-10-19,37.5800,38.1200,38.3600,37.5200
2020-10-20,37.7000,37.7000,38.1100,37.5600
2020-10-21,37.2000,37.5800,37.6900,37.0300
2020-10-22,37.3400,37.1100,37.4300,36.7100
2020-10-23,37.2700,37.3300,37.3900,37.0800
2020-10-26,36.3000,36.9600,37.0000,35.7600
2020-10-27,35.9600,36.5200,36.5200,35.9200
2020-10-28,34.7200,35.4000,35.4900,34.5500
2020-10-29,35.5000,34.7300,35.9400,34.5400
2020-10-30,34.9600,34.9400,35.3000,34.4400
2020-11-02,35.1200,35.5000,35.5400,34.8300
2020-11-03,35.3800,35.5900,35.9200,34.6700
2020-11-04,36.4600,36.0500,36.9000,35.7100
2020-11-05,38.0900,37.2400,38.2700,37.2000
2020-11-06,38.0600,38.0100,38.3700,37.7200
2020-11-09,37.5500,38.9100,39.3900,37.5000
2020-11-10,36.3100,37.0300,37.3200,36.0400
2020-11-11,37.5900,37.0900,37.7100,36.8500
2020-11-12,37.0200,37.7200,37.8600,36.8300
2020-11-13,37.3500,37.5000,37.7300,37.1600
2020-11-16,38.0800,37.4800,38.1400,37.4000
2020-11-17,38.0600,37.8700,38.2400,37.7000
2020-11-18,38.0600,37.9900,38.4900,37.9600
2020-11-19,38.4300,37.7700,38.4800,37.4400
2020-11-20,38.3300,38.4300,38.8800,38.2700
2020-11-23,38.7000,38.5400,38.9100,38.3000
2020-11-24,39.2200,38.8600,39.2800,38.6200
2020-11-25,39.0800,39.2800,39.5500,38.9000
2020-11-27,39.4900,39.3100,39.9200,39.3000
2020-11-30,40.1600,39.4000,40.2200,39.2700
2020-12-01,40.4600,40.3500,40.6700,40.0100
2020-12-02,40.3700,40.4700,40.5400,40.1100
2020-12-03,39.9800,40.4500,40.6600,39.8100
2020-12-04,41.1700,40.2400,41.2400,40.2400
2020-12-07,42.0900,41.6400,42.2800,41.3300
2020-12-08,42.3400,41.9300,42.6700,41.8200
2020-12-09,41.6200,41.9500,42.6100,41.3700
2020-12-10,41.0000,41.1400,41.5200,40.8000
2020-12-11,40.5800,40.4000,40.7000,39.8300
2020-12-14,41.1800,40.6500,41.4300,40.6000
2020-12-15,41.8100,41.5300,41.9400,41.3000
2020-12-16,42.4900,41.8000,42.7100,41.7000
2020-12-17,42.6100,42.6500,43.0000,42.4500
2020-12-18,43.4600,42.4800,43.5600,42.2000
2020-12-21,42.8900,42.8100,43.2000,42.3700
2020-12-22,43.3100,42.8900,43.3500,42.8000
2020-12-23,42.5500,43.5000,43.6000,42.5100
2020-12-24,43.1500,42.8500,43.2000,42.7600
2020-12-28,43.1900,43.4300,43.7300,43.1200
2020-12-29,42.9000,43.5800,43.5800,42.6800
2020-12-30,43.4800,43.1700,43.8000,43.0100
2020-12-31,43.7800,43.6300,43.8500,43.3000
2021-01-04,42.5200,43.9300,44.2200,42.1200
2021-01-05,42.8100,42.5100,42.9400,42.2400
2021-01-06,42.5500,42.3300,43.4600,42.0500
2021-01-07,44.3400,43.2100,44.4600,43.0600
2021-01-08,44.5600,44.7000,45.0000,43.8600
2021-01-11,44.5800,44.0600,44.8800,44.0400
2021-01-12,44.9400,44.7800,45.4800,44.5600
2021-01-13,45.1200,45.0300,45.3500,44.8100
2021-01-14,45.2100,45.3500,45.8500,45.1300
2021-01-15,44.5900,44.8200,45.0000,44.0700
2021-01-19,45.9300,44.8300,45.9500,44.8300
2021-01-20,46.1900,45.9500,46.5800,45.5000
2021-01-21,46.6800,46.2100,46.9500,46.0400
2021-01-22,46.5000,46.3700,46.7600,46.2400
2021-01-25,46.4800,46.9600,47.0000,45.6100
2021-01-26,46.3900,46.2700,46.7000,46.1900
2021-01-27,44.4700,45.5500,45.7000,44.1500
2021-01-28,45.1700,45.5500,45.8500,44.7000
2021-01-29,45.0500,44.9900,45.8100,44.7600
2021-02-01,46.6700,45.5900,46.9300,45.3600
2021-02-02,47.6900,46.9800,47.7000,46.8000
2021-02-03,46.5200,47.6900,47.8500,46.4600
2021-02-04,47.0600,46.0000,47.1200,45.7500
2021-02-05,46.6000,47.4300,47.6900,46.5400
2021-02-08,47.2700,46.8800,47.3400,46.5600
2021-02-09,47.4600,47.2000,47.5200,46.8600
2021-02-10,47.0100,47.7200,47.7500,46.5500
2021-02-11,47.8400,47.3700,47.9400,46.9200
2021-02-12,48.6300,47.8400,48.7000,47.4900
2021-02-16,48.9100,49.0900,49.4800,48.7000
2021-02-17,48.2500,48.4200,48.6100,47.5100
2021-02-18,48.3300,48.0200,48.5400,47.5100
2021-02-19,49.0000,48.7300,49.5100,48.6800
2021-02-22,47.6400,48.4000,48.6600,47.5300
2021-02-23,47.1900,47.1100,47.4600,45.6100
2021-02-24,48.0900,46.7700,48.1400,46.2700
2021-02-25,45.7200,47.4800,47.9400,45.5200
2021-02-26,46.9900,46.7500,47.5800,46.0700
2021-03-01,48.9600,47.9700,49.0000,47.3900
2021-03-02,48.0500,49.0400,49.0900,47.9600
2021-03-03,46.3100,47.8000,48.1400,46.2000
2021-03-04,44.3600,46.1700,46.7000,44.1400
2021-03-05,45.0100,45.4200,45.6000,43.3000
2021-03-08,42.1200,44.6800,44.8000,41.9300
2021-03-09,44.3600,43.5700,44.6900,43.0600
2021-03-10,43.7600,44.7300,45.4000,43.5100
2021-03-11,45.3700,44.9000,45.7400,44.2100
2021-03-12,45.1200,44.5400,45.3500,44.4500
2021-03-15,47.0800,45.5200,47.1200,45.3200
2021-03-16,47.8200,47.1300,48.4000,46.7400
2021-03-17,48.3600,47.0300,48.7300,47.0000
2021-03-18,46.4100,47.4600,48.3400,46.3800
2021-03-19,47.4500,45.7000,47.6700,45.4100
2021-03-22,47.5300,47.2900,48.1300,47.1700
2021-03-23,46.4100,47.3800,47.5400,46.2700
2021-03-24,45.7300,46.9500,47.0000,45.6900
2021-03-25,46.1700,45.5000,46.4000,44.9300
2021-03-26,48.2000,45.6600,48.3000,45.6600
2021-03-29,47.2600,48.0400,48.1200,46.8300
2021-03-30,45.6200,46.3900,46.4000,45.1600
2021-03-31,46.3700,45.9000,46.7100,45.2400
2021-04-01,47.5900,47.2100,47.6600,46.9200
2021-04-05,48.8500,48.0300,48.9600,47.6800
2021-04-06,48.3900,48.3100,48.8200,47.7700
2021-04-07,48.2500,48.0000,48.3900,47.8000
2021-04-08,48.5500,48.8000,48.8000,48.0100
2021-04-09,48.5100,48.0000,48.5300,47.6500
2021-04-12,48.3700,48.1900,48.5400,47.8600
2021-04-13,48.5000,48.5000,48.8200,48.0300
2021-04-14,47.7300,48.2500,48.9200,47.5200
2021-04-15,48.0000,48.1600,48.2300,47.6800
2021-04-16,47.8800,48.0500,48.1800,47.6800
2021-04-19,46.2000,47.6500,47.6800,46.0100
2021-04-20,45.7300,46.0000,46.2000,45.4500
2021-04-21,45.9800,45.5200,46.0300,45.2600
2021-04-22,45.5100,45.5100,46.1100,44.9000
2021-04-23,46.6100,45.8500,46.7800,45.7500
2021-04-26,47.1900,46.7000,47.3800,46.3600
2021-04-27,46.6300,47.3700,47.4300,46.5100
2021-04-28,45.9200,46.5400,46.6000,45.6000
2021-04-29,46.6300,46.9700,46.9700,45.9000
2021-04-30,45.6200,45.9700,46.0700,45.3800
2021-05-03,45.0100,45.9800,45.9800,44.8300
2021-05-04,44.4500,44.7200,44.7700,43.7300
2021-05-05,44.3800,45.0400,45.1400,44.2400
2021-05-06,44.8600,44.3800,44.9100,43.9800
2021-05-07,45.2600,45.4600,45.8400,44.9200
2021-05-10,43.6100,44.8400,44.8500,43.5800
2021-05-11,44.0100,42.5000,44.1800,42.3000
2021-05-12,42.2400,42.9300,43.0900,41.9100
2021-05-13,43.0600,42.9900,43.4800,42.5600
2021-05-14,44.1600,43.6400,44.5100,43.2000
2021-05-17,43.9900,44.2100,44.2100,43.2800
2021-05-18,43.3700,44.3900,44.4400,43.3300
2021-05-19,44.1700,42.6000,44.2500,42.5700
2021-05-20,45.5000,44.5800,45.9300,44.5300
2021-05-21,45.1200,45.8000,45.8000,44.9300
2021-05-24,45.9200,45.6900,46.2400,45.6400
2021-05-25,45.9500,46.1900,46.3000,45.6500
2021-05-26,46.0500,46.0800,46.2100,45.5500
2021-05-27,46.7700,46.0000,46.8400,45.9600
2021-05-28,47.2300,47.0000,47.4600,46.7700
2021-06-01,46.8300,47.5400,47.8000,46.7200
2021-06-02,47.3700,47.1800,47.7700,46.9500
2021-06-03,46.4800,46.8800,46.9800,46.3300
2021-06-04,47.5000,47.0500,47.8400,46.9500
2021-06-07,46.3800,47.3000,47.4500,46.2500
2021-06-08,46.3500,46.8000,47.2400,46.3500
2021-06-09,46.3900,46.7200,46.7200,46.1700
2021-06-10,46.8700,46.5500,46.9500,46.0200
2021-06-11,47.0700,46.8400,47.2100,46.7100
2021-06-14,47.5800,47.0500,47.5900,46.6100
2021-06-15,47.0700,47.6600,47.6600,46.8500
2021-06-16,46.5800,47.0300,47.1100,46.1500
2021-06-17,47.1200,46.4900,47.5200,46.3900
2021-06-18,46.3500,46.7300,46.9800,46.0500
2021-06-21,46.4600,46.1200,46.5400,45.8400
2021-06-22,46.4500,46.6600,46.8600,46.1300
2021-06-23,46.6700,46.3900,46.7900,46.3000
2021-06-24,47.0100,46.9900,47.3700,46.8600
2021-06-25,46.2200,47.1300,47.2400,46.0000
2021-06-28,47.2800,46.6000,47.6300,46.5500
2021-06-29,47.7200,47.2400,47.7300,47.0700
2021-06-30,47.6800,47.8100,47.8600,47.2500
2021-07-01,46.9600,47.7800,47.7800,46.8900
2021-07-02,46.8200,47.6800,47.8600,45.5700
2021-07-06,47.3300,47.0400,47.6700,46.8300
2021-07-07,46.9500,47.5000,47.5400,46.6400
2021-07-08,47.0500,46.4400,47.1100,46.1600
2021-07-09,48.0200,46.9600,48.0900,46.8000
2021-07-12,48.5800,48.1300,49.4000,47.3300
2021-07-13,48.4000,48.5300,48.7500,48.2000
2021-07-14,48.1600,48.9200,49.2000,48.0700
2021-07-15,47.7300,48.3300,48.4500,47.3100
2021-07-16,46.8100,47.9100,48.0300,46.7300
2021-07-19,46.5700,46.3500,46.6000,45.7600
2021-07-20,46.8600,46.7900,47.2300,46.3300
2021-07-21,47.9000,46.9600,47.9300,46.8500
2021-07-22,47.6300,47.6600,47.9000,47.4500
2021-07-23,48.3100,48.0000,48.3600,47.6800
2021-07-26,48.2200,48.2200,48.3600,47.9700
2021-07-27,47.5400,48.0800,48.1800,46.7800
2021-07-28,47.7700,47.6700,47.9100,47.4300
2021-07-29,48.4100,47.8500,48.5800,47.7400
2021-07-30,48.5400,48.2000,48.6300,47.9600
2021-08-02,48.4700,48.9100,49.4600,48.3500
2021-08-03,48.6800,48.5500,48.7800,48.0000
2021-08-04,48.7800,48.8500,49.0000,48.4000
2021-08-05,48.7700,49.0400,49.0400,48.4900
2021-08-06,48.5400,48.5100,48.8100,48.4000
2021-08-09,48.4700,48.6500,48.6800,48.1000
2021-08-10,48.2300,48.5900,48.6500,47.7800
2021-08-11,48.3500,48.4800,48.6000,47.9800
2021-08-12,48.4300,48.2300,48.5000,47.6700
2021-08-13,48.6200,48.2600,48.9000,48.2100
2021-08-16,48.8100,48.4800,48.8900,48.4400
2021-08-17,47.8700,48.5600,48.6200,47.4500
2021-08-18,46.9000,47.6600,47.7100,46.8300
2021-08-19,47.3500,46.6300,47.5800,46.2700
2021-08-20,47.5200,47.2800,47.6200,47.0400
2021-08-23,48.2400,47.6300,48.6200,47.5700
2021-08-24,48.1400,48.2400,48.3000,48.0200
2021-08-25,48.3400,48.1600,48.6300,48.1600
2021-08-26,48.5700,48.3000,48.8100,48.0600
2021-08-27,49.5900,48.8000,49.6400,48.6600
2021-08-30,49.8900,50.0000,50.7800,49.8300
2021-08-31,49.7200,50.1300,50.1300,49.2700
2021-09-01,49.3200,49.6300,49.9200,49.2900
2021-09-02,49.1900,49.5800,49.6000,49.0200
2021-09-03,49.7700,49.5900,50.6000,49.5000
2021-09-07,49.6600,49.7600,49.7600,49.1000
2021-09-08,49.4400,49.9600,49.9900,48.8100
2021-09-09,49.3500,49.2800,49.8700,49.2800
2021-09-10,49.8100,49.7000,50.6000,49.6500
2021-09-13,49.9000,50.2000,50.2500,49.3300
2021-09-14,50.1900,50.2000,50.5400,49.8400
2021-09-15,50.9700,50.2100,51.0700,49.9400
2021-09-16,50.7300,50.5200,50.9100,50.0200
2021-09-17,50.6000,50.4000,50.7600,50.1000
2021-09-20,49.4800,49.9000,50.3000,48.8400
2021-09-21,49.1000,49.3500,49.3800,48.7000
2021-09-22,50.0600,49.4200,50.3000,49.2200
2021-09-23,50.4300,50.2500,50.7300,50.0600
2021-09-24,50.4900,50.2300,50.5500,50.0800
2021-09-27,50.4800,49.9800,50.5800,49.7400
2021-09-28,49.1000,49.7000,50.1500,49.0500
2021-09-29,48.9500,49.3600,49.4300,48.7700
2021-09-30,48.4900,49.4500,49.4500,48.4500
2021-10-01,48.7300,48.7800,48.8700,47.7500
2021-10-04,47.5900,48.4900,48.6600,47.2800
2021-10-05,48.5400,47.5900,48.9800,47.5300
2021-10-06,48.8800,48.3100,48.9400,47.9700
2021-10-07,49.3900,49.2600,49.9900,49.2600
2021-10-08,49.2800,49.6800,49.8000,49.1300
2021-10-11,49.2300,49.1200,49.9600,49.0900
2021-10-12,48.5300,49.5800,49.6700,48.2000
2021-10-13,48.5000,48.1200,48.5400,47.9500
2021-10-14,49.7600,49.1900,49.9100,49.0800
2021-10-15,50.3300,50.4400,50.5900,50.1100
2021-10-18,50.3400,50.0400,50.4000,49.8700
2021-10-19,51.0400,50.4300,51.0900,50.1800
2021-10-20,50.9400,51.1000,51.3400,50.8400
2021-10-21,51.4100,50.9400,51.4800,50.8600
2021-10-22,51.5400,51.4700,52.1400,51.3000
2021-10-25,52.2100,51.7500,52.4500,51.5200
2021-10-26,53.3900,52.5200,53.5000,52.4000
2021-10-27,52.3100,53.1800,53.6100,52.1900
2021-10-28,52.9600,52.4100,52.9900,52.3400
2021-10-29,53.1700,52.3500,53.2200,52.3500
2021-11-01,52.8000,53.0300,53.2600,52.4900
2021-11-02,53.7100,52.7400,54.0800,52.6700
2021-11-03,54.2400,53.9100,54.3800,53.3800
2021-11-04,54.8600,54.3800,54.9100,54.0900
2021-11-05,55.8900,55.0000,55.9700,54.9800
2021-11-08,55.9000,56.2000,56.3900,55.8100
2021-11-09,55.7800,55.9200,56.1900,55.5100
2021-11-10,54.8800,55.4300,56.0900,54.8000
2021-11-11,55.5400,55.2700,55.7100,54.8800
2021-11-12,56.3200,55.8400,56.5800,55.4600
2021-11-15,56.5800,56.7700,56.7700,55.9800
2021-11-16,56.8800,56.4100,56.9500,56.2700
2021-11-17,56.9600,56.8100,57.1400,56.4100
2021-11-18,57.4800,57.1100,57.6700,56.9600
2021-11-19,56.8700,57.6300,57.7200,56.5900
2021-11-22,55.3300,57.1700,57.2000,55.2500
2021-11-23,55.5100,55.2400,55.5900,54.8500
2021-11-24,55.8700,55.3200,55.9100,54.7400
2021-11-26,54.6600,55.1800,55.7300,54.3300
2021-11-29,56.4300,55.6200,56.7600,55.3700
2021-11-30,55.3700,56.3300,56.5000,55.2000
2021-12-01,55.4800,56.3500,56.8500,55.3300
2021-12-02,55.2400,54.6100,55.9100,54.4000
2021-12-03,55.8100,56.4900,56.9000,55.0400
2021-12-06,56.5000,56.4600,56.8400,55.5900
2021-12-07,59.0400,57.2000,59.3100,57.2000
2021-12-08,58.8600,59.0900,59.0900,58.2400
2021-12-09,58.3400,58.2400,59.0200,58.2400
2021-12-10,63.1700,62.4000,64.4700,61.8600
2021-12-13,62.1700,63.4000,63.4400,62.1200
2021-12-14,61.4900,61.7800,61.8600,60.5600
2021-12-15,63.9900,61.5600,64.0900,61.0300
2021-12-16,62.0700,63.7400,64.0700,61.1500
2021-12-17,63.5000,61.7500,64.0000,61.5100
2021-12-20,64.5000,62.6300,64.6100,62.5100
2021-12-21,64.6200,64.8100,64.9500,63.3300
2021-12-22,65.5200,64.3300,65.7200,63.9300
2021-12-23,66.4800,65.6100,67.0700,65.6100
2021-12-27,67.4300,66.4800,67.6300,66.4500
2021-12-28,66.9000,67.7500,67.7800,66.7000
2021-12-29,67.2600,66.9800,67.7000,66.9100
2021-12-30,66.5100,67.3100,67.5700,66.3800
2021-12-31,66.5400,66.7000,67.1300,66.3300
2022-01-03,66.3300,66.6300,67.1700,66.1200
2022-01-04,67.0900,66.2900,67.2200,65.7200
2022-01-05,64.3000,67.1200,67.1200,64.2000
2022-01-06,63.7000,64.0200,64.8600,63.4400
2022-01-07,61.9100,63.5900,63.9900,61.8500
2022-01-10,62.1200,60.8900,62.2000,60.3600
2022-01-11,62.2000,61.5500,62.8000,61.4600
2022-01-12,62.2000,62.7500,63.1000,61.9700
2022-01-13,59.7200,62.7500,62.7900,59.4100
2022-01-14,59.6400,59.5800,60.0400,59.2000
2022-01-18,57.7800,58.8300,59.1000,57.6000
2022-01-19,56.4000,58.1600,58.4700,56.3300
2022-01-20,54.7700,56.8000,57.0100,54.6800
2022-01-21,53.3200,54.6600,55.5400,53.1300
2022-01-24,54.1600,53.0900,54.3500,51.3400
2022-01-25,53.4100,52.8000,54.5400,52.4200
2022-01-26,55.7100,55.2000,57.4200,55.0100
2022-01-27,54.2300,56.9700,57.0300,54.1000
2022-01-28,56.0100,54.3400,56.0500,53.2400
2022-01-31,58.5900,55.9400,58.6400,55.6000
2022-02-01,59.2700,58.5900,59.3900,57.5800
2022-02-02,60.3400,59.9000,60.4800,59.3600
2022-02-03,58.0900,59.5700,59.9000,58.0100
2022-02-04,59.0200,57.6400,59.6500,57.6100
2022-02-07,58.7600,59.0200,60.1600,58.4200
2022-02-08,60.0200,58.8400,60.1900,58.7000
2022-02-09,61.1300,60.7400,61.1700,60.1600
2022-02-10,59.1400,59.5300,61.4600,58.8600
2022-02-11,57.3400,59.1400,59.9800,56.9100
2022-02-14,57.8600,57.5000,58.2800,57.0100
2022-02-15,60.2800,58.9000,60.6000,58.8300
2022-02-16,59.7200,59.4100,60.0800,58.7200
2022-02-17,57.9000,58.9700,59.1600,57.8900
2022-02-18,58.0000,58.0900,58.7700,57.3300
2022-02-22,57.7500,58.0000,59.0200,56.9800
2022-02-23,56.5200,58.0200,58.5100,56.4700
2022-02-24,58.0000,55.1600,58.5700,54.9000
2022-02-25,58.8000,57.9800,58.9400,57.4000
2022-02-28,58.7400,58.1000,59.2300,57.6400
2022-03-01,57.0100,58.4800,58.7600,56.5300
2022-03-02,58.5800,57.4500,59.0500,57.3600
2022-03-03,57.8600,59.3700,59.3700,57.4300
2022-03-04,59.6000,59.2800,60.5900,58.4000
2022-03-07,57.0700,59.7100,59.8800,57.0000
2022-03-08,57.5900,57.2200,59.6000,56.3600
2022-03-09,59.7000,58.8800,60.1600,58.7000
2022-03-10,58.7700,58.5600,59.0000,57.6400
2022-03-11,57.7800,59.2000,59.4400,57.7100
2022-03-14,56.7800,57.7000,58.0000,56.4800
2022-03-15,59.2800,57.7300,59.6800,57.5000
2022-03-16,60.7100,59.6600,60.7700,58.4100
2022-03-17,60.2700,60.4700,60.7000,59.7600
2022-03-18,61.0400,60.4000,61.3200,59.6000
2022-03-21,60.1300,60.5600,60.5600,58.8900
2022-03-22,61.1300,60.1700,61.3500,59.9300
2022-03-23,59.9400,60.8000,61.1400,59.9200
2022-03-24,62.6400,60.6600,62.7200,60.2000
2022-03-25,62.8900,62.7100,63.0400,62.0100
2022-03-28,63.2900,62.5900,63.3300,61.5800
2022-03-29,64.1500,64.0000,64.5300,63.0000
2022-03-30,63.1100,63.8900,64.4300,62.7300
2022-03-31,62.9700,63.0500,63.9000,62.8000
2022-04-01,62.7000,63.1700,63.4600,61.8700
2022-04-04,63.4800,62.6400,63.6700,62.4500
2022-04-05,61.4100,62.9500,63.2300,61.3000
2022-04-06,60.2000,60.2100,61.1600,59.3800
2022-04-07,60.3000,59.9800,60.7600,59.3200
2022-04-08,58.7000,59.7400,59.8600,58.6000
2022-04-11,58.0600,58.2600,58.9300,57.9400
2022-04-12,58.5100,58.9100,59.8600,58.2200
2022-04-13,59.2500,58.8500,59.6700,58.6000
2022-04-14,57.3800,59.5000,59.7100,57.2900
2022-04-18,58.6500,57.2800,59.1200,57.2800
2022-04-19,59.7600,57.9400,59.8700,57.9400
2022-04-20,59.7700,60.4200,61.3400,59.5100
2022-04-21,59.2700,60.5500,61.5900,59.0700
2022-04-22,58.7000,59.0100,59.8700,58.6300
2022-04-25,58.7900,58.1500,58.8800,57.1100
2022-04-26,56.0100,58.3800,58.5500,55.9700
2022-04-27,55.9500,55.5800,57.0100,55.5000
2022-04-28,57.8900,56.5900,58.5000,55.8000
2022-04-29,55.4400,57.2600,57.8300,55.3400
2022-05-02,57.6300,55.7100,57.7600,55.6400
2022-05-03,58.1200,57.6000,58.6700,57.1800
2022-05-04,60.3700,58.1800,60.4100,57.4000
2022-05-05,58.0000,59.4200,59.7900,57.4300
2022-05-06,58.0100,57.4900,59.0000,56.9400
2022-05-09,56.2900,57.2900,57.8000,56.0300
2022-05-10,58.1400,58.0500,59.1200,57.1800
2022-05-11,56.7100,57.4600,58.4700,56.5900
2022-05-12,57.1600,56.3400,57.3600,55.8300
2022-05-13,58.8200,57.7000,59.1600,57.3500
2022-05-16,58.2700,58.4400,58.9100,57.7700
2022-05-17,60.8100,59.5500,60.9000,59.3600
2022-05-18,57.0600,60.0000,60.0700,56.6200
2022-05-19,54.6200,55.8000,56.0800,53.9000
2022-05-20,54.3200,55.3900,55.5000,51.2400
2022-05-23,52.6400,52.4000,53.5600,51.4300
2022-05-24,52.4200,52.6700,52.8900,51.6200
2022-05-25,53.1600,52.3900,53.7400,52.3900
2022-05-26,55.0700,53.1500,55.4600,52.7700
2022-05-27,58.3300,56.2100,58.5500,56.0000
2022-05-31,58.0100,58.4500,58.7000,57.6000
2022-06-01,57.3600,58.7600,59.0900,56.8400
2022-06-02,57.6700,57.7700,57.7800,56.8100
2022-06-03,56.3300,56.8900,56.9600,56.1000
2022-06-06,56.1200,57.1500,57.2700,55.7500
2022-06-07,57.3000,56.0500,57.4500,55.7500
2022-06-08,56.5400,57.1800,57.6300,56.2100
2022-06-09,55.6200,56.1200,57.3600,55.5900
2022-06-10,54.1300,55.0100,55.1000,53.9700
2022-06-13,51.7600,52.6800,53.3000,51.6000
2022-06-14,52.0200,52.5000,52.5000,51.4600
2022-06-15,52.6700,52.9100,53.3800,51.5500
2022-06-16,49.7200,51.2000,51.4400,49.2300
2022-06-17,49.8700,49.5000,50.0400,48.7900
2022-06-21,50.3800,50.4100,51.0900,50.2900
2022-06-22,49.6100,49.6300,50.3800,49.4200
2022-06-23,49.6600,50.1700,50.1700,49.1000
2022-06-24,50.9100,50.5000,51.1800,50.1400
2022-06-27,50.5700,51.3800,51.4000,50.2800
2022-06-28,49.8500,51.2600,51.4200,49.8100
2022-06-29,49.0400,49.5500,49.5900,48.6700
2022-06-30,48.5800,48.8000,49.3700,48.0700
2022-07-01,47.7800,47.9400,48.4300,46.9400
2022-07-05,47.6300,47.2000,47.6900,46.3900
2022-07-06,48.2600,48.0500,48.7100,47.5500
2022-07-07,49.8500,48.8100,50.1400,48.8100
2022-07-08,49.8700,49.3000,49.9600,49.0000
2022-07-11,48.2900,48.9500,49.1600,48.1000
2022-07-12,48.1400,48.7800,49.2600,48.0100
2022-07-13,48.1700,47.5000,48.5600,47.2300
2022-07-14,48.4600,48.2400,48.6700,47.3400
2022-07-15,49.4500,49.0800,49.4700,48.6100
2022-07-18,49.1100,50.0200,50.2400,48.8200
2022-07-19,50.9000,49.6800,51.1300,49.5900
2022-07-20,51.1800,50.9500,51.7600,50.4500
2022-07-21,51.7700,51.2600,51.7800,50.6000
2022-07-22,51.2500,51.8800,51.9800,50.6700
2022-07-25,51.3100,51.0500,51.3300,50.6500
2022-07-26,51.1100,51.4600,51.6800,50.8900
2022-07-27,52.7800,51.8200,53.0200,51.6900
2022-07-28,53.3600,52.8600,53.6500,52.0600
2022-07-29,53.5500,53.2000,53.7800,53.0300
2022-08-01,53.6400,53.1400,53.9800,53.0400
2022-08-02,53.1200,53.3200,53.9200,52.7200
2022-08-03,54.6700,53.5300,54.8000,53.4100
2022-08-04,55.2800,54.8400,55.3100,54.5000
2022-08-05,55.1400,54.4900,55.2000,54.3300
2022-08-08,54.5500,54.9400,55.3000,53.8700
2022-08-09,53.2800,53.9100,53.9400,52.7800
2022-08-10,55.0400,54.6100,55.1000,53.9200
2022-08-11,54.5400,55.4000,55.7800,54.4200
2022-08-12,55.8200,54.7800,55.8400,54.5600
2022-08-15,55.9000,55.4200,55.9800,55.0500
2022-08-16,55.1700,55.7500,55.7900,54.6000
2022-08-17,53.8600,54.4400,54.4700,53.1000
2022-08-18,55.8500,54.3400,56.0600,54.1600
2022-08-19,54.8400,55.0900,55.5600,54.7900
2022-08-22,52.8800,54.2600,54.3100,52.7100
2022-08-23,52.9800,53.3800,53.7600,52.8900
2022-08-24,53.0800,52.9600,53.1300,52.3400
2022-08-25,55.0100,53.3500,55.0500,53.2300
2022-08-26,52.0900,54.8800,55.1000,52.0000
2022-08-29,51.4200,52.0000,52.2700,51.2000
2022-08-30,50.6400,51.6800,51.7900,50.1400
2022-08-31,49.9100,51.0200,51.0200,49.6500
2022-09-01,49.2000,49.1500,49.3300,48.0800
2022-09-02,50.0200,51.8000,51.9800,49.8300
2022-09-06,49.8200,49.8500,50.4000,49.0400
2022-09-07,50.5100,50.2900,50.9400,49.9100
2022-09-08,51.1900,50.2600,51.2700,49.8700
2022-09-09,52.2400,51.5400,52.6000,51.5400
2022-09-12,52.9100,52.6700,53.1300,52.4600
2022-09-13,50.3700,51.3800,51.8300,50.1700
2022-09-14,51.0800,50.7100,51.3000,50.2800
2022-09-15,50.0100,50.8900,51.1600,49.7300
2022-09-16,50.2500,49.7700,50.3700,48.9900
2022-09-19,50.1800,49.4400,50.3400,49.4400
2022-09-20,49.3100,49.6000,49.8800,48.9700
2022-09-21,48.2100,49.1000,49.9900,48.1800
2022-09-22,47.7600,48.2400,48.3200,47.3000
2022-09-23,46.8700,47.4900,47.8000,46.2000
2022-09-26,46.2300,46.9000,47.3300,46.1300
2022-09-27,46.4700,46.9600,46.9900,45.6500
2022-09-28,46.6000,46.1300,46.8800,45.6300
2022-09-29,45.0100,46.0900,46.1400,44.4900
2022-09-30,44.4000,44.9100,45.7800,44.3600
2022-10-03,45.6800,44.9200,46.1000,44.7000
2022-10-04,47.9900,46.8500,48.0200,46.5900
2022-10-05,48.4800,47.2600,48.8100,47.1500
2022-10-06,47.9500,48.3800,48.9700,47.8700
2022-10-07,46.0500,47.2400,47.3300,45.9000
2022-10-10,43.7700,46.0000,46.0100,43.1800
2022-10-11,43.0800,43.5200,43.8700,42.5600
2022-10-12,43.0600,43.2200,43.5700,42.8000
2022-10-13,43.8000,41.7400,44.3800,41.5100
2022-10-14,42.7100,44.3300,44.4000,42.6400
2022-10-17,43.5400,43.9600,44.1200,43.3400
2022-10-18,43.4800,44.8200,44.8500,43.0200
2022-10-19,43.5300,43.3200,43.8300,43.0900
2022-10-20,43.0300,43.5100,44.2200,42.8100
2022-10-21,44.9700,43.2100,45.0700,42.9200
2022-10-24,45.6500,45.2700,45.8800,45.1100
2022-10-25,46.0100,45.8000,46.4300,45.6800
2022-10-26,46.1200,45.8000,47.1800,45.5300
2022-10-27,45.5400,46.6000,47.0800,45.4900
2022-10-28,47.2900,45.7000,47.4300,45.5600
2022-10-31,47.0100,46.6900,47.2800,46.5000
2022-11-01,46.7900,47.5800,47.6800,46.3200
2022-11-02,45.6000,47.0300,48.0400,45.5700
2022-11-03,44.4100,45.0900,45.2900,44.1400
2022-11-04,46.5300,45.6900,46.8900,45.3300
2022-11-07,47.5200,46.6800,47.7700,46.1600
2022-11-08,48.2100,48.1200,48.8800,47.3500
2022-11-09,46.9500,47.8500,47.9000,46.9000
2022-11-10,50.6600,49.1000,50.7200,48.7200
2022-11-11,51.8100,50.4800,51.9000,50.2000
2022-11-14,51.3200,51.5400,52.5000,51.3000
2022-11-15,52.4400,53.0000,53.2600,51.5900
2022-11-16,51.1700,51.6700,51.8500,51.0300
2022-11-17,51.2100,50.5000,51.2700,50.3100
2022-11-18,51.5200,51.6900,51.7700,51.1000
2022-11-21,51.7400,51.2900,52.0800,51.1100
2022-11-22,53.0100,52.3000,53.0300,51.9000
2022-11-23,53.3600,53.0300,54.1500,52.8800
2022-11-25,52.9900,53.0700,53.4600,52.9500
2022-11-28,52.2200,52.5200,52.8800,51.6200
2022-11-29,52.1400,52.3000,52.5800,51.4800
2022-11-30,55.1000,52.4100,55.1700,51.7800
2022-12-01,55.0800,55.1000,55.2400,54.2000
2022-12-02,54.0800,53.7100,54.2700,53.6100
2022-12-05,53.0600,53.7800,53.9500,52.5500
2022-12-06,52.5800,53.0600,53.3600,52.1700
2022-12-07,51.8500,51.9600,52.5000,51.6000
2022-12-08,53.1100,52.0800,53.2400,52.0400
2022-12-09,54.4700,55.0900,55.2600,54.1000
2022-12-12,55.6600,54.4700,55.6900,54.2200
2022-12-13,57.1000,57.5800,58.1800,56.5000
2022-12-14,57.4400,56.8500,58.5600,56.7700
2022-12-15,55.8000,56.3800,56.6500,55.7700
2022-12-16,55.5900,55.7400,55.9800,55.0900
2022-12-19,54.9600,55.4000,55.6500,54.5700
2022-12-20,54.4000,54.5200,54.9000,54.0900
2022-12-21,56.1200,54.7700,56.1900,54.6900
2022-12-22,55.3100,55.3300,55.4900,54.7200
2022-12-23,55.2400,55.0000,55.3600,54.7400
2022-12-27,55.3500,55.1500,55.8100,54.6900
2022-12-28,54.4900,55.1600,55.7800,54.2400
2022-12-29,55.7800,55.1900,56.2600,55.0500
2022-12-30,55.9100,55.1800,55.9700,54.8000
2023-01-03,55.3500,56.5000,56.7600,55.0800
2023-01-04,56.0200,56.3000,56.8200,55.6000
2023-01-05,55.5000,55.5700,55.9800,55.1100
2023-01-06,58.8400,56.3100,59.1000,56.2300
2023-01-09,57.6900,59.2300,60.1700,56.0600
2023-01-10,57.4900,57.2000,57.5100,55.0000
2023-01-11,57.8100,57.3000,57.8300,56.6900
2023-01-12,58.1900,57.5600,58.5100,57.3800
2023-01-13,57.9000,57.7200,58.1900,57.6700
2023-01-17,57.9200,57.4900,58.5400,57.4500
2023-01-18,57.4300,58.3200,58.7600,57.3700
2023-01-19,56.3200,56.9100,57.0100,56.0300
2023-01-20,57.0800,56.3000,57.1400,55.9100
2023-01-23,58.1600,57.2000,58.4800,56.9800
2023-01-24,58.5000,57.8400,58.6700,57.5600
2023-01-25,58.5700,57.7700,58.7000,57.6000
2023-01-26,59.8600,59.0400,60.0600,58.6300
2023-01-27,59.1000,59.3300,59.9200,59.0200
2023-01-30,58.1500,58.3000,58.9600,57.9800
2023-01-31,58.5000,58.2100,58.7200,58.0700
2023-02-01,60.2800,58.3600,60.8300,58.2700
2023-02-02,60.5800,60.7600,61.3100,59.9700
2023-02-03,59.7600,59.8000,60.8000,59.6300
2023-02-06,60.1300,59.3300,60.3200,59.2300
2023-02-07,61.4400,60.0700,61.7000,59.9700
2023-02-08,60.1700,60.6700,61.0200,60.0600
2023-02-09,59.9400,61.2600,61.4900,59.5500
2023-02-10,59.3300,59.6300,59.8500,58.9600
2023-02-13,60.1100,59.5000,60.1500,59.3500
2023-02-14,60.2300,59.4200,60.5600,59.3300
2023-02-15,60.7700,59.8900,60.8300,59.6700
2023-02-16,60.0500,60.0800,60.8900,59.9600
2023-02-17,59.5600,60.0000,60.0800,59.2400
2023-02-21,58.1500,59.0000,59.3100,57.9800
2023-02-22,57.6200,58.2200,58.3100,57.2100
2023-02-23,58.3800,58.5800,58.5900,57.3700
2023-02-24,57.7800,57.7500,58.0200,57.3600
2023-02-27,58.5400,58.5900,58.9800,58.4300
2023-02-28,59.4300,58.5600,59.8600,58.2200
2023-03-01,59.3600,59.4000,59.8200,59.0300
2023-03-02,59.8700,58.9400,60.0900,58.6100
2023-03-03,63.2800,61.7700,63.5700,61.5800
2023-03-06,63.2900,63.5000,64.4000,63.1700
2023-03-07,62.5100,63.4900,63.5800,62.3500
2023-03-08,63.2300,62.7800,63.2700,62.3700
2023-03-09,62.2500,63.0100,64.2400,62.1900
2023-03-10,61.4800,62.8200,63.0200,61.2800
2023-03-13,61.6500,60.7100,62.4400,60.6900
2023-03-14,63.2500,62.3400,63.3400,61.8500
2023-03-15,62.6000,62.7700,63.0100,61.6200
2023-03-16,63.6500,62.1900,63.7100,61.7800
2023-03-17,63.1000,63.6500,63.9600,62.7100
2023-03-20,64.3700,63.2700,64.4700,63.1600
2023-03-21,63.6700,64.3100,64.6600,63.4300
2023-03-22,63.0900,63.6900,64.8500,63.0700
2023-03-23,63.9200,63.8900,64.8200,63.1500
2023-03-24,63.6200,63.8000,63.9300,62.8600
2023-03-27,62.6800,63.9000,63.9100,62.6000
2023-03-28,62.4700,62.5200,62.6500,61.8900
2023-03-29,62.5500,63.2800,63.4000,62.4600
2023-03-30,63.3800,63.2700,63.6000,62.9300
2023-03-31,64.1500,63.0500,64.2200,62.5900
2023-04-03,64.2500,63.9000,64.3900,63.6400
2023-04-04,63.4400,64.3200,64.4200,63.2000
2023-04-05,62.9000,63.1100,63.1700,62.5700
2023-04-06,62.2600,62.4200,62.8400,61.9000
2023-04-10,62.7400,61.8100,62.7900,61.6500
2023-04-11,62.1600,63.0800,63.0900,62.0800
2023-04-12,61.6700,62.7300,62.7500,61.6300
2023-04-13,62.4200,61.9100,62.6500,61.7100
2023-04-14,61.9500,62.0500,62.8000,61.5200
2023-04-17,62.7400,61.8600,62.8300,61.7800
2023-04-18,63.2300,63.1600,63.5500,62.7100
2023-04-19,63.4500,62.6800,63.6800,62.5600
2023-04-20,63.3000,62.7900,64.2700,62.7100
2023-04-21,63.2900,63.0600,63.3800,62.2000
2023-04-24,63.4500,63.3600,63.8800,63.1800
2023-04-25,62.2000,63.4000,63.6000,62.1700
2023-04-26,61.6200,62.0000,62.3100,61.3500
2023-04-27,61.8400,61.6200,62.0100,60.3200
2023-04-28,62.6500,61.9100,62.6800,61.4600
2023-05-01,63.7900,62.6500,63.9000,62.6200
2023-05-02,61.2300,62.5800,62.6500,60.5000
2023-05-03,61.3200,61.6900,62.1900,61.2400
2023-05-04,61.0200,61.0000,61.4000,60.1300
2023-05-05,63.0100,61.6000,63.1500,61.3400
2023-05-08,62.9100,62.9800,63.0700,62.0600
2023-05-09,61.8500,62.2700,62.4100,61.5900
2023-05-10,62.6300,62.2100,62.8000,61.8300
2023-05-11,62.7700,62.6600,62.8500,61.8000
2023-05-12,63.1200,62.8400,63.2700,62.4200
2023-05-15,63.9800,63.1900,64.0000,62.8500
2023-05-16,64.1400,64.0500,64.6900,63.8700
2023-05-17,65.7500,64.7400,66.0900,64.4600
2023-05-18,67.7900,65.6000,67.9400,65.6000
2023-05-19,68.2200,68.0000,68.5000,67.8400
2023-05-22,67.8400,68.1400,68.4700,67.4100
2023-05-23,68.6500,69.0600,69.9000,68.2000
2023-05-24,67.9500,68.1400,68.4300,67.6100
2023-05-25,72.8800,69.9400,73.2400,69.0800
2023-05-26,81.2700,74.7400,81.5000,74.7000
2023-05-30,80.3300,83.5100,92.1800,79.8800
2023-05-31,80.8000,79.4900,82.1700,79.0100
2023-06-01,79.0000,80.0600,80.5800,78.5200
2023-06-02,81.2000,79.0600,82.3800,78.7200
2023-06-05,80.2300,80.9200,80.9200,79.4500
2023-06-06,79.0000,80.2000,80.2000,77.6400
2023-06-07,79.2600,78.9800,80.5400,78.7500
2023-06-08,80.4200,79.4900,80.5000,78.8800
2023-06-09,80.4600,80.5800,81.7700,80.3900
2023-06-12,85.5400,81.1100,85.8000,81.1100
2023-06-13,85.1100,86.1100,86.3300,84.1000
2023-06-14,88.6200,85.5900,88.8500,84.7200
2023-06-15,88.3400,88.4400,88.8000,87.1000
2023-06-16,86.8100,88.9300,89.0000,86.5400
2023-06-20,86.8000,86.2700,87.7100,86.1000
2023-06-21,84.7700,86.0000,86.6000,84.4600
2023-06-22,84.2400,84.5100,84.8900,83.5300
2023-06-23,82.2100,83.4000,83.6000,81.8900
2023-06-26,82.1600,82.5000,83.7000,82.0200
2023-06-27,84.8400,82.8700,85.0000,82.1000
2023-06-28,84.7900,83.8700,85.8500,83.7100
2023-06-29,86.2600,85.4400,86.2800,84.6400
2023-06-30,86.7400,86.8500,87.4600,86.4300
2023-07-03,87.6400,86.8600,87.6700,86.4900
2023-07-05,86.1900,86.7400,87.6900,86.1800
2023-07-06,84.8000,84.5000,85.3900,84.4300
2023-07-07,84.6800,85.0400,85.8000,84.4700
2023-07-10,87.7700,84.8300,87.9200,84.8300
2023-07-11,88.2100,88.1100,88.3000,86.4600
2023-07-12,89.0000,88.9000,89.7600,88.2000
2023-07-13,89.0400,89.8900,89.8900,87.8300
2023-07-14,88.8600,88.6200,90.3300,88.6200
2023-07-17,91.0400,89.1000,91.3200,88.9800
2023-07-18,90.3400,90.6000,90.9900,89.8300
2023-07-19,90.1400,89.7300,90.6000,88.5600
2023-07-20,88.8300,89.2500,90.7000,88.6000
2023-07-21,89.6800,90.4500,91.1100,89.3800
2023-07-24,90.1600,90.0800,90.5400,89.4200
2023-07-25,91.8000,90.0600,92.3200,90.0600
2023-07-26,89.3100,90.9000,91.0600,88.7600
2023-07-27,89.3500,90.8500,90.9900,88.6000
2023-07-28,89.9800,89.9300,90.3600,89.3900
2023-07-31,89.8600,89.7500,90.1000,89.1000
2023-08-01,92.0000,89.9000,92.0600,89.7700
2023-08-02,89.2300,91.2300,91.3000,89.0300
2023-08-03,88.5000,88.6600,89.5300,88.1100
2023-08-04,88.1700,88.5000,89.3600,87.3400
2023-08-07,89.7100,88.7700,89.7400,88.5300
2023-08-08,88.3200,89.0100,89.0600,87.3400
2023-08-09,85.0700,88.2700,88.3500,84.8700
2023-08-10,84.2900,85.3100,86.1500,83.7100
2023-08-11,82.9800,83.4000,83.6400,82.3500
2023-08-14,85.4100,83.1100,85.4200,82.7400
2023-08-15,84.2500,84.9200,85.4600,83.6500
2023-08-16,83.3000,84.7800,85.4500,83.2000
2023-08-17,82.7100,83.6500,83.9400,82.7000
2023-08-18,82.5800,82.0000,82.8200,81.2000
2023-08-21,86.5100,83.4100,86.7300,83.1800
2023-08-22,85.5800,87.3400,87.4700,85.0900
2023-08-23,87.6600,85.0800,87.8200,85.0000
2023-08-24,85.4500,90.2400,90.9900,85.2500
2023-08-25,85.1800,85.7000,86.9400,83.7700
2023-08-28,86.1100,85.6400,86.4100,84.7100
2023-08-29,88.9900,85.8400,89.2800,85.6400
2023-08-30,89.2300,89.2400,89.8700,87.9100
2023-08-31,92.2900,89.8000,92.3700,89.3800
2023-09-01,87.2500,90.1900,90.1900,86.4700
2023-09-05,87.2200,86.9500,88.3000,86.7000
2023-09-06,87.2300,87.2500,87.7400,86.6700
2023-09-07,85.7000,85.9500,86.1700,84.0500
2023-09-08,85.7500,85.5000,86.0800,85.0100
2023-09-11,85.9100,86.8800,86.9000,84.5700
2023-09-12,84.4500,85.0200,85.8300,84.1700
2023-09-13,85.2900,84.7200,85.9100,84.4200
2023-09-14,87.1600,85.9000,87.6700,85.5000
2023-09-15,85.1700,86.8200,86.8200,84.2900
2023-09-18,85.0000,84.2600,85.6300,84.0000
2023-09-19,84.9200,84.6000,85.1000,83.8500
2023-09-20,83.0600,85.0000,85.0000,83.0400
2023-09-21,80.8400,79.5100,82.2500,79.5100
2023-09-22,82.9100,81.1200,83.0600,81.0400
2023-09-25,83.3900,82.8000,83.8600,82.3000
2023-09-26,81.6200,82.9200,83.0300,81.1200
2023-09-27,81.6800,81.9300,82.3700,80.4400
2023-09-28,83.2000,82.0200,83.8900,81.4700
2023-09-29,83.0600,83.6400,84.4000,82.2900
2023-10-02,83.5000,82.9100,83.8600,82.3500
2023-10-03,81.4800,82.7000,83.5700,80.8900
2023-10-04,82.3800,82.0300,83.0600,81.6300
2023-10-05,82.3900,82.0100,82.8600,81.5500
2023-10-06,84.5300,81.9400,84.8400,81.1700
2023-10-09,85.5900,84.0500,85.6600,83.7800
2023-10-10,85.8400,85.7100,87.2500,85.5700
2023-10-11,87.4600,85.9700,87.5300,85.6500
2023-10-12,90.5600,87.6400,91.7900,87.6400
2023-10-13,88.3200,90.9000,92.5900,88.2100
2023-10-16,90.2600,89.1000,91.5800,89.1000
2023-10-17,88.4400,88.5100,89.3000,86.6000
2023-10-18,88.7000,87.9900,89.5600,87.5200
2023-10-19,86.7800,88.7000,88.9500,86.5700
2023-10-20,85.3600,87.4900,87.4900,85.1800
2023-10-23,86.2200,85.8000,87.3600,84.2800
2023-10-24,88.1100,86.4000,88.3000,86.3100
2023-10-25,84.9600,87.7100,87.8700,84.6100
2023-10-26,82.6800,84.7900,85.4400,81.8300
2023-10-27,83.8400,83.0000,84.0200,82.8500
2023-10-30,84.1300,84.1100,84.9400,82.7100
2023-10-31,84.1400,84.3900,84.5500,83.2600
2023-11-01,85.2900,84.2000,85.3800,83.5600
2023-11-02,87.1300,86.2000,88.0500,86.0000
2023-11-03,88.2700,87.7500,88.7500,87.1100
2023-11-06,88.0800,88.1600,88.5900,87.1200
2023-11-07,89.7800,88.2300,90.1800,87.6200
2023-11-08,91.1100,90.0000,91.2900,89.9000
2023-11-09,91.1400,91.2500,92.9800,90.8600
2023-11-10,95.7500,92.1700,95.8900,91.8200
2023-11-13,94.6900,95.0000,95.2400,94.0500
2023-11-14,97.3000,96.2300,97.6800,95.5300
2023-11-15,97.5400,97.9500,98.1800,96.6900
2023-11-16,95.9600,96.4000,96.8700,95.0500
2023-11-17,97.7700,95.8200,98.3900,95.1000
2023-11-20,99.5700,97.3000,99.9900,97.3000
2023-11-21,98.1200,97.5000,99.1000,97.1600
2023-11-22,97.2000,98.3700,98.8000,97.1000
2023-11-24,97.8900,97.5000,97.9900,96.6800
2023-11-27,95.0200,97.6100,98.1000,94.9300
2023-11-28,94.6400,93.9900,95.0900,93.4200
2023-11-29,94.0800,94.8300,95.9400,93.9400
2023-11-30,92.5700,94.1000,94.2400,91.8400
2023-12-01,93.0000,92.2500,93.3900,90.8000
2023-12-04,92.4000,92.0600,93.1000,91.6400
2023-12-05,91.3100,91.1600,91.7300,90.5800
2023-12-06,90.3600,92.0400,92.1000,90.3100
2023-12-07,92.2300,90.5500,92.4100,90.3600
2023-12-08,94.4300,92.7800,95.0700,91.0500
2023-12-11,102.9200,95.7000,103.9500,95.6100
2023-12-12,107.2300,102.8000,107.9400,102.4600
2023-12-13,108.9700,106.8000,109.9800,106.2500
2023-12-14,110.6500,109.2200,112.1500,109.0300
2023-12-15,112.9700,109.5200,114.9900,109.4600
2023-12-18,114.7000,112.0800,115.1800,111.8600
2023-12-19,113.9600,114.2000,115.0500,113.2500
2023-12-20,111.0400,113.2700,114.1400,110.9300
2023-12-21,112.7300,113.2600,113.5400,111.5000
2023-12-22,112.2000,112.8000,113.2000,111.3500
2023-12-26,113.1900,112.4200,113.5500,112.3000
2023-12-27,112.6200,113.6000,113.9600,112.3000
2023-12-28,112.2400,113.1700,113.2200,111.9000
2023-12-29,111.6300,112.1500,112.4400,111.4700
2024-01-02,108.5400,109.2100,110.2000,107.7100
2024-01-03,105.8600,107.0200,107.5000,105.5300
2024-01-04,104.9000,105.8000,106.9500,104.7400
2024-01-05,104.9300,105.1600,105.5500,104.1500
2024-01-08,107.4900,105.6500,107.8000,105.2000
2024-01-09,108.2500,106.5600,108.8500,106.4700
2024-01-10,108.0600,108.0400,108.3000,106.2600
2024-01-11,110.0000,108.4300,110.1300,107.4500
2024-01-12,110.7700,111.2100,111.5700,110.0000
2024-01-16,111.5000,111.2300,112.6200,109.8600
2024-01-17,110.3700,110.6300,111.3100,109.0200
2024-01-18,114.3900,112.4900,114.6500,112.1900
2024-01-19,121.1200,115.7300,121.7000,115.6000
2024-01-22,122.0500,121.6300,123.1300,120.8200
2024-01-23,122.6300,122.1000,122.7000,120.3500
2024-01-24,125.3900,124.2300,128.4500,123.1000
2024-01-25,123.0000,128.1000,128.1000,122.8800
2024-01-26,120.4900,121.9700,122.1200,120.0200
2024-01-29,121.7800,121.4900,122.3700,120.5000
2024-01-30,120.8200,121.6800,122.8000,120.4300
2024-01-31,118.0000,118.9400,119.7200,117.4300
2024-02-01,120.0000,118.7400,120.3100,117.9100
2024-02-02,122.4300,120.8800,123.4700,120.5100
2024-02-05,124.3100,122.7000,124.7800,122.2100
2024-02-06,122.2600,126.3600,127.2100,121.1900
2024-02-07,125.7100,123.4000,125.9500,122.6700
2024-02-08,127.4800,126.7000,129.6000,126.5000
2024-02-09,128.3400,125.2000,128.5700,124.9000
2024-02-12,126.5000,129.0000,129.0100,125.9000
2024-02-13,125.1700,123.5100,125.5900,122.7100
2024-02-14,126.2200,126.9200,127.3000,124.1300
2024-02-15,126.5100,128.0000,128.0000,124.4900
2024-02-16,124.5500,125.9000,127.5700,124.2400
2024-02-20,122.6500,123.5900,123.7700,121.2600
2024-02-21,122.7500,121.8000,122.8100,120.2600
2024-02-22,130.4900,128.1700,131.1000,127.6500
2024-02-23,129.6400,130.8400,131.9600,128.8800
2024-02-26,130.9100,131.0000,131.8800,130.1500
2024-02-27,129.6200,130.9100,131.1900,129.2200
2024-02-28,128.9400,129.3000,129.8500,128.3000
2024-02-29,130.0500,130.3300,130.8400,128.7300
2024-03-01,139.9200,132.5900,140.7800,132.0000
2024-03-04,140.2300,140.3200,143.8200,138.5200
2024-03-05,134.2700,139.5000,139.5000,133.2400
2024-03-06,135.0000,139.1600,139.4800,134.7100
2024-03-07,140.7000,138.2000,141.4300,137.2900
2024-03-08,130.8700,139.4300,141.3000,130.1600
2024-03-11,129.3100,127.7900,129.9000,125.2600
2024-03-12,129.1900,130.7000,130.7800,125.9300
2024-03-13,125.7900,128.2900,128.2900,125.2400
2024-03-14,126.2300,126.2500,127.3100,124.7700
2024-03-15,123.5500,125.3500,126.7400,123.0100
2024-03-18,123.7200,125.4000,126.2900,123.1700
2024-03-19,123.8000,121.6900,124.0300,120.4000
2024-03-20,127.6000,123.9000,128.8000,122.6600
2024-03-21,134.8000,132.8300,140.3600,131.6000
2024-03-22,135.3500,135.0000,137.6200,134.6200
2024-03-25,135.1600,134.5000,135.8400,133.7500
2024-03-26,133.1500,136.4700,137.9900,133.0500
2024-03-27,131.8700,135.0000,135.0000,129.6000
2024-03-28,132.5400,131.7900,133.0100,131.1500
2024-04-01,135.0300,132.5700,136.3000,132.5400
2024-04-02,133.8800,131.5800,134.2400,130.3400
2024-04-03,136.3200,132.8000,137.6800,132.5300
2024-04-04,131.7500,138.5300,140.4000,131.5000
2024-04-05,133.9400,132.6000,136.1200,131.4200
2024-04-08,133.6100,133.3700,134.2500,131.5800
2024-04-09,133.4100,135.7400,135.9500,130.8600
2024-04-10,132.2400,132.3000,133.5700,131.5500
2024-04-11,138.2500,133.2700,139.1900,132.3700
2024-04-12,134.4100,135.2000,136.6500,133.6600
2024-04-15,131.0700,137.0000,137.0000,130.6000
2024-04-16,132.9100,131.5400,133.6300,131.1000
2024-04-17,128.2600,134.3100,134.7000,128.1400
2024-04-18,125.9000,128.8000,129.2600,125.5500
2024-04-19,120.4700,125.9000,126.0000,119.7600
2024-04-22,122.4500,122.4500,123.3200,120.0500
2024-04-23,124.9200,122.8200,125.7900,122.8000
2024-04-24,125.6800,126.3900,128.5600,124.5000
2024-04-25,129.4400,127.2500,130.8000,125.7000
2024-04-26,134.4100,131.0000,135.5800,130.3100
2024-04-29,133.8600,134.4100,135.3000,132.5700
2024-04-30,130.0300,132.8900,134.8400,129.9000
2024-05-01,124.2900,127.8300,129.2400,124.1300
2024-05-02,123.8600,125.6300,126.4400,122.3300
2024-05-03,127.8100,125.9000,128.3900,124.7100
2024-05-06,131.0300,128.6200,131.0800,127.5100
2024-05-07,130.3100,131.6400,131.9000,129.6800
2024-05-08,132.5400,129.3500,133.7900,128.8500
2024-05-09,130.5700,131.7800,132.1600,130.2000
2024-05-10,133.2800,131.5300,134.4000,131.5300
2024-05-13,133.7500,134.8000,135.8400,133.0100
2024-05-14,138.0000,133.2300,138.2000,132.5800
2024-05-15,143.6200,138.0000,143.9000,137.0000
2024-05-16,141.2100,142.6000,144.5400,140.5100
2024-05-17,139.5300,141.2400,141.9500,138.1800
2024-05-20,141.4000,139.6000,141.6900,139.3200
2024-05-21,139.9200,139.8700,140.9400,139.3500
2024-05-22,139.2200,139.6000,140.5000,138.4200
2024-05-23,139.3300,142.8400,142.9000,137.8000
2024-05-24,140.7800,139.9800,141.3600,139.2000
2024-05-28,141.2400,141.0000,141.7200,139.2500
2024-05-29,139.0700,139.9100,139.9100,138.3000
2024-05-30,136.4100,137.9000,138.2800,135.5600
2024-05-31,132.8500,136.1400,136.2600,130.7300
2024-06-03,132.1900,135.2700,135.3000,130.2500
2024-06-04,133.0800,132.0400,133.2000,130.7000
2024-06-05,141.3100,134.6000,141.4300,134.0500
2024-06-06,140.1300,142.1900,142.2700,138.8200
2024-06-07,140.6600,140.7800,142.5000,139.7000
2024-06-10,144.0500,140.9800,144.9000,140.9100
2024-06-11,146.1000,143.8200,146.5000,141.6200
2024-06-12,149.5500,150.0000,150.5800,147.6400
2024-06-13,167.9000,171.0000,173.5900,165.2500
2024-06-14,173.5000,168.6900,174.7200,168.2100
2024-06-17,182.8900,180.0000,184.3000,177.8600
2024-06-18,180.2500,183.9600,185.1600,178.5000
2024-06-20,173.4600,180.3500,180.4800,172.2200
2024-06-21,165.8600,169.5700,171.4000,165.1400
2024-06-24,159.2200,164.2100,166.1000,159.0700
2024-06-25,158.0800,160.0100,160.6000,156.4000
2024-06-26,159.2000,159.7600,161.8200,157.3600
2024-06-27,158.6700,159.2000,160.5600,157.1000
2024-06-28,160.5500,159.5900,163.9200,158.6000
2024-07-01,164.0800,160.8200,164.8800,159.3500
2024-07-02,165.7500,164.0800,165.9200,162.2000
2024-07-03,172.9200,167.0000,172.9200,166.4500
2024-07-05,170.3300,175.5600,176.5500,169.6000
2024-07-08,174.5900,170.5000,175.6900,170.5000
2024-07-09,173.3300,175.6600,177.1000,170.5600
2024-07-10,174.4700,174.6000,176.6500,172.6400
2024-07-11,170.6000,176.4700,176.4900,166.8500
2024-07-12,170.0700,171.1000,172.5900,169.1300
2024-07-15,171.4200,170.0000,173.5100,169.2600
2024-07-16,169.3800,172.4000,172.8100,166.4000
2024-07-17,155.9800,162.3100,162.8400,155.6100
2024-07-18,160.5200,158.8900,161.5100,153.9000
2024-07-19,157.3500,161.8400,163.9500,157.1200
2024-07-22,161.0600,160.2300,162.9900,157.9000
2024-07-23,163.7700,160.4000,165.3300,159.9000
2024-07-24,151.3400,160.3500,161.4000,151.1000
2024-07-25,149.2600,151.2600,153.5500,145.5200
2024-07-26,151.6300,153.5000,153.5800,149.9200
2024-07-29,150.2200,152.0200,155.0000,149.1500
2024-07-30,143.5200,153.2800,153.4700,143.3500
2024-07-31,160.6800,151.4700,161.3300,151.0000
2024-08-01,147.0200,157.5000,158.9100,146.1700
2024-08-02,143.8200,141.9300,145.3500,139.6000
2024-08-05,142.0800,129.6100,145.4200,128.5000
2024-08-06,143.9200,141.7300,148.9100,140.2500
2024-08-07,136.2700,148.2500,150.1000,135.8300
2024-08-08,145.7400,141.2000,146.2700,138.4000
2024-08-09,148.2600,144.2000,149.5500,144.1100
2024-08-12,148.6200,148.0800,151.1300,146.3700
2024-08-13,156.1600,151.5500,156.3800,149.8100
2024-08-14,157.6900,158.0200,160.2500,154.7200
2024-08-15,166.1300,161.2000,166.6700,160.3400
2024-08-16,165.7200,164.4700,166.0900,162.6800
2024-08-19,167.7100,164.8600,167.8300,160.4200
2024-08-20,165.9500,167.0500,168.3700,164.1500
2024-08-21,165.7800,165.1200,166.4700,162.8800
2024-08-22,162.3400,170.8400,172.4200,161.4900
2024-08-23,166.3600,165.0200,168.2800,163.4600
2024-08-26,159.6200,164.9600,165.7000,158.6600
2024-08-27,161.3900,157.6000,162.0300,155.8300
2024-08-28,158.1800,160.0800,162.2800,156.2500
2024-08-29,156.9300,158.4900,163.2000,155.4100
2024-08-30,162.8200,161.1200,163.2400,158.7100
2024-09-03,152.7900,160.3800,160.7400,151.3800
2024-09-04,154.1200,150.3000,157.7900,149.1500
2024-09-05,152.8200,150.5700,156.3600,150.1100
2024-09-06,136.9900,143.2500,143.5000,136.6000
2024-09-09,140.8200,139.1100,141.5900,134.9000
2024-09-10,148.2100,141.2200,149.8600,141.0400
2024-09-11,158.2700,148.3900,158.8700,145.0400
2024-09-12,164.5600,158.1000,166.3200,156.8300
2024-09-13,167.6900,166.7400,168.0800,164.0400
2024-09-16,164.0200,165.1900,165.5000,160.4100
2024-09-17,162.4700,165.4900,166.0200,160.7000
2024-09-18,161.6700,163.7700,167.4700,161.3600
2024-09-19,167.4200,167.6800,170.0000,165.6600
2024-09-20,171.1000,167.1800,172.0200,166.4700
2024-09-23,172.9400,172.0000,173.3200,168.3500
2024-09-24,174.8400,172.8100,175.9900,171.6800
2024-09-25,175.5200,174.6500,177.1400,173.7600
2024-09-26,178.0900,178.5000,180.2500,175.0000
2024-09-27,172.6900,178.1700,178.4700,171.7600
2024-09-30,172.5000,171.8700,172.9200,169.6300
2024-10-01,167.4700,172.1600,172.2500,165.8000
2024-10-02,170.6600,167.5500,172.8400,167.0200
2024-10-03,171.8900,169.6200,174.9400,169.1900
2024-10-04,176.6400,176.3000,176.9000,172.6000
2024-10-07,175.0800,174.8200,178.3100,173.8600
2024-10-08,180.7300,175.4200,181.6000,174.8900
2024-10-09,185.9500,179.2400,186.4200,176.4200
2024-10-10,185.6900,183.5600,186.3100,182.5300
2024-10-11,181.4800,181.1400,182.5900,177.4000
2024-10-14,182.3100,183.3000,184.9500,180.1300
2024-10-15,175.9800,180.7900,181.7000,173.3700
2024-10-16,176.8200,178.5100,179.2500,175.3300
2024-10-17,181.5300,181.3700,185.5100,180.6900
2024-10-18,179.8900,182.3200,182.7100,178.6800
2024-10-21,179.9900,179.3800,181.7200,178.2500
2024-10-22,179.3800,178.6600,180.6900,177.4100
2024-10-23,173.5100,177.5900,178.9800,172.5700
2024-10-24,171.3500,174.2600,174.3000,169.5000
2024-10-25,173.0000,174.1900,176.8000,172.7200
2024-10-28,172.0200,173.0000,173.9700,171.3500
2024-10-29,179.2400,172.4300,180.2300,171.2100
2024-10-30,176.6400,177.4700,179.1900,175.6200
2024-10-31,169.7700,174.4500,174.4500,167.3800
2024-11-01,168.9200,168.2600,171.3300,167.5000
2024-11-04,168.5500,169.2800,172.4500,168.4200
2024-11-05,173.9000,170.0500,174.4000,170.0500
2024-11-06,179.5500,179.6300,180.2100,175.9600
2024-11-07,183.8100,181.9900,184.8700,181.7900
2024-11-08,183.6400,182.9900,185.0500,181.8300
2024-11-11,178.9100,183.4000,183.6300,176.8200
2024-11-12,176.2200,178.9000,179.5600,173.2000
2024-11-13,173.5800,174.7100,175.5900,172.6000
2024-11-14,170.3800,174.7700,175.5700,169.8700
2024-11-15,164.8400,168.4700,169.1300,163.4300
2024-11-18,165.6700,165.6600,166.3500,162.2200
2024-11-19,165.3500,166.6600,166.8000,164.3100
2024-11-20,163.2500,165.5400,165.5400,160.8600
2024-11-21,163.9400,166.2500,166.3400,160.6000
2024-11-22,164.2300,164.3000,164.9100,162.4000
2024-11-25,164.8200,165.4000,167.2300,162.8900
2024-11-26,164.7400,164.6000,166.3700,162.6900
2024-11-27,159.6700,163.2000,163.2000,157.5400
2024-11-29,162.0800,159.5700,162.6900,159.0800
2024-12-02,166.5100,162.9500,168.3800,162.7500
2024-12-03,168.1500,164.4800,168.2700,164.0300
2024-12-04,170.5600,173.4400,175.3900,168.5600
2024-12-05,170.4700,170.7500,172.4000,169.2000
2024-12-06,179.5300,170.1000,180.6800,169.3300
2024-12-09,178.9400,178.9500,180.7900,176.0200
2024-12-10,171.8100,177.8100,178.5000,169.7300
2024-12-11,183.2000,180.0100,184.8700,176.4300
2024-12-12,180.6600,180.9300,182.0000,175.9900
2024-12-13,224.8000,213.9000,228.7000,211.1100
2024-12-16,250.0000,231.7900,251.8800,230.8100
2024-12-17,240.2300,240.6500,242.4700,233.8000
2024-12-18,223.6200,239.4100,239.8500,219.2200
2024-12-19,218.3200,227.9100,228.0500,217.5800
2024-12-20,220.7900,220.3600,230.2900,218.9100
2024-12-23,232.3500,226.6900,233.4000,225.1300
2024-12-24,239.6800,240.1200,240.2300,234.8000
2024-12-26,245.3600,240.0000,247.2800,237.6000
2024-12-27,241.7500,245.6400,245.7800,236.3500
2024-12-30,235.5800,234.7000,238.7700,231.6200
2024-12-31,231.8400,235.8800,237.4600,231.3100
2025-01-02,231.9800,236.1500,239.5000,230.2400
2025-01-03,232.5500,233.5900,236.4900,229.0000
2025-01-06,236.4100,236.5000,241.7500,233.3000
2025-01-07,228.6400,239.5000,239.5000,227.6000
2025-01-08,229.3100,229.7000,232.4700,226.0600
2025-01-10,224.3100,227.3000,227.8300,221.2500
2025-01-13,225.2900,219.9900,229.2600,219.5100
2025-01-14,224.7000,226.5700,230.2600,223.1000
2025-01-15,228.0000,228.5500,230.3400,225.5800
2025-01-16,229.4100,235.2200,238.6000,229.2100
2025-01-17,237.4400,237.0800,238.1000,232.6600
2025-01-21,240.3100,241.5000,242.7500,237.4000
2025-01-22,240.9100,246.7500,246.9900,240.6900
2025-01-23,240.2800,238.4100,240.4000,236.1200
2025-01-24,244.7000,244.7000,249.5900,241.9100
2025-01-27,202.1300,213.4000,218.4300,196.2300
2025-01-28,207.3600,208.0100,209.9500,198.8900
2025-01-29,206.3500,208.8400,211.4500,202.7700
2025-01-30,215.6600,218.5700,221.9600,213.7000
2025-01-31,221.2700,219.6600,226.8000,216.3000
2025-02-03,217.7300,215.4600,220.9400,213.5100
2025-02-04,222.4300,219.3500,223.0300,215.3000
2025-02-05,232.0000,233.9400,237.9300,227.5000
2025-02-06,231.3600,234.5000,234.8000,228.5600
2025-02-07,224.8700,235.0000,235.6500,224.1100
2025-02-10,235.0400,227.4300,235.8200,227.1200
2025-02-11,235.0400,232.4800,237.8900,229.9700
2025-02-12,236.3500,230.3500,236.4800,230.0000
2025-02-13,235.8000,236.0600,236.9500,230.7300
2025-02-14,233.0400,234.5300,235.7400,228.9000
2025-02-18,228.5300,230.1000,232.2000,224.3000
2025-02-19,228.7300,227.8500,229.0700,224.4000
2025-02-20,226.7400,228.6500,228.9800,222.7500
2025-02-21,218.6600,225.6500,227.7500,215.6300
2025-02-24,207.9300,218.6000,219.4800,207.5400
2025-02-25,202.5400,207.0000,208.6400,200.9200
2025-02-26,212.9400,206.9100,213.5400,206.0000
2025-02-27,197.8000,217.2800,219.2500,197.4000
2025-02-28,199.4300,195.7600,201.1900,193.1500
2025-03-03,187.3700,204.0000,204.0600,184.5300
2025-03-04,187.4800,189.2100,193.9500,180.4800
2025-03-05,191.5800,191.8600,194.0800,187.1000
2025-03-06,179.4500,181.0400,186.8300,177.6100
2025-03-07,194.9600,187.7300,195.4800,181.5600
2025-03-10,184.4500,189.6000,191.9800,180.4300
2025-03-11,190.0900,188.0500,195.6200,185.3500
2025-03-12,194.2300,196.2100,199.9800,192.4500
2025-03-13,191.3600,193.1500,196.3200,189.4600
2025-03-14,195.5400,196.2000,197.5000,193.2000
2025-03-17,194.5000,188.0500,196.7200,187.5000
2025-03-18,188.6700,190.4400,192.8900,186.9000
2025-03-19,195.5700,189.3400,198.2700,186.9000
2025-03-20,190.5400,191.5200,193.8400,188.9400
2025-03-21,191.6600,188.2100,192.0700,187.3700
2025-03-24,191.2500,194.2900,196.6900,190.6700
2025-03-25,188.2600,190.8800,191.6000,187.6800
2025-03-26,179.2700,186.6600,188.0600,177.5800
2025-03-27,171.9900,177.6500,178.3800,170.4600
2025-03-28,169.1200,171.9300,173.3000,166.4700
2025-03-31,167.4300,164.4900,167.9400,160.6200
2025-04-01,168.5200,166.3700,168.7100,163.4200
2025-04-02,172.0900,166.0800,173.4300,165.5000
2025-04-03,154.0100,160.5400,163.4300,153.7000
2025-04-04,146.2900,148.1700,152.8000,139.1700
2025-04-07,154.1400,144.4900,160.4300,138.1000
2025-04-08,156.0300,167.6200,169.7800,153.0900
2025-04-09,185.1500,160.5000,187.3300,157.5100
2025-04-10,172.3000,175.3000,176.9500,166.4000
2025-04-11,181.9400,173.6200,182.6600,173.3100
2025-04-14,178.3600,185.0700,186.0000,175.8200
2025-04-15,178.9500,179.7300,182.2600,178.0800
2025-04-16,174.6100,170.4300,176.0800,166.9200
2025-04-17,170.9900,176.2500,176.2500,169.9200
2025-04-21,166.2100,166.9900,168.0000,161.6100
2025-04-22,169.5800,167.4300,170.5200,165.2200
2025-04-23,176.9100,177.7800,180.4500,175.8200
2025-04-24,188.1500,179.6900,188.5700,178.2900
2025-04-25,192.3100,186.9200,193.3700,186.8900
2025-04-28,192.4700,190.5300,193.1000,187.6800
2025-04-29,191.1700,191.7200,193.2500,190.1000
2025-04-30,192.4700,185.9000,193.2000,184.0200
2025-05-01,197.3300,198.1400,201.4000,196.2400
2025-05-02,203.6400,203.9000,205.6800,201.0800
2025-05-05,200.7200,200.2500,203.2300,200.0000
2025-05-06,200.0900,196.4400,201.9100,195.9400
2025-05-07,204.8100,199.2900,206.2300,198.4300
2025-05-08,207.7700,208.0000,211.1600,203.6900
2025-05-09,208.2000,209.3300,209.9600,206.5200
2025-05-12,221.5800,219.4900,221.8000,215.8800
2025-05-13,232.4200,222.0000,235.2800,222.0000
2025-05-14,232.1200,230.2300,233.5000,228.3500
2025-05-15,232.6400,230.1600,234.4600,228.0700
2025-05-16,228.6100,232.3200,232.6400,226.3900
2025-05-19,230.6300,221.8500,231.2500,221.6000
2025-05-20,231.6800,226.4900,231.7700,226.3400
2025-05-21,229.7300,228.3900,236.5000,227.8300
2025-05-22,230.5300,228.3400,233.6900,227.4300
2025-05-23,228.7200,226.9400,230.6500,226.1800
2025-05-27,235.6500,232.8700,236.4800,231.1300
2025-05-28,239.4300,237.1500,240.9900,234.4300
2025-05-29,241.9700,245.9000,246.0700,237.4000
2025-05-30,242.0700,241.2100,243.1700,234.9000
2025-06-02,248.7100,243.2500,250.0000,243.1900
2025-06-03,256.8500,250.0700,257.8800,249.4000
2025-06-04,261.0800,258.0600,265.4300,257.5900
2025-06-05,259.9300,262.9500,264.8900,259.0600
2025-06-06,246.9300,251.1400,255.3200,246.1300
2025-06-09,244.2800,245.0400,248.1700,241.1100
2025-06-10,244.6300,244.2100,246.2800,241.4000
2025-06-11,252.9100,246.3500,254.7700,243.8000
2025-06-12,256.0700,250.1800,257.8900,249.5000
2025-06-13,248.7000,250.6600,254.0000,248.3500
2025-06-16,252.1000,250.3500,255.1900,249.5700
2025-06-17,249.3700,250.9500,253.9600,247.9200
2025-06-18,251.2600,250.8900,255.6400,249.4100
2025-06-20,249.9900,253.2100,253.5200,244.1700
2025-06-23,253.7700,249.1000,254.2100,246.4600
2025-06-24,263.7700,258.7700,265.8700,258.7700
2025-06-25,264.6500,266.0000,269.8700,263.4300
2025-06-26,270.1700,265.0800,271.6700,264.1300
2025-06-27,269.3500,270.3000,271.8500,266.8800
2025-06-30,275.6500,274.7300,277.7000,272.1300
2025-07-01,264.7400,274.4000,274.5000,262.6600
2025-07-02,269.9000,263.9900,272.0000,262.7300
2025-07-03,275.1800,270.7300,275.8000,270.1200
2025-07-07,274.1800,275.1300,277.5600,272.6600
2025-07-08,271.8000,276.3500,276.3500,271.1500
2025-07-09,277.9000,272.9600,279.4500,272.7200
2025-07-10,275.4000,279.7900,281.1800,272.7000
2025-07-11,274.3800,274.1400,276.4700,271.8900
2025-07-14,275.6000,274.1300,278.3600,269.5800
2025-07-15,280.9400,279.8000,283.3600,277.8500
2025-07-16,280.8100,280.1100,281.5100,275.6700
2025-07-17,286.4500,281.1400,288.2800,279.9100
2025-07-18,283.3400,287.1100,287.5300,281.0000
2025-07-21,288.2100,283.9500,290.5400,283.6300
2025-07-22,278.5900,287.6500,288.0000,276.4300
2025-07-23,283.6900,276.7800,284.0000,273.0000
2025-07-24,288.7100,289.7900,291.2000,283.5000
2025-07-25,290.1800,288.0700,292.5900,287.2700
2025-07-28,294.3000,292.4600,295.4500,290.5900
2025-07-29,297.4200,297.5000,302.1900,294.8700
2025-07-30,302.6200,297.1500,303.2600,295.8000
2025-07-31,293.7000,302.8000,306.9500,290.2300
2025-08-01,288.6400,286.5400,292.6400,281.6100
2025-08-04,297.7200,292.2000,298.4800,291.4000
2025-08-05,292.9300,297.8100,301.2000,291.4500
2025-08-06,301.6700,292.9000,302.8100,291.9000
2025-08-07,303.7600,306.1700,310.3400,299.8800
2025-08-08,304.9700,304.0500,307.8700,302.5500
2025-08-11,303.9000,305.0500,308.3100,301.2900
2025-08-12,312.8300,306.6300,313.4400,304.6700
2025-08-13,309.0900,316.7500,317.3500,304.7500
2025-08-14,311.2300,307.0100,314.1700,307.0000
2025-08-15,306.3400,311.0300,311.5000,299.7600
2025-08-18,305.7600,302.7000,306.1700,299.0000
2025-08-19,294.9100,302.4200,302.9000,292.3900
2025-08-20,291.1700,295.4600,295.4900,281.8700
2025-08-21,289.6000,290.0600,292.3900,286.1700
2025-08-22,294.0000,291.7400,300.0900,289.0100
2025-08-25,294.2300,292.8100,298.4000,291.7100
2025-08-26,298.0100,294.3500,300.2500,293.9900
2025-08-27,300.2500,297.5300,301.1800,293.7800
2025-08-28,308.6500,302.9300,311.0000,302.3300
2025-08-29,297.3900,307.0100,307.0100,293.6600
2025-09-02,298.2400,289.3400,298.7100,287.1700
2025-09-03,302.3900,302.2900,304.4500,296.4000
2025-09-04,306.1000,305.0600,308.7800,302.2500
2025-09-05,334.8900,355.7800,356.3400,331.4200
2025-09-08,345.6500,342.7500,354.1700,341.2500
2025-09-09,336.6700,349.5500,350.9800,335.8300
2025-09-10,369.5700,351.5200,372.9700,350.5500
2025-09-11,359.6300,371.1800,374.2300,358.7600
2025-09-12,359.8700,362.9100,364.3900,357.1600
2025-09-15,364.0900,359.8700,365.5000,356.3400
2025-09-16,360.0000,365.4200,365.6900,356.9900
2025-09-17,346.1700,358.8500,359.9300,341.5000
2025-09-18,345.3500,350.0000,350.7000,343.7900
2025-09-19,344.9400,344.6500,346.2700,336.4300
2025-09-22,338.7900,342.4200,346.6700,337.9400
2025-09-23,338.9400,340.2400,345.2100,337.0200
2025-09-24,339.3100,339.7600,340.0800,333.8100
2025-09-25,336.1000,332.9900,338.0600,327.3000
2025-09-26,334.5300,337.4300,339.0800,330.5800
2025-09-29,327.9000,336.0000,341.0500,327.5500
2025-09-30,329.9100,330.1200,331.0500,324.6100
2025-10-01,333.3900,328.1400,337.9500,324.5000
2025-10-02,338.1800,347.6100,347.6100,335.2500
2025-10-03,338.3700,341.5000,344.4000,335.7400
2025-10-06,335.4900,335.9200,344.1300,334.5600
2025-10-07,336.4100,337.0200,338.1100,326.5800
2025-10-08,345.5000,333.8200,346.5400,332.6200
2025-10-09,345.0200,345.7500,347.3100,340.4000
2025-10-10,324.6300,345.3900,350.6000,324.0500
2025-10-13,356.7000,352.7700,359.3800,343.5200
2025-10-14,344.1300,350.1300,350.6700,339.6500
2025-10-15,351.3300,354.4700,359.4000,347.5000
2025-10-16,354.1500,356.8000,363.2400,349.4800
2025-10-17,349.3300,349.6100,350.9700,340.7800
2025-10-20,349.2400,353.8000,356.5900,347.8400
2025-10-21,342.6600,350.0000,351.1000,341.3100
2025-10-22,340.3000,347.3000,348.0100,335.5100
2025-10-23,344.2900,340.4000,346.5700,340.4000
2025-10-24,354.1300,352.5100,358.3000,350.8800
2025-10-27,362.0500,361.5400,362.7500,355.0800
2025-10-28,372.9700,362.6200,374.0600,362.5300
2025-10-29,385.9800,373.1900,386.4800,373.1900
2025-10-30,376.4700,386.4000,386.4000,370.0600
2025-10-31,369.6300,378.2700,378.8200,365.1000
2025-11-03,362.5500,372.0000,374.8500,361.9800
2025-11-04,351.9400,358.5200,368.9500,351.0000
2025-11-05,358.9800,350.8900,364.8700,350.0900
2025-11-06,355.5900,360.1100,363.5000,352.7100
2025-11-07,349.4300,354.1800,354.5000,337.2700
2025-11-10,358.3900,357.9000,360.0000,354.6100
2025-11-11,351.9600,358.9700,361.8900,349.6700
2025-11-12,355.2200,358.0400,358.8700,351.6800
2025-11-13,339.9800,351.5800,353.5500,334.1600
2025-11-14,342.4600,331.4700,344.7400,329.0600
2025-11-17,342.6500,339.8200,352.2000,337.5200
2025-11-18,340.5000,343.2000,347.9700,335.5100
2025-11-19,354.4200,340.7000,359.6900,337.8000
2025-11-20,346.8200,366.0000,376.0800,345.1800
2025-11-21,340.2000,345.1500,348.6000,331.8000
2025-11-24,377.9600,347.7300,382.0000,347.6600
2025-11-25,385.0300,384.9300,388.1300,371.7500
2025-11-26,397.5700,385.5500,399.8700,383.2600
2025-11-28,402.9600,399.3500,403.0000,397.1600
2025-12-01,386.0800,394.8500,395.4200,385.1000
2025-12-02,381.5700,388.3100,393.5000,379.7900
2025-12-03,380.6100,380.0000,382.3000,370.6500
2025-12-04,381.0300,380.6800,383.8900,376.5300
2025-12-05,390.2400,386.1700,393.5300,385.1500
2025-12-08,401.1000,402.4800,407.2900,397.4000
2025-12-09,406.2900,398.7400,406.9300,395.5100
2025-12-10,412.9700,402.2000,414.6100,399.5600
2025-12-11,406.3700,404.8300,409.3000,394.1900
2025-12-12,359.9300,379.9600,382.0000,355.1500
2025-12-15,339.8100,361.8900,362.0000,337.5100
2025-12-16,341.3000,336.0200,347.5000,335.0600
2025-12-17,326.0200,346.6100,346.6100,321.4200
2025-12-18,329.8800,336.0000,336.0200,323.6300
2025-12-19,340.3600,333.3300,343.4500,332.5800
2025-12-22,341.4500,346.0300,346.2400,337.2200
2025-12-23,349.3200,340.8100,350.1100,338.5400
2025-12-24,350.2200,350.6800,352.8600,347.1400
2025-12-26,352.1300,351.0600,353.2500,347.7500
2025-12-29,349.3900,348.7200,350.3300,344.6900
2025-12-30,349.8500,349.9700,352.6800,349.3000
2025-12-31,346.1000,349.7300,349.8800,345.4200
2026-01-02,347.6200,352.7700,360.6600,345.5600
2026-01-05,343.4200,354.7400,355.0300,336.5000
2026-01-06,343.7700,343.6000,349.0500,338.0000
2026-01-07,343.5000,341.7000,349.7000,335.8800
2026-01-08,332.4800,342.7800,343.6800,330.5000
2026-01-09,344.9700,337.9200,347.3900,333.5000
2026-01-12,352.2100,340.9500,353.9000,340.9500
2026-01-13,354.6100,352.8800,359.4900,350.9100
2026-01-14,339.8900,348.9700,350.6900,334.4200
2026-01-15,343.0200,349.1200,349.6800,341.6700
2026-01-16,351.7100,346.2700,354.5100,344.0500
2026-01-20,332.6000,344.1000,345.4000,331.8000
2026-01-21,328.8000,335.5100,335.8000,324.2000
2026-01-22,325.4900,335.3500,336.9900,324.8900
2026-01-23,320.0500,319.3000,321.9900,314.1100
2026-01-26,324.8500,319.8000,328.6800,317.6000
2026-01-27,332.7900,329.7600,334.7600,327.0200
2026-01-28,333.2400,338.8500,339.9900,326.7000
2026-01-29,330.7300,332.5600,335.9500,320.2800
2026-01-30,331.3000,332.4400,338.2000,328.3300
2026-02-02,331.1100,326.1100,336.0500,325.7500
2026-02-03,320.3300,336.7400,338.9000,308.6500
2026-02-04,308.0500,319.5100,319.5100,295.3000
2026-02-05,310.5100,314.3300,326.5300,306.7000
2026-02-06,332.9200,320.1000,335.0000,316.3000
2026-02-09,343.9400,330.7700,352.3400,330.6500
2026-02-10,340.4400,347.4700,348.0100,339.8400
2026-02-11,342.7600,346.8000,347.2000,333.7400
2026-02-12,331.1700,343.8300,346.2900,329.5600
2026-02-13,325.1700,329.8500,334.3200,324.6900
2026-02-17,332.5400,319.6700,335.7500,316.3100
2026-02-18,333.5100,329.5200,337.8800,327.2300
2026-02-19,333.9900,333.0100,338.4400,329.6800
2026-02-20,332.6500,332.3600,340.1100,329.5800
2026-02-23,330.3400,332.2500,338.5000,325.3200
2026-02-24,325.4900,322.5400,328.3000,314.4500
2026-02-25,332.3100,330.7400,335.9100,329.2800
2026-02-26,321.7000,326.5000,326.5800,307.9300
2026-02-27,319.5500,310.7000,320.0000,310.0000
2026-03-02,318.8200,309.3600,320.0400,307.2000
2026-03-03,313.8400,313.0000,315.8800,307.4000
2026-03-04,317.5300,315.6800,322.6400,311.7400
2026-03-05,332.7700,330.1700,336.1200,323.0300
2026-03-06,330.4800,328.2800,343.5100,327.4000
2026-03-09,345.7500,327.2500,348.4900,323.6100
2026-03-10,342.5800,348.7300,353.1400,340.8000
2026-03-11,341.5700,342.5900,345.8100,338.2200
2026-03-12,335.9700,337.7400,339.8300,332.2000
2026-03-13,322.1600,337.6800,338.3200,321.4300
2026-03-16,324.9200,326.0200,329.2000,320.0600
2026-03-17,321.3100,325.7600,327.4400,317.2500
2026-03-18,315.9300,320.4200,325.4400,315.5500
2026-03-19,319.8400,312.4700,323.2700,308.5100
2026-03-20,310.5100,320.1200,321.5100,309.9200
2026-03-23,322.5100,318.0000,326.4800,314.9300
2026-03-24,318.2900,320.0000,324.4000,314.8400
2026-03-25,318.8100,322.5900,324.3000,316.7200
2026-03-26,309.4200,314.0200,316.9200,309.1700
2026-03-27,300.6800,307.0600,307.5000,298.8700
2026-03-30,293.4100,300.8700,304.7700,289.9600
2026-03-31,309.5100,299.3900,310.3100,296.3300
2026-04-01,313.4900,313.3600,315.7900,310.4800
2026-04-02,314.5500,304.4900,314.6900,301.7500
2026-04-06,314.4300,315.0600,316.4000,310.2800
2026-04-07,333.9700,326.7300,334.1500,321.8000
2026-04-08,350.6300,351.7500,354.1400,342.5300
2026-04-09,354.9100,352.3000,358.7000,351.5000
2026-04-10,371.5500,360.9400,376.5500,360.8200
2026-04-13,379.7500,369.6600,380.8600,369.4800
2026-04-14,380.7800,377.9000,382.2800,376.3200
2026-04-15,396.7200,389.8800,397.0800,385.5700
2026-04-16,398.4700,395.0000,399.6800,392.3500
2026-04-17,406.5400,400.9000,406.7300,399.8100
2026-04-20,399.6300,405.7000,406.4200,395.9000
2026-04-21,402.1700,399.4100,403.6000,394.5700
2026-04-22,422.6500,406.9800,423.2000,404.8600
2026-04-23,419.9400,422.3900,429.3100,417.8000
2026-04-24,422.7600,424.9800,425.0000,408.8600
2026-04-27,418.2000,420.4800,422.7500,414.6300
2026-04-28,399.8300,400.3000,405.8100,394.6500
2026-04-29,405.4500,403.5000,405.6400,396.7800
2026-04-30,417.4300,415.5200,418.3800,404.2300
2026-05-01,421.2800,415.0900,423.1700,413.2800
2026-05-04,416.5000,418.2100,423.8300,409.5300
2026-05-05,427.3600,421.6600,433.3900,419.3500
2026-05-06,425.4400,435.5600,437.6800,417.7800
2026-05-07,412.5600,421.8200,426.4900,406.3000
2026-05-08,430.0000,419.8000,435.0000,414.0000
2026-05-11,428.4300,427.6100,433.6500,425.0500
2026-05-12,419.3000,423.4300,429.3400,408.4100
2026-05-13,416.7900,415.8000,418.6300,404.8000
2026-05-14,439.7900,416.7300,442.3600,415.5900
2026-05-15,425.1900,432.8100,432.8100,419.8000
2026-05-18,420.7100,421.4100,422.0100,414.3700
2026-05-19,411.0700,409.8200,417.9500,405.8600
2026-05-20,417.7600,412.8100,424.1700,411.4200
2026-05-21,414.5700,413.5500,422.2500,410.5000
2026-05-22,414.1400,417.4900,419.9900,410.2100
2026-05-26,422.0100,418.5000,435.3100,417.0000
2026-05-27,421.8600,425.0700,432.8000,416.4900
2026-05-28,426.5800,421.1400,429.6800,414.0100
2026-05-29,446.7700,432.9500,448.9000,431.4700
2026-06-01,459.9700,450.0900,466.0500,442.2200
2026-06-02,481.5700,488.7900,488.8200,470.4600
2026-06-03,479.2300,494.7700,495.0000,472.6400
2026-06-04,418.9100,408.9900,426.4800,403.0100
2026-06-05,385.7300,407.6100,410.5000,385.5900
2026-06-08,396.6000,402.6200,402.8400,391.3500
2026-06-09,392.1600,401.6100,407.8700,370.3300
2026-06-10,372.1000,381.4900,385.8100,371.1700
2026-06-11,385.5700,372.8200,389.5000,370.5500
2026-06-12,382.0700,383.7200,384.9800,377.0000
2026-06-15,393.9400,395.5100,396.2000,388.6000
2026-06-16,376.7100,390.2100,391.7900,376.4600
2026-06-17,392.9000,388.7000,400.6500,382.6500
2026-06-18,411.3500,409.5800,412.7000,405.3800
2026-06-22,392.1300,413.6600,414.6400,391.9100
2026-06-23,380.1500,377.8600,391.0200,376.6600
2026-06-24,382.0700,386.6200,388.7400,376.9600
2026-06-25,378.9100,386.5800,388.8000,372.7000
2026-06-26,365.0200,370.4500,373.6900,363.8300
2026-06-29,372.4500,373.6100,376.2100,360.4600
2026-06-30,377.7500,374.7900,379.6200,370.6400
2026-07-01,369.3400,371.8700,373.7500,368.0300
2026-07-02,360.4500,365.7300,374.0000,356.4300
2026-07-06,373.9000,373.6100,383.1600,371.1800
2026-07-07,370.7800,366.5500,372.9600,362.0100
2026-07-08,388.6900,377.5200,395.0900,376.8900
2026-07-09,401.1100,402.1900,407.5200,387.9300
2026-07-10,399.9700,398.5000,402.4400,395.7000
2026-07-13,384.0500,393.4800,395.7400,383.4200
2026-07-14,389.1100,395.7200,397.3300,384.6400
2026-07-15,394.2800,396.0900,399.0000,386.7400
2026-07-16,374.4500,384.5400,386.7400,371.9000
2026-07-17,370.8300,366.0500,377.3500,357.8000
2026-07-20,378.1600,378.7600,383.5900,375.9600
2026-07-21,386.5000,390.2100,390.5800,379.2200
2026-07-22,396.8100,380.2000,398.5800,380.0000
2026-07-23,392.4700,392.1900,397.6100,386.8200
2026-07-24,381.9200,387.6800,389.2700,378.7500
