Date,Price,Open,High,Low
2016-07-18,53.9600,53.7000,54.3400,53.5500
2016-07-19,53.0900,53.7100,53.9000,52.9300
2016-07-20,55.9100,56.1500,56.8400,55.5300
2016-07-21,55.8000,55.9800,56.2300,55.7600
2016-07-22,56.5700,56.0800,56.6300,55.7800
2016-07-25,56.7300,56.4700,56.7400,56.2600
2016-07-26,56.7600,56.5200,57.2900,56.5100
2016-07-27,56.1900,56.6100,56.8000,56.1100
2016-07-28,56.2100,56.0000,56.3700,55.7200
2016-07-29,56.6800,56.2600,56.7600,56.0500
2016-08-01,56.5800,56.6000,56.7500,56.1400
2016-08-02,56.5800,56.8500,56.9000,56.3100
2016-08-03,56.9700,56.6800,57.1100,56.4900
2016-08-04,57.3900,56.8000,57.5200,56.6700
2016-08-05,57.9600,57.6500,58.2100,57.4500
2016-08-08,58.0600,58.0600,58.0900,57.7800
2016-08-09,58.2000,58.1700,58.5000,58.0200
2016-08-10,58.0200,58.1600,58.3200,57.8200
2016-08-11,58.3000,58.0300,58.4500,58.0300
2016-08-12,57.9400,58.0300,58.1900,57.6200
2016-08-15,58.1200,58.0100,58.5000,57.9600
2016-08-16,57.4400,57.6100,57.6200,57.2700
2016-08-17,57.5600,57.5400,57.6800,57.2300
2016-08-18,57.6000,57.4200,57.7000,57.2700
2016-08-19,57.6200,57.4300,57.7300,57.2000
2016-08-22,57.6700,57.6000,57.7500,57.2600
2016-08-23,57.8900,57.9000,58.1800,57.8500
2016-08-24,57.9500,57.8000,58.0400,57.7200
2016-08-25,58.1700,57.8800,58.2900,57.7800
2016-08-26,58.0300,58.2800,58.7000,57.6900
2016-08-29,58.1000,58.1800,58.6000,58.1000
2016-08-30,57.8900,57.9800,58.1900,57.6100
2016-08-31,57.4600,57.6500,57.8000,57.3000
2016-09-01,57.5900,57.0100,57.8200,57.0100
2016-09-02,57.6700,57.6700,58.1900,57.4200
2016-09-06,57.6100,57.7800,57.8000,57.2100
2016-09-07,57.6600,57.4700,57.8400,57.4100
2016-09-08,57.4300,57.6300,57.7900,57.1800
2016-09-09,56.2100,56.7900,57.5200,56.2100
2016-09-12,57.0500,56.0000,57.2100,55.6100
2016-09-13,56.5300,56.5000,56.6500,56.0500
2016-09-14,56.2600,56.3900,56.6300,56.0300
2016-09-15,57.1900,56.1500,57.3500,55.9800
2016-09-16,57.2500,57.6300,57.6300,56.7500
2016-09-19,56.9300,57.2700,57.7500,56.8500
2016-09-20,56.8100,57.3500,57.3500,56.7500
2016-09-21,57.7600,57.5100,57.8500,57.0800
2016-09-22,57.8200,57.9200,58.0000,57.6300
2016-09-23,57.4300,57.8700,57.9100,57.3800
2016-09-26,56.9000,57.0800,57.1400,56.8300
2016-09-27,57.9500,56.9300,58.0600,56.6800
2016-09-28,58.0300,57.8800,58.0600,57.6700
2016-09-29,57.4000,57.8100,58.1700,57.2100
2016-09-30,57.6000,57.5700,57.7700,57.3400
2016-10-03,57.4200,57.4100,57.5500,57.0600
2016-10-04,57.2400,57.2700,57.6000,56.9700
2016-10-05,57.6400,57.2900,57.9600,57.2600
2016-10-06,57.7400,57.7400,57.8600,57.2800
2016-10-07,57.8000,57.8500,57.9800,57.4200
2016-10-10,58.0400,57.9100,58.3900,57.8700
2016-10-11,57.1900,57.8900,58.0200,56.8900
2016-10-12,57.1100,57.1100,57.2700,56.4000
2016-10-13,56.9200,56.7000,57.3000,56.3200
2016-10-14,57.4200,57.1200,57.7400,57.1200
2016-10-17,57.2200,57.3600,57.4600,56.8700
2016-10-18,57.6600,57.5300,57.9500,57.4100
2016-10-19,57.5300,57.4700,57.8400,57.4000
2016-10-20,57.2500,57.5000,57.5200,56.6600
2016-10-21,59.6600,60.2800,60.4500,59.4900
2016-10-24,61.0000,59.9400,61.0000,59.9300
2016-10-25,60.9900,60.8500,61.3700,60.8000
2016-10-26,60.6300,60.8100,61.2000,60.4700
2016-10-27,60.1000,60.6100,60.8300,60.0900
2016-10-28,59.8700,60.0100,60.5200,59.5800
2016-10-31,59.9200,60.1600,60.4200,59.9200
2016-11-01,59.8000,59.9700,60.0200,59.2500
2016-11-02,59.4300,59.8200,59.9300,59.3000
2016-11-03,59.2100,59.5300,59.6400,59.1100
2016-11-04,58.7100,58.6500,59.2800,58.5200
2016-11-07,60.4200,59.7800,60.5200,59.7800
2016-11-08,60.4700,60.5500,60.7800,60.1500
2016-11-09,60.1700,60.0000,60.5900,59.2000
2016-11-10,58.7000,60.4800,60.4900,57.6300
2016-11-11,59.0200,58.2300,59.1200,58.0100
2016-11-14,58.1200,59.0200,59.0800,57.2800
2016-11-15,58.8700,58.3300,59.4900,58.3200
2016-11-16,59.6500,58.9400,59.6600,58.8100
2016-11-17,60.6400,60.4100,60.9500,59.9700
2016-11-18,60.3500,60.7800,61.1400,60.3000
2016-11-21,60.8600,60.5000,60.9700,60.4200
2016-11-22,61.1200,60.9800,61.2600,60.8100
2016-11-23,60.4000,61.0100,61.1000,60.2500
2016-11-25,60.5300,60.3000,60.5300,60.1300
2016-11-28,60.6100,60.3400,61.0200,60.2100
2016-11-29,61.0900,60.6500,61.4100,60.5200
2016-11-30,60.2600,60.8600,61.1800,60.2200
2016-12-01,59.2000,60.1100,60.1500,58.9400
2016-12-02,59.2500,59.0800,59.4700,58.8000
2016-12-05,60.2200,59.7000,60.5900,59.5600
2016-12-06,59.9500,60.4300,60.4600,59.8000
2016-12-07,61.3700,60.0100,61.3800,59.8000
2016-12-08,61.0100,61.3000,61.5800,60.8400
2016-12-09,61.9700,61.1800,61.9900,61.1300
2016-12-12,62.1700,61.8200,62.3000,61.7200
2016-12-13,62.9800,62.5000,63.4200,62.2400
2016-12-14,62.6800,63.0000,63.4500,62.5300
2016-12-15,62.5800,62.7000,63.1500,62.3000
2016-12-16,62.3000,62.9500,62.9500,62.1200
2016-12-19,63.6200,62.5600,63.7700,62.4200
2016-12-20,63.5400,63.6900,63.8000,63.0300
2016-12-21,63.5400,63.4300,63.7000,63.1200
2016-12-22,63.5500,63.8400,64.1000,63.4100
2016-12-23,63.2400,63.4500,63.5400,62.8000
2016-12-27,63.2800,63.2100,64.0700,63.2100
2016-12-28,62.9900,63.4000,63.4000,62.8300
2016-12-29,62.9000,62.8600,63.2000,62.7300
2016-12-30,62.1400,62.9600,62.9900,62.0300
2017-01-03,62.5800,62.7900,62.8400,62.1300
2017-01-04,62.3000,62.4800,62.7500,62.1200
2017-01-05,62.3000,62.1900,62.6600,62.0300
2017-01-06,62.8400,62.3000,63.1500,62.0400
2017-01-09,62.6400,62.7600,63.0800,62.5400
2017-01-10,62.6200,62.7300,63.0700,62.2800
2017-01-11,63.1900,62.6100,63.2300,62.4300
2017-01-12,62.6100,63.0600,63.4000,61.9500
2017-01-13,62.7000,62.6200,62.8700,62.3500
2017-01-17,62.5300,62.6800,62.7000,62.0300
2017-01-18,62.5000,62.6700,62.7000,62.1200
2017-01-19,62.3000,62.2400,62.9800,62.2000
2017-01-20,62.7400,62.6700,62.8200,62.3700
2017-01-23,62.9600,62.7000,63.1200,62.5700
2017-01-24,63.5200,63.2000,63.7400,62.9400
2017-01-25,63.6800,63.9500,64.1000,63.4500
2017-01-26,64.2700,64.1200,64.5400,63.5500
2017-01-27,65.7800,65.3900,65.9100,64.8900
2017-01-30,65.1300,65.6900,65.7900,64.8000
2017-01-31,64.6500,64.8600,65.1500,64.2600
2017-02-01,63.5800,64.3600,64.6200,63.4700
2017-02-02,63.1700,63.2500,63.4100,62.7500
2017-02-03,63.6800,63.5000,63.7000,63.0700
2017-02-06,63.6400,63.5000,63.6500,63.1400
2017-02-07,63.4300,63.7400,63.7800,63.2300
2017-02-08,63.3400,63.5700,63.8100,63.2200
2017-02-09,64.0600,63.5200,64.4400,63.3200
2017-02-10,64.0000,64.2500,64.3000,63.9800
2017-02-13,64.7200,64.2400,64.8600,64.1300
2017-02-14,64.5700,64.4100,64.7200,64.0200
2017-02-15,64.5300,64.5000,64.5700,64.1600
2017-02-16,64.5200,64.7400,65.2400,64.4400
2017-02-17,64.6200,64.4700,64.6900,64.3000
2017-02-21,64.4900,64.6100,64.9500,64.4500
2017-02-22,64.3600,64.3300,64.3900,64.0500
2017-02-23,64.6200,64.4200,64.7300,64.1900
2017-02-24,64.6200,64.5300,64.8000,64.1400
2017-02-27,64.2300,64.5400,64.5400,64.0500
2017-02-28,63.9800,64.0800,64.2000,63.7600
2017-03-01,64.9400,64.1300,64.9900,64.0200
2017-03-02,64.0100,64.6900,64.7500,63.8800
2017-03-03,64.2500,63.9900,64.2800,63.6200
2017-03-06,64.2700,63.9700,64.5600,63.8100
2017-03-07,64.4000,64.1900,64.7800,64.1900
2017-03-08,64.9900,64.2600,65.0800,64.2500
2017-03-09,64.7300,65.1900,65.2000,64.4800
2017-03-10,64.9300,65.1100,65.2600,64.7500
2017-03-13,64.7100,65.0100,65.1900,64.5700
2017-03-14,64.4100,64.5300,64.5500,64.1500
2017-03-15,64.7500,64.5500,64.9200,64.2500
2017-03-16,64.6400,64.7500,64.7600,64.3000
2017-03-17,64.8700,64.9100,65.2400,64.6800
2017-03-20,64.9300,64.9100,65.1800,64.7200
2017-03-21,64.2100,65.1900,65.5000,64.1300
2017-03-22,65.0300,64.1200,65.1400,64.1200
2017-03-23,64.8700,64.9400,65.2400,64.7700
2017-03-24,64.9800,65.3600,65.4500,64.7600
2017-03-27,65.1000,64.6300,65.2200,64.3500
2017-03-28,65.2900,64.9600,65.4700,64.6500
2017-03-29,65.4700,65.1200,65.5000,64.9500
2017-03-30,65.7100,65.4200,65.9800,65.3600
2017-03-31,65.8600,65.6500,66.1900,65.4500
2017-04-03,65.5500,65.8100,65.9400,65.1900
2017-04-04,65.7300,65.3900,65.8100,65.2800
2017-04-05,65.5600,66.3000,66.3500,65.4400
2017-04-06,65.7300,65.6000,66.0600,65.4800
2017-04-07,65.6800,65.8500,65.9600,65.4400
2017-04-10,65.5300,65.6100,65.8200,65.3600
2017-04-11,65.4800,65.6000,65.6100,64.8500
2017-04-12,65.2300,65.4200,65.5100,65.1100
2017-04-13,64.9500,65.2900,65.8600,64.9500
2017-04-17,65.4800,65.0400,65.4900,65.0100
2017-04-18,65.3900,65.3300,65.7100,65.1600
2017-04-19,65.0400,65.6500,65.7500,64.8900
2017-04-20,65.5000,65.4600,65.7500,65.1400
2017-04-21,66.4000,65.6700,66.7000,65.4500
2017-04-24,67.5300,67.4800,67.6600,67.1000
2017-04-25,67.9200,67.9000,68.0400,67.6000
2017-04-26,67.8300,68.0800,68.3100,67.6200
2017-04-27,68.2700,68.1500,68.3800,67.5800
2017-04-28,68.4600,68.9100,69.1400,67.6900
2017-05-01,69.4100,68.6800,69.5500,68.5000
2017-05-02,69.3000,69.7100,69.7100,69.1300
2017-05-03,69.0800,69.3800,69.3800,68.7100
2017-05-04,68.8100,69.0300,69.0800,68.6400
2017-05-05,69.0000,68.9000,69.0300,68.4900
2017-05-08,68.9400,68.9700,69.0500,68.4200
2017-05-09,69.0400,68.8600,69.2800,68.6800
2017-05-10,69.3100,68.9900,69.5600,68.9200
2017-05-11,68.4600,68.3600,68.7300,68.1200
2017-05-12,68.3800,68.6100,68.6100,68.0400
2017-05-15,68.4300,68.1400,68.4800,67.5700
2017-05-16,69.4100,68.2300,69.4400,68.1600
2017-05-17,67.4800,68.8900,69.1000,67.4300
2017-05-18,67.7100,67.4000,68.1300,67.1400
2017-05-19,67.6900,67.5000,68.1000,67.4300
2017-05-22,68.4500,67.8900,68.5000,67.5000
2017-05-23,68.6800,68.7200,68.7500,68.3800
2017-05-24,68.7700,68.8700,68.8800,68.4500
2017-05-25,69.6200,68.9700,69.8800,68.9100
2017-05-26,69.9600,69.8000,70.2200,69.5200
2017-05-30,70.4100,69.7900,70.4100,69.7700
2017-05-31,69.8400,70.5300,70.7400,69.8100
2017-06-01,70.1000,70.2400,70.6100,69.4500
2017-06-02,71.7600,70.4400,71.8600,70.2400
2017-06-05,72.2800,71.9700,72.8900,71.8100
2017-06-06,72.5200,72.3000,72.6200,72.2700
2017-06-07,72.3900,72.6400,72.7700,71.9500
2017-06-08,71.9500,72.5100,72.5200,71.5000
2017-06-09,70.3200,72.0400,72.0800,68.5900
2017-06-12,69.7800,69.2500,69.9400,68.1300
2017-06-13,70.6500,70.0200,70.8200,69.9600
2017-06-14,70.2700,70.9100,71.1000,69.4300
2017-06-15,69.9000,69.2700,70.2100,68.8000
2017-06-16,70.0000,69.7300,70.0300,69.2200
2017-06-19,70.8700,70.5000,70.9400,70.3500
2017-06-20,69.9100,70.8200,70.8700,69.8700
2017-06-21,70.2700,70.2100,70.6200,69.9400
2017-06-22,70.2600,70.5400,70.5900,69.7100
2017-06-23,71.2100,70.0900,71.2500,69.9200
2017-06-26,70.5300,71.4000,71.7100,70.4400
2017-06-27,69.2100,70.1100,70.1800,69.1800
2017-06-28,69.8000,69.2100,69.8400,68.7900
2017-06-29,68.4900,69.3800,69.4900,68.0900
2017-06-30,68.9300,68.7800,69.3800,68.7400
2017-07-03,68.1700,69.3300,69.6000,68.0200
2017-07-05,69.0800,68.2600,69.4400,68.2200
2017-07-06,68.5700,68.2700,68.7800,68.1200
2017-07-07,69.4600,68.7000,69.8400,68.7000
2017-07-10,69.9800,69.4600,70.2500,69.2000
2017-07-11,69.9900,70.0000,70.6800,69.7500
2017-07-12,71.1500,70.6900,71.2800,70.5500
2017-07-13,71.7700,71.5000,72.0400,71.3100
2017-07-14,72.7800,72.2400,73.2700,71.9600
2017-07-17,73.3500,72.8000,73.4500,72.7200
2017-07-18,73.3000,73.0900,73.3900,72.6600
2017-07-19,73.8600,73.5000,74.0400,73.4500
2017-07-20,74.2200,74.1800,74.3000,73.2800
2017-07-21,73.7900,73.4500,74.2900,73.1700
2017-07-24,73.6000,73.5300,73.7500,73.1300
2017-07-25,74.1900,73.8000,74.3100,73.5000
2017-07-26,74.0500,74.3400,74.3800,73.8100
2017-07-27,73.1600,73.7600,74.4200,72.3200
2017-07-28,73.0400,72.6700,73.3100,72.5400
2017-07-31,72.7000,73.3000,73.4400,72.4100
2017-08-01,72.5800,73.1000,73.4200,72.4900
2017-08-02,72.2600,72.5500,72.5600,71.4400
2017-08-03,72.1500,72.1900,72.4400,71.8500
2017-08-04,72.6800,72.4000,73.0400,72.2400
2017-08-07,72.4000,72.8000,72.9000,72.2600
2017-08-08,72.7900,72.0900,73.1300,71.7500
2017-08-09,72.4700,72.2500,72.5100,72.0500
2017-08-10,71.4100,71.9000,72.1900,71.3500
2017-08-11,72.5000,71.6100,72.7000,71.2800
2017-08-14,73.5900,73.0600,73.7200,72.9500
2017-08-15,73.2200,73.5900,73.5900,73.0400
2017-08-16,73.6500,73.3400,74.1000,73.1700
2017-08-17,72.4000,73.5800,73.8700,72.4000
2017-08-18,72.4900,72.2700,72.8400,71.9300
2017-08-21,72.1500,72.4700,72.4800,71.7000
2017-08-22,73.1600,72.3500,73.2400,72.3500
2017-08-23,72.7200,72.9600,73.1500,72.5300
2017-08-24,72.6900,72.7400,72.8600,72.0700
2017-08-25,72.8200,72.8600,73.3500,72.4800
2017-08-28,72.8300,73.0600,73.0900,72.5500
2017-08-29,73.0500,72.2500,73.1600,72.0500
2017-08-30,74.0100,73.0100,74.2100,72.8300
2017-08-31,74.7700,74.0300,74.9600,73.8000
2017-09-01,73.9400,74.7100,74.7400,73.6400
2017-09-05,73.6100,73.3400,73.8900,72.9800
2017-09-06,73.4000,73.7400,74.0400,73.3500
2017-09-07,74.3400,73.6800,74.6000,73.6000
2017-09-08,73.9800,74.3300,74.4400,73.8400
2017-09-11,74.7600,74.3100,74.9400,74.3100
2017-09-12,74.6800,74.7600,75.2400,74.3700
2017-09-13,75.2100,74.9300,75.2300,74.5500
2017-09-14,74.7700,75.0000,75.4900,74.5200
2017-09-15,75.3100,74.8300,75.3900,74.0700
2017-09-18,75.1600,75.2300,75.9700,75.0400
2017-09-19,75.4400,75.2100,75.7100,75.0100
2017-09-20,74.9400,75.3500,75.5500,74.3100
2017-09-21,74.2100,75.1100,75.2400,74.1100
2017-09-22,74.4100,73.9900,74.5100,73.8500
2017-09-25,73.2600,74.0900,74.2500,72.9200
2017-09-26,73.2600,73.6700,73.8100,72.9900
2017-09-27,73.8500,73.5500,74.1700,73.1700
2017-09-28,73.8700,73.5400,73.9700,73.3100
2017-09-29,74.4900,73.9400,74.5400,73.8800
2017-10-02,74.6100,74.7100,75.0100,74.3000
2017-10-03,74.2600,74.6700,74.8800,74.1900
2017-10-04,74.6900,74.0900,74.7200,73.7100
2017-10-05,75.9700,75.2200,76.1200,74.9600
2017-10-06,76.0000,75.6700,76.0300,75.5400
2017-10-09,76.2900,75.9700,76.5500,75.8600
2017-10-10,76.2900,76.3300,76.6300,76.1400
2017-10-11,76.4200,76.3600,76.4600,75.9500
2017-10-12,77.1200,76.4900,77.2900,76.3700
2017-10-13,77.4900,77.5900,77.8700,77.2900
2017-10-16,77.6500,77.4200,77.8100,77.3500
2017-10-17,77.5900,77.4700,77.6200,77.2500
2017-10-18,77.6100,77.6700,77.8500,77.3700
2017-10-19,77.9100,77.5700,77.9300,77.3500
2017-10-20,78.8100,78.3200,78.9700,78.2200
2017-10-23,78.8300,78.9900,79.3400,78.7600
2017-10-24,78.8600,78.9000,79.2000,78.4600
2017-10-25,78.6300,78.5800,79.1000,78.0100
2017-10-26,78.7600,79.2000,79.4200,78.7500
2017-10-27,83.8100,84.3700,86.2000,83.6100
2017-10-30,83.8900,83.7000,84.3300,83.1100
2017-10-31,83.1800,84.3600,84.3600,83.1100
2017-11-01,83.1800,83.6800,83.7600,82.8800
2017-11-02,84.0500,83.3500,84.4600,83.1200
2017-11-03,84.1400,84.0800,84.5400,83.4000
2017-11-06,84.4700,84.2000,84.7000,84.0800
2017-11-07,84.2700,84.7700,84.9000,83.9300
2017-11-08,84.5600,84.1400,84.6100,83.8300
2017-11-09,84.0900,84.1100,84.2700,82.9000
2017-11-10,83.8700,83.7900,84.1000,83.2300
2017-11-13,83.9300,83.6600,83.9400,83.4600
2017-11-14,84.0500,83.5000,84.1000,82.9800
2017-11-15,82.9800,83.4700,83.6900,82.6900
2017-11-16,83.2000,83.1000,83.4200,82.9400
2017-11-17,82.4000,83.1200,83.1200,82.2400
2017-11-20,82.5300,82.4000,82.5900,82.2500
2017-11-21,83.7200,82.7400,83.8400,82.7400
2017-11-22,83.1100,83.8300,83.9000,83.0400
2017-11-24,83.2600,83.0100,83.4300,82.7800
2017-11-27,83.8700,83.3100,83.9800,83.3000
2017-11-28,84.8800,84.0700,85.0600,84.0200
2017-11-29,83.3400,84.7100,84.9200,83.1800
2017-11-30,84.1700,83.5100,84.5200,83.3400
2017-12-01,84.2600,83.6000,84.8100,83.2200
2017-12-04,81.0800,84.4200,84.4300,80.7000
2017-12-05,81.5900,81.3400,82.6800,80.9800
2017-12-06,82.7800,81.5500,83.1400,81.4300
2017-12-07,82.4900,82.5400,82.8000,82.0000
2017-12-08,84.1600,83.6300,84.5800,83.3300
2017-12-11,85.2300,84.2900,85.3700,84.1200
2017-12-12,85.5800,85.3100,86.0500,85.0800
2017-12-13,85.3500,85.7400,86.0000,85.1700
2017-12-14,84.6900,85.4300,85.8700,84.5300
2017-12-15,86.8500,85.2600,87.0900,84.8800
2017-12-18,86.3800,87.1200,87.5000,86.2300
2017-12-19,85.8300,86.3500,86.3500,85.2700
2017-12-20,85.5200,86.2000,86.3000,84.7100
2017-12-21,85.5000,86.0500,86.1000,85.4000
2017-12-22,85.5100,85.4000,85.6300,84.9200
2017-12-26,85.4000,85.3100,85.5300,85.0300
2017-12-27,85.7100,85.6500,85.9800,85.2200
2017-12-28,85.7200,85.9000,85.9300,85.5500
2017-12-29,85.5400,85.6300,86.0500,85.5000
2018-01-02,85.9500,86.1300,86.3100,85.5000
2018-01-03,86.3500,86.0600,86.5100,85.9700
2018-01-04,87.1100,86.5900,87.6600,86.5700
2018-01-05,88.1900,87.6600,88.4100,87.4300
2018-01-08,88.2800,88.2000,88.5800,87.6000
2018-01-09,88.2200,88.6500,88.7300,87.8600
2018-01-10,87.8200,87.8600,88.1900,87.4100
2018-01-11,88.0800,88.1300,88.1300,87.2400
2018-01-12,89.6000,88.6700,89.7800,88.4500
2018-01-16,88.3500,90.1000,90.7900,88.0100
2018-01-17,90.1400,89.0800,90.2800,88.7500
2018-01-18,90.1000,89.8000,90.6700,89.6600
2018-01-19,90.0000,90.1400,90.6100,89.6600
2018-01-22,91.6100,90.0000,91.6200,89.7400
2018-01-23,91.9000,91.9000,92.3000,91.5400
2018-01-24,91.8200,92.5500,93.4300,91.5800
2018-01-25,92.3300,92.4700,93.2400,91.9300
2018-01-26,94.0600,93.1200,94.0600,92.5800
2018-01-29,93.9200,95.1400,95.4500,93.7200
2018-01-30,92.7400,93.3000,93.6600,92.1000
2018-01-31,95.0100,93.7500,95.4000,93.5100
2018-02-01,94.2600,94.7900,96.0700,93.5800
2018-02-02,91.7800,93.6400,93.9700,91.5000
2018-02-05,88.0000,90.5600,93.2400,88.0000
2018-02-06,91.3300,86.8900,91.4800,85.2500
2018-02-07,89.6100,90.4900,91.7700,89.2000
2018-02-08,85.0100,89.7100,89.8800,84.7600
2018-02-09,88.1800,86.3000,88.9300,83.8300
2018-02-12,89.1300,88.7400,89.7800,87.9300
2018-02-13,89.8300,88.9300,90.0000,87.8000
2018-02-14,90.8100,88.5100,90.9900,88.4100
2018-02-15,92.6600,91.2100,92.7200,90.6200
2018-02-16,92.0000,92.4500,93.5000,91.8000
2018-02-20,92.7200,91.4800,93.0600,91.0100
2018-02-21,91.4900,92.9800,93.3600,91.4900
2018-02-22,91.7300,92.0500,92.7300,91.3600
2018-02-23,94.0600,93.6000,94.0700,92.3600
2018-02-26,95.4200,94.4000,95.4500,94.2500
2018-02-27,94.2000,95.7400,95.8400,94.2000
2018-02-28,93.7700,94.8400,95.7100,93.6300
2018-03-01,92.8500,93.9900,94.5700,91.8400
2018-03-02,93.0500,91.5800,93.1500,90.8600
2018-03-05,93.6400,92.3400,94.2700,92.2600
2018-03-06,93.3200,94.3400,94.4900,92.9400
2018-03-07,93.8600,93.1600,93.9400,92.4300
2018-03-08,94.4300,94.2700,95.1000,93.7700
2018-03-09,96.5400,95.2900,96.5400,95.0000
2018-03-12,96.7700,96.5000,97.2100,96.0400
2018-03-13,94.4100,97.0000,97.2400,93.9700
2018-03-14,93.8500,95.1200,95.4100,93.5000
2018-03-15,94.1800,93.5300,94.5800,92.8300
2018-03-16,94.6000,94.6800,95.3800,93.9200
2018-03-19,92.8900,93.7400,93.9000,92.1100
2018-03-20,93.1300,93.0500,93.7700,93.0000
2018-03-21,92.4800,92.9300,94.0500,92.2100
2018-03-22,89.7900,91.2700,91.7500,89.6600
2018-03-23,87.1800,89.5000,90.4600,87.0800
2018-03-26,93.7800,90.6100,94.0000,90.4000
2018-03-27,89.4700,94.9400,95.1400,88.5100
2018-03-28,89.3900,89.8200,91.2300,88.8700
2018-03-29,91.2700,90.1800,92.2900,88.4000
2018-04-02,88.5200,90.4700,90.8800,87.5100
2018-04-03,89.7100,89.5800,90.0500,87.8900
2018-04-04,92.3300,87.8500,92.7600,87.7300
2018-04-05,92.3800,92.4400,93.0700,91.4000
2018-04-06,90.2300,91.4900,92.4600,89.4800
2018-04-09,90.7700,91.0400,93.1700,90.6200
2018-04-10,92.8800,92.3900,93.2800,91.6400
2018-04-11,91.8600,92.0100,93.2900,91.4800
2018-04-12,93.5800,92.4300,94.1600,92.4300
2018-04-13,93.0800,94.0500,94.1800,92.4400
2018-04-16,94.1700,94.0700,94.6600,93.4200
2018-04-17,96.0700,95.0000,96.5400,94.8800
2018-04-18,96.4400,96.2200,96.7200,95.5200
2018-04-19,96.1100,96.4400,97.0700,95.3400
2018-04-20,95.0000,95.9100,96.1100,94.0500
2018-04-23,95.3500,95.7400,96.2900,94.6300
2018-04-24,93.1200,96.2400,96.4700,92.4100
2018-04-25,92.3100,93.3000,93.3000,90.2800
2018-04-26,94.2600,93.5500,95.1500,93.1000
2018-04-27,95.8200,97.6000,97.9000,93.9100
2018-04-30,93.5200,96.3300,96.4000,93.1500
2018-05-01,95.0000,93.2100,95.2900,92.7900
2018-05-02,93.5100,94.9900,95.1700,93.1900
2018-05-03,94.0700,92.9600,94.9300,92.4500
2018-05-04,95.1600,93.3200,95.3700,92.9200
2018-05-07,96.2200,95.1700,96.7100,95.1000
2018-05-08,95.8100,95.8500,96.1600,95.0600
2018-05-09,96.9400,96.0100,96.9700,95.0500
2018-05-10,97.9100,97.4600,97.9500,97.0500
2018-05-11,97.7000,97.8000,97.8700,97.0400
2018-05-14,98.0300,97.9200,98.6900,97.3100
2018-05-15,97.3200,97.2400,97.8500,96.3400
2018-05-16,97.1500,97.3600,97.4000,96.6200
2018-05-17,96.1800,96.7600,97.5400,95.8300
2018-05-18,96.3600,96.0100,96.9300,96.0100
2018-05-21,97.6000,97.0000,98.0100,96.8000
2018-05-22,97.5000,97.6800,98.1700,97.2000
2018-05-23,98.6600,96.7100,98.7300,96.3200
2018-05-24,98.3100,98.7300,98.9400,96.8100
2018-05-25,98.3600,98.3000,98.9800,97.8600
2018-05-29,98.0100,97.8400,98.8800,97.2300
2018-05-30,98.9500,98.3100,99.2500,97.9100
2018-05-31,98.8400,99.2900,99.9900,98.6100
2018-06-01,100.7900,99.2800,100.8600,99.1700
2018-06-04,101.6700,101.2600,101.8600,100.8500
2018-06-05,102.1900,102.0000,102.3300,101.5300
2018-06-06,102.4900,102.4800,102.6000,101.9000
2018-06-07,100.8800,102.6500,102.6900,100.3800
2018-06-08,101.6300,101.0900,101.9500,100.5400
2018-06-11,101.0500,101.0100,101.5900,100.6700
2018-06-12,101.3100,101.1000,101.4500,100.7500
2018-06-13,100.8500,101.7200,102.0100,100.5600
2018-06-14,101.4200,101.6500,102.0300,101.0000
2018-06-15,100.1300,101.5100,101.5300,100.0700
2018-06-18,100.8600,100.0100,101.1100,99.4200
2018-06-19,100.8600,99.6500,101.0000,99.5000
2018-06-20,101.8700,101.3700,102.5200,101.1200
2018-06-21,101.1400,102.0800,102.4600,100.8800
2018-06-22,100.4100,100.4100,100.7700,99.6300
2018-06-25,98.3900,100.0000,100.1100,97.3000
2018-06-26,99.0800,98.8200,100.0800,98.7500
2018-06-27,97.5400,99.5800,100.0200,97.4000
2018-06-28,98.6300,97.3800,99.1100,97.2600
2018-06-29,98.6100,98.9300,99.9100,98.3300
2018-07-02,100.0100,98.1000,100.0600,98.0000
2018-07-03,99.0500,100.4800,100.6300,98.9400
2018-07-05,99.7600,99.5000,99.9200,99.0300
2018-07-06,101.1600,99.8900,101.4300,99.6700
2018-07-09,101.8500,101.6500,102.2500,101.2500
2018-07-10,102.1200,102.0000,102.5100,101.8600
2018-07-11,101.9800,101.1500,102.3400,101.1000
2018-07-12,104.1900,102.7700,104.4100,102.7300
2018-07-13,105.4300,104.3700,105.6000,104.0900
2018-07-16,104.9100,105.4000,105.8200,104.5200
2018-07-17,105.9500,104.6100,106.5000,104.3200
2018-07-18,105.1200,105.9400,106.0500,104.7200
2018-07-19,104.4000,104.9300,105.3100,103.8900
2018-07-20,106.2700,108.0800,108.2000,106.0800
2018-07-23,107.9700,106.3000,108.1400,106.1300
2018-07-24,107.6600,108.5700,108.8200,107.2600
2018-07-25,110.8300,107.9600,111.1500,107.6000
2018-07-26,109.6200,110.7400,111.0000,109.5000
2018-07-27,107.6800,110.1800,110.1800,106.1400
2018-07-30,105.3700,107.1900,107.5300,104.7600
2018-07-31,106.0800,106.4900,106.7200,105.3800
2018-08-01,106.2800,106.0300,106.4500,105.4200
2018-08-02,107.5700,105.4000,108.0900,104.8400
2018-08-03,108.0400,107.8000,108.0500,106.8200
2018-08-06,108.1300,108.1200,108.4200,107.5600
2018-08-07,108.8800,108.5600,109.1000,108.1700
2018-08-08,109.4900,109.3300,109.7500,108.7600
2018-08-09,109.6700,109.7100,110.1600,109.6000
2018-08-10,109.0000,109.4200,109.6900,108.3800
2018-08-13,108.2100,109.2400,109.5800,108.1000
2018-08-14,109.5600,108.5600,109.7500,108.0400
2018-08-15,107.6600,108.4900,108.9900,106.8200
2018-08-16,107.6400,108.3000,108.8600,107.3000
2018-08-17,107.5800,107.3600,107.9000,106.6900
2018-08-20,106.8700,107.5100,107.9000,106.4800
2018-08-21,105.9800,106.9200,107.3500,105.8500
2018-08-22,107.0600,105.8500,107.3400,105.7800
2018-08-23,107.5600,107.1500,108.1800,106.8700
2018-08-24,108.4000,107.6700,108.5600,107.5600
2018-08-27,109.6000,109.2700,109.6400,108.5100
2018-08-28,110.2600,109.9400,110.5000,109.7900
2018-08-29,112.0200,110.4500,112.0300,110.2700
2018-08-30,111.9500,111.6700,112.6100,111.4400
2018-08-31,112.3300,111.6900,112.7800,111.5200
2018-09-04,111.7100,110.8500,111.9600,110.2200
2018-09-05,108.4900,111.0100,111.4200,108.1000
2018-09-06,108.7400,108.2500,108.9900,107.5100
2018-09-07,108.2100,108.2300,108.7200,107.2300
2018-09-10,109.3800,108.8400,109.6400,108.3600
2018-09-11,111.2400,108.9000,111.5900,108.8900
2018-09-12,111.7100,111.4300,111.8500,110.5100
2018-09-13,112.9100,112.1200,113.7300,112.1200
2018-09-14,113.3700,113.3600,113.7300,112.4400
2018-09-17,112.1400,113.6900,113.7000,111.8600
2018-09-18,113.2100,112.1900,113.7000,111.7200
2018-09-19,111.7000,113.0500,113.3200,111.0400
2018-09-20,113.5700,112.2800,113.8000,111.9300
2018-09-21,114.2600,114.0000,115.2900,113.5100
2018-09-24,114.6700,113.0300,114.9000,112.2200
2018-09-25,114.4500,114.8000,115.1000,113.7500
2018-09-26,113.9800,114.4700,115.0600,113.7400
2018-09-27,114.4100,114.7800,114.9100,114.2000
2018-09-28,114.3700,114.1900,114.5700,113.6800
2018-10-01,115.6100,114.7500,115.6800,114.7300
2018-10-02,115.1500,115.3000,115.8400,114.4400
2018-10-03,115.1700,115.4200,116.1800,114.9300
2018-10-04,112.7900,114.6100,114.7600,111.6300
2018-10-05,112.1300,112.6300,113.1700,110.6400
2018-10-08,110.8500,111.6600,112.0300,109.3400
2018-10-09,112.2600,111.1400,113.0800,110.8000
2018-10-10,106.1600,111.2400,111.5000,105.7900
2018-10-11,105.9100,105.3500,108.9300,104.2000
2018-10-12,109.5700,109.0100,111.2400,107.1200
2018-10-15,107.6000,108.9100,109.4800,106.9500
2018-10-16,111.0000,109.5400,111.4100,108.9500
2018-10-17,110.7100,111.6800,111.8100,109.5500
2018-10-18,108.5000,110.1000,110.5300,107.8300
2018-10-19,108.6600,108.9300,110.8600,108.2100
2018-10-22,109.6300,109.3200,110.5400,108.2400
2018-10-23,108.1000,107.7700,108.9700,105.1100
2018-10-24,102.3200,108.4100,108.4900,101.5900
2018-10-25,108.3000,106.5500,109.2700,106.1500
2018-10-26,106.9600,105.6900,108.7500,104.7600
2018-10-29,103.8500,108.1100,108.7000,101.6300
2018-10-30,103.7300,103.6600,104.3800,100.1100
2018-10-31,106.8100,105.4400,108.1400,105.3900
2018-11-01,105.9200,107.0500,107.3200,105.5300
2018-11-02,106.1600,106.4800,107.3200,104.9800
2018-11-05,107.5100,106.3700,107.7400,105.9000
2018-11-06,107.7200,107.3800,108.8400,106.2800
2018-11-07,111.9600,109.4400,112.2400,109.4000
2018-11-08,111.7500,111.8000,112.2100,110.9100
2018-11-09,109.5700,110.8500,111.4500,108.7600
2018-11-12,106.8700,109.4200,109.9600,106.1000
2018-11-13,106.9400,107.5500,108.7400,106.6400
2018-11-14,104.9700,108.1000,108.2600,104.4700
2018-11-15,107.2800,104.9900,107.8000,103.9100
2018-11-16,108.2900,107.0800,108.8800,106.8000
2018-11-19,104.6200,108.2700,108.5600,103.5500
2018-11-20,101.7100,101.8000,102.9700,99.3500
2018-11-21,103.1100,103.6000,104.4300,102.2400
2018-11-23,103.0700,102.1700,103.8100,102.0000
2018-11-26,106.4700,104.7900,106.6300,104.5800
2018-11-27,107.1400,106.2700,107.3300,105.3600
2018-11-28,111.1200,107.8900,111.3300,107.8600
2018-11-29,110.1900,110.3300,111.1200,109.0300
2018-11-30,110.8900,110.7000,110.9700,109.3600
2018-12-03,112.0900,113.0000,113.4200,110.7300
2018-12-04,108.5200,111.9400,112.6400,108.2100
2018-12-06,109.1900,105.8200,109.2400,105.0000
2018-12-07,104.8200,108.3800,109.4500,104.3000
2018-12-10,107.5900,104.8000,107.9800,103.8900
2018-12-11,108.5900,109.8000,110.9500,107.4400
2018-12-12,109.0800,110.8900,111.2700,109.0400
2018-12-13,109.4500,109.5800,110.8700,108.6300
2018-12-14,106.0300,108.2500,109.2600,105.5000
2018-12-17,102.8900,105.4100,105.8000,101.7100
2018-12-18,103.9700,103.7500,104.5100,102.5200
2018-12-19,103.6900,103.6500,106.8800,101.3500
2018-12-20,101.5100,103.0500,104.3100,98.7800
2018-12-21,98.2300,101.6300,103.0000,97.4600
2018-12-24,94.1300,97.6800,97.9700,93.9800
2018-12-26,100.5600,95.1400,100.6900,93.9600
2018-12-27,101.1800,99.3000,101.1900,96.4000
2018-12-28,100.3900,102.0900,102.4100,99.5200
2018-12-31,101.5700,101.2900,102.4000,100.4400
2019-01-02,101.1200,99.5500,101.7500,98.9400
2019-01-03,97.4000,100.1000,100.1900,97.2000
2019-01-04,101.9300,99.7200,102.5100,98.9300
2019-01-07,102.0600,101.6400,103.2700,100.9800
2019-01-08,102.8000,103.0400,103.9700,101.7100
2019-01-09,104.2700,103.8600,104.8800,103.2400
2019-01-10,103.6000,103.2200,103.7500,102.3800
2019-01-11,102.8000,103.1900,103.4400,101.6400
2019-01-14,102.0500,101.9000,102.8700,101.2600
2019-01-15,105.0100,102.5100,105.0500,101.8800
2019-01-16,105.3800,105.2600,106.2600,104.9600
2019-01-17,106.1200,105.0000,106.6300,104.7600
2019-01-18,107.7100,107.4600,107.9000,105.9100
2019-01-22,105.6800,106.7500,107.1000,104.8600
2019-01-23,106.7100,106.1200,107.0400,105.3400
2019-01-24,106.2000,106.8600,107.0000,105.3400
2019-01-25,107.1700,107.2400,107.8800,106.2000
2019-01-28,105.0800,106.2600,106.4800,104.6600
2019-01-29,102.9400,104.8800,104.9700,102.1700
2019-01-30,106.3800,104.6200,106.3800,104.3300
2019-01-31,104.4300,103.8000,105.2200,103.1800
2019-02-01,102.7800,103.7800,104.1000,102.3500
2019-02-04,105.7400,102.8700,105.8000,102.7700
2019-02-05,107.2200,106.0600,107.2700,105.9600
2019-02-06,106.0300,107.0000,107.0000,105.5300
2019-02-07,105.2700,105.1900,105.5900,104.2900
2019-02-08,105.6700,104.3900,105.7800,104.2600
2019-02-11,105.2500,106.2000,106.5800,104.9700
2019-02-12,106.8900,106.1400,107.1400,105.4800
2019-02-13,106.8100,107.5000,107.7800,106.7100
2019-02-14,106.9000,106.3100,107.2900,105.6600
2019-02-15,108.2200,107.9100,108.3000,107.3600
2019-02-19,108.1700,107.7900,108.6600,107.7800
2019-02-20,107.1500,107.8600,107.9400,106.2900
2019-02-21,109.4100,106.9000,109.4800,106.8700
2019-02-22,110.9700,110.0500,111.2000,109.8200
2019-02-25,111.5900,111.7600,112.1800,111.2600
2019-02-26,112.3600,111.2600,113.2400,111.1700
2019-02-27,112.1700,111.6900,112.3600,110.8800
2019-02-28,112.0300,112.0400,112.8800,111.7300
2019-03-01,112.5300,112.8900,113.0200,111.6700
2019-03-04,112.2600,113.0200,113.2500,110.8000
2019-03-05,111.7000,112.2500,112.3900,111.2300
2019-03-06,111.7500,111.8700,112.6600,111.4300
2019-03-07,110.3900,111.4000,111.5500,109.8700
2019-03-08,110.5100,109.1600,110.7100,108.8000
2019-03-11,112.8300,110.9900,112.9500,110.9800
2019-03-12,113.6200,112.8200,113.9900,112.6500
2019-03-13,114.5000,114.1300,115.0000,113.7800
2019-03-14,114.5900,114.5400,115.2000,114.3300
2019-03-15,115.9100,115.3400,117.2500,114.5900
2019-03-18,117.5700,116.1700,117.6100,116.0500
2019-03-19,117.6500,118.0900,118.4400,116.9900
2019-03-20,117.5200,117.3900,118.7500,116.7100
2019-03-21,120.2200,117.1400,120.8200,117.0900
2019-03-22,117.0500,119.5000,119.5900,117.0400
2019-03-25,117.6600,116.5600,118.0100,116.3200
2019-03-26,117.9100,118.6200,118.7100,116.8500
2019-03-27,116.7700,117.8800,118.2100,115.5200
2019-03-28,116.9300,117.4400,117.5800,116.1300
2019-03-29,117.9400,118.0700,118.3200,116.9600
2019-04-01,119.0200,118.9500,119.1100,118.1000
2019-04-02,119.1900,119.0600,119.4800,118.5200
2019-04-03,119.9700,119.8600,120.4300,119.1500
2019-04-04,119.3600,120.1000,120.2300,118.3800
2019-04-05,119.8900,119.3900,120.2300,119.3700
2019-04-08,119.9300,119.8100,120.0200,118.6400
2019-04-09,119.2800,118.6300,119.5400,118.5800
2019-04-10,120.1900,119.7600,120.3500,119.5400
2019-04-11,120.3300,120.5400,120.8500,119.9200
2019-04-12,120.9500,120.6400,120.9800,120.3700
2019-04-15,121.0500,120.9400,121.5800,120.5700
2019-04-16,120.7700,121.6400,121.6500,120.1000
2019-04-17,121.7700,121.2400,121.8500,120.5400
2019-04-18,123.3700,122.1900,123.5200,121.3000
2019-04-22,123.7600,122.6200,124.0000,122.5700
2019-04-23,125.4400,124.1000,125.5800,123.8300
2019-04-24,125.0100,125.7900,125.8500,124.5200
2019-04-25,129.1500,130.0600,131.3700,128.8300
2019-04-26,129.8900,129.7000,130.5200,129.0200
2019-04-29,129.7700,129.9000,130.1800,129.3500
2019-04-30,130.6000,129.8100,130.7000,129.3900
2019-05-01,127.8800,130.5300,130.6500,127.7000
2019-05-02,126.2100,127.9800,128.0000,125.5200
2019-05-03,128.9000,127.3600,129.4300,127.2500
2019-05-06,128.1500,126.3900,128.5600,126.1100
2019-05-07,125.5200,126.4600,127.1800,124.2200
2019-05-08,125.5100,125.4400,126.3700,124.7500
2019-05-09,125.5000,124.2900,125.7900,123.5700
2019-05-10,127.1300,124.9100,127.9300,123.8200
2019-05-13,123.3500,124.1100,125.5500,123.0400
2019-05-14,124.7300,123.8700,125.8800,123.7000
2019-05-15,126.0200,124.2600,126.7100,123.7000
2019-05-16,128.9300,126.7500,129.3800,126.4600
2019-05-17,128.0700,128.3100,130.4600,127.9200
2019-05-20,126.2200,126.5200,127.5900,125.7600
2019-05-21,126.9000,127.4300,127.5300,126.5800
2019-05-22,127.6700,126.6200,128.2400,126.5200
2019-05-23,126.1800,126.2000,126.2900,124.7400
2019-05-24,126.2400,126.9100,127.4200,125.9700
2019-05-28,126.1600,126.9800,128.0000,126.0500
2019-05-29,124.9400,125.3800,125.3900,124.0400
2019-05-30,125.7300,125.2600,125.7600,124.7800
2019-05-31,123.6800,124.2300,124.6200,123.3200
2019-06-03,119.8400,123.8500,124.3700,119.0100
2019-06-04,123.1600,121.2800,123.2800,120.6500
2019-06-05,125.8300,124.9500,125.8700,124.2100
2019-06-06,127.8200,126.4400,127.9700,125.6000
2019-06-07,131.4000,129.1900,132.2500,128.2600
2019-06-10,132.6000,132.4000,134.0800,132.0000
2019-06-11,132.1000,133.8800,134.2400,131.2800
2019-06-12,131.4900,131.4000,131.9700,130.7100
2019-06-13,132.3200,131.9800,133.0000,131.5600
2019-06-14,132.4500,132.2600,133.7900,131.6400
2019-06-17,132.8500,132.6300,133.7300,132.5300
2019-06-18,135.1600,134.1900,135.2400,133.5700
2019-06-19,135.6900,135.0000,135.9300,133.8100
2019-06-20,136.9500,137.4500,137.6600,135.7200
2019-06-21,136.9700,136.5800,137.7300,136.4600
2019-06-24,137.7800,137.0000,138.4000,137.0000
2019-06-25,133.4300,137.2500,137.5900,132.7300
2019-06-26,133.9300,134.3500,135.7400,133.6000
2019-06-27,134.1500,134.1400,134.7100,133.5100
2019-06-28,133.9600,134.5700,134.6000,133.1600
2019-07-01,135.6800,136.6300,136.7000,134.9700
2019-07-02,136.5800,136.1200,136.5900,135.3400
2019-07-03,137.4600,136.8000,137.7400,136.2900
2019-07-05,137.0600,135.9400,137.3300,135.7200
2019-07-08,136.9600,136.4000,137.1000,135.3700
2019-07-09,136.4600,136.0000,136.9700,135.8000
2019-07-10,137.8500,137.1300,138.5800,137.0200
2019-07-11,138.4000,138.2000,139.2200,137.8700
2019-07-12,138.9000,138.8500,139.1300,138.0100
2019-07-15,138.9000,139.4400,139.5400,138.4600
2019-07-16,137.0800,138.9600,139.0500,136.5200
2019-07-17,136.2700,137.7000,137.9300,136.2200
2019-07-18,136.4200,135.5500,136.6200,134.6700
2019-07-19,136.6200,140.2200,140.6700,136.4500
2019-07-22,138.4300,137.4100,139.1900,137.3300
2019-07-23,139.2900,139.7600,139.9900,138.0300
2019-07-24,140.7200,138.9000,140.7400,138.8500
2019-07-25,140.1900,140.4300,140.6100,139.3200
2019-07-26,141.3400,140.3700,141.6800,140.3000
2019-07-29,141.0300,141.5000,141.5100,139.3700
2019-07-30,140.3500,140.1400,141.2200,139.8000
2019-07-31,136.2700,140.3300,140.4900,135.0800
2019-08-01,138.0600,137.0000,140.9400,136.9300
2019-08-02,136.9000,138.0900,138.3200,135.2600
2019-08-05,132.2100,133.3000,133.9300,130.7800
2019-08-06,134.6900,133.8000,135.6800,133.2100
2019-08-07,135.2800,133.7900,135.6500,131.8300
2019-08-08,138.8900,136.6000,138.9900,135.9300
2019-08-09,137.7100,138.6100,139.3800,136.4600
2019-08-12,135.7900,137.0700,137.8600,135.2400
2019-08-13,138.6000,136.0500,138.8000,135.0000
2019-08-14,133.9800,136.3600,136.9200,133.6700
2019-08-15,133.6800,134.3900,134.5800,132.2500
2019-08-16,136.1300,134.8800,136.4600,134.7200
2019-08-19,138.4100,137.8500,138.5500,136.8900
2019-08-20,137.2600,138.2100,138.7100,137.2400
2019-08-21,138.7900,138.5500,139.4900,138.0000
2019-08-22,137.7800,138.6600,139.2000,136.2900
2019-08-23,133.3900,137.1900,138.3500,132.8000
2019-08-26,135.4500,134.9900,135.5600,133.9000
2019-08-27,135.7400,136.3900,136.7200,134.6600
2019-08-28,135.5600,134.8800,135.7600,133.5500
2019-08-29,138.1200,137.2500,138.4400,136.9100
2019-08-30,137.8600,139.1500,139.1800,136.2700
2019-09-03,136.0400,136.6100,137.2000,135.7000
2019-09-04,137.6300,137.3000,137.6900,136.4800
2019-09-05,140.0500,139.1100,140.3800,138.7600
2019-09-06,139.1000,140.0300,140.1800,138.2000
2019-09-09,137.5200,139.5900,139.7500,136.4600
2019-09-10,136.0800,136.8000,136.8900,134.5100
2019-09-11,136.1200,135.9100,136.2700,135.0900
2019-09-12,137.5200,137.8500,138.4200,136.8700
2019-09-13,137.3200,137.7800,138.0600,136.5700
2019-09-16,136.3300,135.8300,136.7000,135.6600
2019-09-17,137.3900,136.9600,137.5200,136.4300
2019-09-18,138.5200,137.3600,138.6700,136.5300
2019-09-19,141.0700,140.3000,142.3700,140.0700
2019-09-20,139.4400,141.0100,141.6500,138.2500
2019-09-23,139.1400,139.2300,139.6300,138.4400
2019-09-24,137.3800,140.3600,140.6900,136.8800
2019-09-25,139.3600,137.5000,139.9600,136.0300
2019-09-26,139.5400,139.4400,140.1800,138.4400
2019-09-27,137.7300,140.1500,140.3600,136.6500
2019-09-30,139.0300,138.0500,139.2200,137.7800
2019-10-01,137.0700,139.6600,140.2500,137.0000
2019-10-02,134.6500,136.2500,136.3700,133.5800
2019-10-03,136.2800,134.9500,136.7500,133.2200
2019-10-04,138.1200,136.7500,138.2500,136.4200
2019-10-07,137.1200,137.1400,138.1800,137.0200
2019-10-08,135.6700,137.0800,137.7600,135.6200
2019-10-09,138.2400,137.4600,138.7000,136.9700
2019-10-10,139.1000,138.4900,139.6700,138.2500
2019-10-11,139.6800,140.1200,141.0300,139.5000
2019-10-14,139.5500,139.6900,140.2900,139.5200
2019-10-15,141.5700,140.0600,141.7900,139.8100
2019-10-16,140.4100,140.7900,140.9900,139.5300
2019-10-17,139.6900,140.9500,141.4200,139.0200
2019-10-18,137.4100,139.7600,140.0000,136.5600
2019-10-21,138.4300,138.4500,138.5000,137.0100
2019-10-22,136.3700,138.9700,140.0100,136.2600
2019-10-23,137.2400,136.8800,137.4500,135.6100
2019-10-24,139.9400,139.3900,140.4200,138.6700
2019-10-25,140.7300,139.3400,141.1400,139.2000
2019-10-28,144.1900,144.4000,145.6700,143.5100
2019-10-29,142.8300,144.0800,144.5000,142.6500
2019-10-30,144.6100,143.5200,145.0000,142.7900
2019-10-31,143.3700,144.9000,144.9300,142.9900
2019-11-01,143.7200,144.2600,144.4200,142.9700
2019-11-04,144.5500,144.8300,145.0000,144.1600
2019-11-05,144.4600,144.9700,145.0200,143.9100
2019-11-06,144.0600,144.3700,144.5200,143.2000
2019-11-07,144.2600,143.8400,144.8800,143.7700
2019-11-08,145.9600,143.9800,145.9900,143.7600
2019-11-11,146.1100,145.3400,146.4200,144.7300
2019-11-12,147.0700,146.2800,147.5700,146.0600
2019-11-13,147.3100,146.7400,147.4600,146.2800
2019-11-14,148.0600,147.0200,148.4100,147.0000
2019-11-15,149.9700,148.9300,149.9900,148.2700
2019-11-18,150.3400,150.0700,150.5500,148.9800
2019-11-19,150.3900,150.8800,151.3300,150.2000
2019-11-20,149.6200,150.3100,150.8400,148.4600
2019-11-21,149.4800,149.4000,149.8000,148.5000
2019-11-22,149.5900,150.0700,150.3000,148.8200
2019-11-25,151.2300,150.0000,151.3500,149.9200
2019-11-26,152.0300,151.3600,152.4200,151.3200
2019-11-27,152.3200,152.3300,152.5000,151.5200
2019-11-29,151.3800,152.1000,152.3000,151.2800
2019-12-02,149.5500,151.8100,151.8300,148.3200
2019-12-03,149.3100,147.4900,149.4300,146.6500
2019-12-04,149.8500,150.1400,150.1800,149.2000
2019-12-05,149.9300,150.0500,150.3200,149.4800
2019-12-06,151.7500,150.9900,151.8700,150.2700
2019-12-09,151.3600,151.0700,152.2100,150.9100
2019-12-10,151.1300,151.2900,151.8900,150.7600
2019-12-11,151.7000,151.5400,151.8700,150.3300
2019-12-12,153.2400,151.6500,153.4400,151.0200
2019-12-13,154.5300,153.0000,154.8900,152.8300
2019-12-16,155.5300,155.1100,155.9000,154.8200
2019-12-17,154.6900,155.4500,155.7100,154.4500
2019-12-18,154.3700,154.3000,155.4800,154.1800
2019-12-19,155.7100,154.0000,155.7700,153.7500
2019-12-20,157.4100,157.3500,158.4900,156.2900
2019-12-23,157.4100,158.1200,158.1200,157.2700
2019-12-24,157.3800,157.4800,157.7100,157.1200
2019-12-26,158.6700,157.5600,158.7300,157.4000
2019-12-27,158.9600,159.4500,159.5500,158.2200
2019-12-30,157.5900,158.9900,159.0200,156.7300
2019-12-31,157.7000,156.7700,157.7700,156.4500
2020-01-02,160.6200,158.7800,160.7300,158.3300
2020-01-03,158.6200,158.3200,159.9500,158.0600
2020-01-06,159.0300,157.0800,159.1000,156.5100
2020-01-07,157.5800,159.3200,159.6700,157.3200
2020-01-08,160.0900,158.9300,160.8000,157.9500
2020-01-09,162.0900,161.8400,162.2200,161.0300
2020-01-10,161.3400,162.8200,163.2200,161.1800
2020-01-13,163.2800,161.7600,163.3100,161.2600
2020-01-14,162.1300,163.3900,163.6000,161.7200
2020-01-15,163.1800,162.6200,163.9400,162.5700
2020-01-16,166.1700,164.3500,166.2400,164.0300
2020-01-17,167.1000,167.4200,167.4700,165.4300
2020-01-21,166.5000,166.6800,168.1900,166.4300
2020-01-22,165.7000,167.4000,167.4900,165.6800
2020-01-23,166.7200,166.1900,166.8000,165.2700
2020-01-24,165.0400,167.5100,167.5300,164.4500
2020-01-27,162.2800,161.1500,163.3800,160.2000
2020-01-28,165.4600,163.7800,165.7600,163.0700
2020-01-29,168.0400,167.8400,168.7500,165.6900
2020-01-30,172.7800,174.0500,174.0500,170.7900
2020-01-31,170.2300,172.2100,172.4000,169.5800
2020-02-03,174.3800,170.4300,174.5000,170.4000
2020-02-04,180.1200,177.1400,180.6400,176.3100
2020-02-05,179.9000,184.0300,184.2000,178.4100
2020-02-06,183.6300,180.9700,183.8200,180.0600
2020-02-07,183.8900,182.8500,185.6300,182.4800
2020-02-10,188.7000,183.5800,188.8400,183.2500
2020-02-11,184.4400,190.6500,190.7000,183.5000
2020-02-12,184.7100,185.5800,185.8500,181.8500
2020-02-13,183.7100,183.0800,186.2300,182.8700
2020-02-14,185.3500,183.2500,185.4100,182.6500
2020-02-18,187.2300,185.6100,187.7000,185.5000
2020-02-19,187.2800,188.0600,188.1800,186.4700
2020-02-20,184.4200,186.9500,187.2500,181.1000
2020-02-21,178.5900,183.1700,183.5000,177.2500
2020-02-24,170.8900,167.7700,174.5500,163.2300
2020-02-25,168.0700,174.2000,174.8400,167.6500
2020-02-26,170.1700,169.7100,173.2600,168.2100
2020-02-27,158.1800,163.3200,167.0300,157.9800
2020-02-28,162.0100,152.4100,163.7100,152.0000
2020-03-02,172.7900,165.3100,172.9200,162.3100
2020-03-03,164.5100,173.8000,175.0000,162.2600
2020-03-04,170.5500,168.4900,170.7000,165.6200
2020-03-05,166.2700,166.0500,170.8700,165.6900
2020-03-06,161.5700,162.6100,163.1100,156.0000
2020-03-09,150.6200,151.0000,157.7500,150.0000
2020-03-10,160.9200,158.1600,161.0300,152.5800
2020-03-11,153.6300,157.1300,157.7000,151.1500
2020-03-12,139.0600,145.3000,153.4700,138.5800
2020-03-13,158.8300,147.5000,161.9100,140.7300
2020-03-16,135.4200,140.0000,149.3500,135.0000
2020-03-17,146.5700,140.0000,147.5000,135.0000
2020-03-18,140.4000,138.0000,146.0000,135.0200
2020-03-19,142.7100,142.7700,150.1500,139.0000
2020-03-20,137.3500,146.0000,147.1000,135.8600
2020-03-23,135.9800,137.0100,140.5700,132.5200
2020-03-24,148.3400,143.7500,149.6000,141.2700
2020-03-25,146.9200,148.9100,154.3300,144.4400
2020-03-26,156.1100,148.4000,156.6600,148.3700
2020-03-27,149.7000,151.7500,154.8900,149.2000
2020-03-30,160.2300,152.4400,160.6000,150.0100
2020-03-31,157.7100,159.4000,164.7800,156.5600
2020-04-01,152.1100,153.0000,157.7500,150.8200
2020-04-02,155.2600,151.8600,155.4800,150.3600
2020-04-03,153.8300,155.1000,157.3800,152.1900
2020-04-06,165.2700,160.3200,166.5000,157.5800
2020-04-07,163.4900,169.5900,170.0000,163.2600
2020-04-08,165.1300,165.6700,166.6700,163.5000
2020-04-09,165.1400,166.3600,167.3700,163.3300
2020-04-13,165.5100,164.3500,165.5700,162.3000
2020-04-14,173.7000,169.0000,173.7500,168.0000
2020-04-15,171.8800,171.2000,173.5700,169.2400
2020-04-16,177.0400,174.3000,177.2800,172.9000
2020-04-17,178.6000,179.5000,180.0000,175.8700
2020-04-20,175.0600,176.6300,178.7500,174.9900
2020-04-21,167.8200,173.5000,173.6700,166.1100
2020-04-22,173.5200,171.3900,174.0000,170.8200
2020-04-23,171.4200,174.1100,175.0600,170.9100
2020-04-24,174.5500,172.0600,174.5600,170.7100
2020-04-27,174.0500,176.5900,176.9000,173.3000
2020-04-28,169.8100,175.5900,175.6700,169.3900
2020-04-29,177.4300,173.2200,177.6800,171.8800
2020-04-30,179.2100,180.0000,180.4000,176.2300
2020-05-01,174.5700,175.8000,178.6400,174.0100
2020-05-04,178.8400,174.4900,179.0000,173.8000
2020-05-05,180.7600,180.6200,183.6500,179.9000
2020-05-06,182.5400,182.0800,184.2000,181.6300
2020-05-07,183.6000,184.1700,184.5500,182.5800
2020-05-08,184.6800,184.9800,185.0000,183.3600
2020-05-11,186.7400,183.1500,187.5100,182.8500
2020-05-12,182.5100,186.8000,187.0400,182.3000
2020-05-13,179.7500,182.5500,184.0500,176.5400
2020-05-14,180.5300,177.5400,180.6900,175.6800
2020-05-15,183.1600,179.0600,187.0600,177.0000
2020-05-18,184.9100,185.7500,186.2000,183.9600
2020-05-19,183.6300,185.0300,186.6000,183.4900
2020-05-20,185.6600,184.8100,185.8500,183.9400
2020-05-21,183.4300,185.4000,186.6700,183.2900
2020-05-22,183.5100,183.1900,184.4600,182.5400
2020-05-26,181.5700,186.3400,186.5000,181.1000
2020-05-27,181.8100,180.2000,181.9900,176.6000
2020-05-28,181.4000,180.7400,184.1500,180.3800
2020-05-29,183.2500,182.7300,184.2700,180.4100
2020-06-01,182.8300,182.5400,183.0000,181.4600
2020-06-02,184.9100,184.2500,185.0000,181.3500
2020-06-03,185.3600,184.8200,185.9400,183.5800
2020-06-04,182.9200,184.3000,185.8400,182.3000
2020-06-05,187.2000,182.6200,187.7300,182.0100
2020-06-08,188.3600,185.9400,188.5500,184.4400
2020-06-09,189.8000,188.0000,190.7000,187.2600
2020-06-10,196.8400,191.1300,198.5200,191.0100
2020-06-11,186.2700,193.1300,195.7600,186.0700
2020-06-12,187.7400,190.5400,191.7200,185.1800
2020-06-15,188.9400,184.5800,190.8200,184.0100
2020-06-16,193.5700,192.8900,195.5800,191.4600
2020-06-17,194.2400,195.0300,196.3200,193.6900
2020-06-18,196.3200,194.0000,196.4900,194.0000
2020-06-19,195.1500,198.5900,199.2900,194.3700
2020-06-22,200.5700,195.7900,200.7600,195.2300
2020-06-23,201.9100,202.0900,203.9500,201.4300
2020-06-24,197.8400,201.6000,203.2500,196.5600
2020-06-25,200.3400,197.8000,200.6100,195.4700
2020-06-26,196.3300,199.7300,199.8900,194.8800
2020-06-29,198.4400,195.7800,198.5300,193.5500
2020-06-30,203.5100,197.8800,204.4000,197.7400
2020-07-01,204.7000,203.1400,206.3500,201.7700
2020-07-02,206.2600,205.6800,208.0200,205.0000
2020-07-06,210.7000,208.8300,211.1300,208.0900
2020-07-07,208.2500,210.4500,214.6700,207.9900
2020-07-08,212.8300,210.0700,213.2600,208.6900
2020-07-09,214.3200,216.3300,216.3800,211.4700
2020-07-10,213.6700,213.6200,214.0800,211.0800
2020-07-13,207.0700,214.4800,215.8000,206.5000
2020-07-14,208.3500,206.1300,208.8500,202.0300
2020-07-15,208.0400,209.5600,211.3300,205.0300
2020-07-16,203.9200,205.4000,205.7000,202.3100
2020-07-17,202.8800,204.4700,205.0400,201.3900
2020-07-20,211.6000,205.0000,212.3000,203.0100
2020-07-21,208.7500,213.6600,213.9400,208.0300
2020-07-22,211.7500,209.2000,212.3000,208.3900
2020-07-23,202.5400,207.1900,210.9200,202.1500
2020-07-24,201.3000,200.4200,202.8600,197.5100
2020-07-27,203.8500,201.4700,203.9700,200.8600
2020-07-28,202.0200,203.6100,204.7000,201.7400
2020-07-29,204.0600,202.5000,204.6500,202.0100
2020-07-30,203.9000,201.0000,204.4600,199.5700
2020-07-31,205.0100,204.4000,205.1000,199.0100
2020-08-03,216.5400,211.5200,217.6400,210.4400
2020-08-04,213.2900,214.1700,214.7700,210.3100
2020-08-05,212.9400,214.9000,215.0000,211.5700
2020-08-06,216.3500,212.3400,216.3700,211.5500
2020-08-07,212.4800,214.8500,215.7000,210.9300
2020-08-10,208.2500,211.6700,211.8800,206.3500
2020-08-11,203.3800,207.1600,207.6500,203.1400
2020-08-12,209.1900,205.2900,210.2800,204.7500
2020-08-13,208.7000,209.4400,211.3500,208.1500
2020-08-14,208.9000,208.7600,209.5900,207.5100
2020-08-17,210.2800,209.6000,211.1900,208.9200
2020-08-18,211.4900,210.5300,212.3600,209.2100
2020-08-19,209.7000,211.4900,212.1000,209.2500
2020-08-20,214.5800,209.5400,215.0000,208.9100
2020-08-21,213.0200,213.8600,216.2500,212.8500
2020-08-24,213.6900,214.7900,215.5200,212.4300
2020-08-25,216.4700,213.1000,216.6100,213.1000
2020-08-26,221.1500,217.8800,222.0900,217.3600
2020-08-27,226.5800,222.8900,231.1500,219.4000
2020-08-28,228.9100,228.1800,230.6400,226.5800
2020-08-31,225.5300,227.0000,228.7000,224.3100
2020-09-01,227.2700,225.5100,227.4500,224.4300
2020-09-02,231.6500,227.9700,232.8600,227.3500
2020-09-03,217.3000,229.2700,229.3100,214.9600
2020-09-04,214.2500,215.1000,218.3600,205.1900
2020-09-08,202.6600,206.5000,210.0300,202.2000
2020-09-09,211.2900,207.6000,214.8400,206.7000
2020-09-10,205.3700,213.4000,214.7400,204.1100
2020-09-11,204.0300,207.2000,208.6300,201.2400
2020-09-14,205.4100,204.2400,209.2000,204.0300
2020-09-15,208.7800,208.4200,209.7800,206.9300
2020-09-16,205.0500,210.6200,210.6500,204.6400
2020-09-17,202.9100,200.0500,204.3300,199.9600
2020-09-18,200.3900,202.8000,203.6500,196.2500
2020-09-21,202.5400,197.1900,202.7100,196.3800
2020-09-22,207.4200,205.0600,208.1000,202.0800
2020-09-23,200.5900,207.9000,208.1000,200.0300
2020-09-24,203.1900,199.8500,205.5700,199.2000
2020-09-25,207.8200,203.5500,209.0400,202.5400
2020-09-28,209.4400,210.8800,212.5700,208.0600
2020-09-29,207.2600,209.3500,210.0700,206.8100
2020-09-30,210.3300,207.7300,211.9800,206.5400
2020-10-01,212.4600,213.4900,213.9900,211.3200
2020-10-02,206.1900,208.0000,210.9900,205.5400
2020-10-05,210.3800,207.2200,210.4100,206.9800
2020-10-06,205.9100,208.8200,210.1800,204.8200
2020-10-07,209.8300,207.0600,210.1100,206.7200
2020-10-08,210.5800,210.5100,211.1900,208.3200
2020-10-09,215.8100,211.2300,215.8600,211.2300
2020-10-12,221.4000,218.7900,223.8600,216.8100
2020-10-13,222.8600,222.7200,225.2100,220.4300
2020-10-14,220.8600,223.0000,224.2200,219.1300
2020-10-15,219.6600,217.1000,220.3600,216.0100
2020-10-16,219.6600,220.1500,222.2900,219.3200
2020-10-19,214.2200,220.4200,222.3000,213.7200
2020-10-20,214.6500,215.8000,217.3700,213.0900
2020-10-21,214.8000,213.1200,216.9200,213.1200
2020-10-22,214.8900,213.9300,216.0600,211.7000
2020-10-23,216.2300,215.0300,216.2800,213.1600
2020-10-26,210.0800,213.8500,216.3400,208.1000
2020-10-27,213.2500,211.5900,214.6700,210.3300
2020-10-28,202.6800,207.6700,208.8400,202.1000
2020-10-29,204.7200,204.0700,207.3600,203.3700
2020-10-30,202.4700,203.5000,204.2900,199.6200
2020-11-02,202.3300,204.2900,205.2800,200.1200
2020-11-03,206.4300,203.8900,208.1200,203.1200
2020-11-04,216.3900,214.0200,218.3200,212.4200
2020-11-05,223.2900,222.0400,224.1200,221.1500
2020-11-06,223.7200,222.2600,224.3600,218.0300
2020-11-09,218.3900,224.4400,228.1200,217.8800
2020-11-10,211.0100,214.5000,216.5000,209.7200
2020-11-11,216.5500,212.3900,218.0400,212.2000
2020-11-12,215.4400,217.2100,219.1100,214.4600
2020-11-13,216.5100,216.3600,217.4200,214.1600
2020-11-16,217.2300,214.8700,217.7400,214.5200
2020-11-17,214.4600,216.1000,217.6800,214.0800
2020-11-18,211.0800,213.6500,215.1700,210.9300
2020-11-19,212.4200,211.3800,213.0300,209.9300
2020-11-20,210.3900,212.2000,213.2900,210.0000
2020-11-23,210.1100,210.9500,212.2900,208.1600
2020-11-24,213.8600,209.5900,214.2500,208.8600
2020-11-25,213.8700,215.1100,215.2900,212.4600
2020-11-27,215.2300,214.8500,216.2700,214.0400
2020-11-30,214.0700,214.1000,214.7600,210.8400
2020-12-01,216.2100,214.5100,217.3200,213.3500
2020-12-02,215.3700,214.8800,215.4700,212.8000
2020-12-03,214.2400,214.6100,216.3800,213.6500
2020-12-04,214.3600,214.2200,215.3800,213.1800
2020-12-07,214.2900,214.3700,215.5400,212.9900
2020-12-08,216.0100,213.9700,216.9500,212.8900
2020-12-09,211.8000,215.1600,215.2300,211.2100
2020-12-10,210.5200,211.7700,213.0800,210.3600
2020-12-11,213.2600,210.0500,213.3200,209.1100
2020-12-14,214.2000,213.1000,216.2100,212.8800
2020-12-15,214.1300,215.1700,215.4200,212.2400
2020-12-16,219.2800,214.7500,220.1100,214.7200
2020-12-17,219.4200,219.8700,220.8900,217.9200
2020-12-18,218.5900,218.5900,219.6900,216.0200
2020-12-21,222.5900,217.5500,224.0000,217.2800
2020-12-22,223.9400,222.6900,225.6300,221.8500
2020-12-23,221.0200,223.1100,223.5600,220.8000
2020-12-24,222.7500,221.4200,223.6100,221.2000
2020-12-28,224.9600,224.4500,226.0300,223.0200
2020-12-29,224.1500,226.3100,227.1800,223.5800
2020-12-30,221.6800,225.2300,225.6300,221.4700
2020-12-31,222.4200,221.7000,223.0000,219.6800
2021-01-04,217.6900,222.5300,223.0000,214.8100
2021-01-05,217.9000,217.2600,218.5200,215.7000
2021-01-06,212.2500,212.1700,216.4900,211.9400
2021-01-07,218.2900,214.0400,219.3400,213.7100
2021-01-08,219.6200,218.6800,220.5800,217.0300
2021-01-11,217.4900,218.4700,218.9100,216.7300
2021-01-12,214.9300,216.5000,217.1000,213.3200
2021-01-13,216.3400,214.0200,216.7600,213.9300
2021-01-14,213.0200,215.9100,217.4600,212.7400
2021-01-15,212.6500,213.5200,214.5100,212.0300
2021-01-19,216.4400,213.7500,216.9800,212.6300
2021-01-20,224.3400,217.7000,225.7900,217.2900
2021-01-21,224.9700,224.7000,226.3000,222.4200
2021-01-22,225.9500,227.0800,230.0700,225.8000
2021-01-25,229.5300,229.1200,229.7800,224.2200
2021-01-26,232.3300,231.8600,234.1800,230.0800
2021-01-27,232.9000,238.0000,240.4400,230.1400
2021-01-28,238.9300,235.6100,242.6400,235.0900
2021-01-29,231.9600,235.9900,238.0200,231.3500
2021-02-01,239.6500,235.0600,242.5000,232.4300
2021-02-02,239.5100,241.3000,242.3100,238.6900
2021-02-03,243.0000,239.5700,245.0900,239.2600
2021-02-04,242.0100,242.6600,243.2400,240.3700
2021-02-05,242.2000,242.2300,243.2800,240.4200
2021-02-08,242.4700,243.1500,243.6800,240.8100
2021-02-09,243.7700,241.8700,244.7600,241.3800
2021-02-10,242.8200,245.0000,245.9200,240.8900
2021-02-11,244.4900,244.7800,245.1500,242.1500
2021-02-12,244.9900,243.9300,245.3000,242.7300
2021-02-16,243.7000,245.0300,246.1300,242.9200
2021-02-17,244.2000,241.3200,244.3100,240.9400
2021-02-18,243.7900,241.8000,243.9300,240.8600
2021-02-19,240.9700,243.7500,243.8600,240.1800
2021-02-22,234.5100,237.4200,237.9300,232.4000
2021-02-23,233.2700,230.3300,234.8300,228.7300
2021-02-24,234.5500,230.0100,235.2000,229.0000
2021-02-25,228.9900,232.0800,234.5900,227.8800
2021-02-26,232.3800,231.5300,235.3700,229.5400
2021-03-01,236.9400,235.9000,237.4700,233.1500
2021-03-02,233.8700,237.0100,237.3000,233.4500
2021-03-03,227.5600,232.1600,233.5800,227.2600
2021-03-04,226.7300,226.7400,232.4900,224.2600
2021-03-05,231.6000,229.5200,233.2700,226.4600
2021-03-08,227.3900,231.3700,233.3700,227.1300
2021-03-09,233.7800,232.8800,235.3800,231.6700
2021-03-10,232.4200,237.0000,237.0000,232.0400
2021-03-11,237.1300,234.9600,239.1700,234.3100
2021-03-12,235.7500,234.0100,235.8200,233.2300
2021-03-15,234.8100,234.9600,235.1900,231.8100
2021-03-16,237.7100,236.2800,240.0600,235.9400
2021-03-17,237.0400,236.1500,238.5500,233.2300
2021-03-18,230.7200,232.5600,234.1900,230.3300
2021-03-19,230.3500,231.0200,232.4700,229.3500
2021-03-22,235.9900,230.2700,236.9000,230.1400
2021-03-23,237.5800,237.4900,241.0500,237.0700
2021-03-24,235.4600,237.8500,238.0000,235.3200
2021-03-25,232.3400,235.3000,236.9400,231.5700
2021-03-26,236.4800,231.5500,236.7100,231.5500
2021-03-29,235.2400,236.5900,236.8000,231.8800
2021-03-30,231.8500,233.5300,233.8500,231.1000
2021-03-31,235.7700,232.9100,239.1000,232.3900
2021-04-01,242.3500,238.4700,242.8400,238.0500
2021-04-05,249.0700,242.7600,249.9600,242.7000
2021-04-06,247.8600,247.6100,249.4000,246.8800
2021-04-07,249.9000,247.8100,250.9300,247.1900
2021-04-08,253.2500,252.7700,254.1400,252.0000
2021-04-09,255.8500,252.8700,255.9900,252.4400
2021-04-12,255.9100,254.7100,257.6700,254.6200
2021-04-13,258.4900,257.2600,259.1900,256.8300
2021-04-14,255.5900,257.4800,258.8300,255.1600
2021-04-15,259.5000,257.9300,259.9300,257.7300
2021-04-16,260.7400,259.4700,261.0000,257.6000
2021-04-19,258.7400,260.1900,261.4800,257.8200
2021-04-20,258.2600,257.8200,260.2000,256.8400
2021-04-21,260.5800,258.9400,260.6800,257.2500
2021-04-22,257.1700,260.2100,261.7800,255.6400
2021-04-23,261.1500,257.8800,261.5100,257.2700
2021-04-26,261.5500,261.6600,262.4400,260.1700
2021-04-27,261.9700,261.5800,263.1900,260.1200
2021-04-28,254.5600,256.0800,256.5400,252.9500
2021-04-29,252.5100,255.4600,256.1000,249.0000
2021-04-30,252.1800,249.7400,253.0800,249.6000
2021-05-03,251.8600,253.4000,254.3500,251.1200
2021-05-04,247.7900,250.9700,251.2100,245.7600
2021-05-05,246.4700,249.0600,249.5000,245.8200
2021-05-06,249.7300,246.4500,249.8600,244.6900
2021-05-07,252.4600,252.1500,254.3000,251.1700
2021-05-10,247.1800,250.8700,251.7300,247.1200
2021-05-11,246.2300,244.5500,246.6000,242.5700
2021-05-12,239.0000,242.1700,244.3800,238.0700
2021-05-13,243.0300,241.8000,245.6000,241.4200
2021-05-14,248.1500,245.5800,249.1800,245.4900
2021-05-17,245.1800,246.5500,246.5900,243.5200
2021-05-18,243.0800,246.2700,246.4100,242.9000
2021-05-19,243.1200,239.3100,243.2300,238.6000
2021-05-20,246.4800,243.9600,247.9500,243.8600
2021-05-21,245.1700,247.5700,248.3300,244.7400
2021-05-24,250.7800,247.7900,251.1600,247.5100
2021-05-25,251.7200,251.7700,252.7500,250.8200
2021-05-26,251.4900,251.4300,252.9400,250.7500
2021-05-27,249.3100,251.1700,251.4800,249.2500
2021-05-28,249.6800,251.0000,252.0800,249.5600
2021-06-01,247.4000,251.2300,251.2900,246.9600
2021-06-02,247.3000,248.1300,249.2700,245.8400
2021-06-03,245.7100,245.2200,246.3400,243.0000
2021-06-04,250.7900,247.7600,251.6500,247.5100
2021-06-07,253.8100,249.9800,254.0900,249.8100
2021-06-08,252.5700,255.1600,256.0100,252.5100
2021-06-09,253.5900,253.8100,255.5300,253.2100
2021-06-10,257.2400,254.2900,257.4600,253.6700
2021-06-11,257.8900,257.9900,258.4900,256.6100
2021-06-14,259.8900,257.9000,259.9500,256.8000
2021-06-15,258.3600,259.7700,259.9900,257.6800
2021-06-16,257.3800,259.4000,260.5800,254.4200
2021-06-17,260.9000,256.0700,261.7500,256.0100
2021-06-18,259.4300,259.6300,262.3000,258.7500
2021-06-21,262.6300,259.8200,263.5200,257.9200
2021-06-22,265.5100,262.7200,265.7900,262.4000
2021-06-23,265.2700,265.9900,266.8300,264.4300
2021-06-24,266.6900,266.1600,267.8500,265.4700
2021-06-25,265.0200,266.2300,267.2500,264.7600
2021-06-28,268.7200,266.1900,268.9000,265.9100
2021-06-29,271.4000,268.8700,271.6500,267.9800
2021-06-30,270.9000,270.6900,271.3600,269.6000
2021-07-01,271.6000,269.6100,271.8400,269.6000
2021-07-02,277.6500,272.8200,278.0000,272.5000
2021-07-06,277.6600,278.0300,279.3700,274.3000
2021-07-07,279.9300,279.4000,280.6900,277.1500
2021-07-08,277.4200,276.9000,278.7300,274.8700
2021-07-09,277.9400,275.7200,278.0500,275.3200
2021-07-12,277.3200,279.1600,279.7700,276.5800
2021-07-13,280.9800,277.5200,282.8500,277.3900
2021-07-14,282.5100,282.3500,283.6600,280.5500
2021-07-15,281.0300,282.0000,282.5100,279.8300
2021-07-16,280.7500,282.0700,284.1000,279.4600
2021-07-19,277.0100,278.9300,280.3700,274.4500
2021-07-20,279.3200,278.0300,280.9700,276.2600
2021-07-21,281.4000,278.9000,281.5200,277.2900
2021-07-22,286.1400,283.8400,286.4200,283.4200
2021-07-23,289.6700,287.3700,289.9900,286.5000
2021-07-26,289.0500,289.0000,289.6900,286.6400
2021-07-27,286.5400,289.4300,289.5800,282.9500
2021-07-28,286.2200,288.9900,290.1500,283.8300
2021-07-29,286.5000,286.2400,288.6200,286.0800
2021-07-30,284.9100,285.1700,286.6600,283.9100
2021-08-02,284.8200,286.3600,286.7700,283.7400
2021-08-03,287.1200,285.4200,287.2300,284.0000
2021-08-04,286.5100,286.2200,287.5900,284.6500
2021-08-05,289.5200,286.8800,289.6300,286.1000
2021-08-06,289.4600,288.5100,289.5000,287.6200
2021-08-09,288.3300,289.7500,291.5500,287.8100
2021-08-10,286.4400,288.8000,289.2500,285.2000
2021-08-11,286.9500,287.2100,288.6600,285.8600
2021-08-12,289.8100,286.6300,289.9700,286.3400
2021-08-13,292.8500,289.4800,292.9000,289.3000
2021-08-16,294.6000,293.1900,294.8200,290.0200
2021-08-17,293.0800,292.3900,293.4300,291.0800
2021-08-18,290.7300,292.0400,294.8200,290.2700
2021-08-19,296.7700,288.6900,297.4700,288.6400
2021-08-20,304.3600,299.7200,305.8400,298.0600
2021-08-23,304.6500,303.2500,305.4000,301.8500
2021-08-24,302.6200,305.0200,305.6500,302.0000
2021-08-25,302.0100,304.3000,304.5900,300.4200
2021-08-26,299.0900,300.9900,302.4300,298.9500
2021-08-27,299.7200,298.9900,300.8700,296.8300
2021-08-30,303.5900,301.1200,304.2200,301.0600
2021-08-31,301.8800,304.4200,304.5000,301.5000
2021-09-01,301.8300,302.8700,305.1900,301.4900
2021-09-02,301.1500,302.2000,303.3600,300.1800
2021-09-03,301.1400,300.9900,302.6000,300.2600
2021-09-07,300.1800,301.0100,301.0900,298.2000
2021-09-08,300.2100,299.7800,300.6100,297.4700
2021-09-09,297.2500,300.8200,302.1400,297.0000
2021-09-10,295.7100,298.4200,299.9200,295.3800
2021-09-13,296.9900,297.5500,298.5400,294.0800
2021-09-14,299.7900,299.5600,301.3900,298.1000
2021-09-15,304.8200,303.2600,305.3200,301.8200
2021-09-16,305.2200,303.7600,305.3100,300.7600
2021-09-17,299.8700,304.1700,304.5000,299.5300
2021-09-20,294.3000,296.3300,298.7200,289.5200
2021-09-21,294.8000,295.6900,297.5400,294.0700
2021-09-22,298.5800,296.7300,300.2200,294.5100
2021-09-23,299.5600,298.8500,300.9000,297.5300
2021-09-24,299.3500,298.2300,299.8000,296.9300
2021-09-27,294.1700,296.1400,296.4700,292.9400
2021-09-28,283.5200,289.8000,290.7800,282.7500
2021-09-29,284.0000,285.1000,286.7700,283.0100
2021-09-30,281.9200,285.7100,287.8300,281.6200
2021-10-01,289.1000,282.1200,289.9800,281.2900
2021-10-04,283.1100,287.4000,287.7500,280.2500
2021-10-05,288.7600,284.0500,290.4000,284.0500
2021-10-06,293.1100,285.7800,293.6300,285.5100
2021-10-07,294.8500,295.1800,296.6400,293.9200
2021-10-08,294.8500,296.2200,296.6400,293.7600
2021-10-11,294.2300,292.9200,297.9700,292.7500
2021-10-12,292.8800,295.3400,295.4400,292.3500
2021-10-13,296.3100,294.9100,297.2800,293.4900
2021-10-14,302.7500,299.2100,303.2700,297.8300
2021-10-15,304.2100,302.3400,304.4500,300.5200
2021-10-18,307.2900,303.5700,308.2100,302.6900
2021-10-19,308.2300,308.3500,309.3000,307.2200
2021-10-20,307.4100,309.2100,309.7000,306.1100
2021-10-21,310.7600,307.1700,311.0200,306.3600
2021-10-22,309.1600,310.4000,311.0900,307.8000
2021-10-25,308.1300,309.3600,309.4000,306.4600
2021-10-26,310.1100,311.0000,312.4000,308.6000
2021-10-27,323.1700,316.0000,326.1000,316.0000
2021-10-28,324.3500,324.3300,324.8700,321.3600
2021-10-29,331.6200,324.1300,332.0000,323.9000
2021-11-01,329.3700,331.3600,331.4900,326.3700
2021-11-02,333.1300,330.3100,333.4500,330.0000
2021-11-03,334.0000,333.9000,334.9000,330.6500
2021-11-04,336.4400,332.8900,336.5400,329.5100
2021-11-05,336.0600,338.5100,338.7900,334.4200
2021-11-08,336.9900,337.3000,337.6500,334.4400
2021-11-09,335.9500,337.1100,338.7200,334.5300
2021-11-10,330.8000,334.5700,334.6300,329.9200
2021-11-11,332.4300,331.2500,333.7700,330.5100
2021-11-12,336.7200,333.9200,337.2300,333.7900
2021-11-15,336.0700,337.5400,337.8800,334.0300
2021-11-16,339.5100,335.6800,340.6700,335.5100
2021-11-17,339.1200,338.9400,342.1900,338.0000
2021-11-18,341.2700,338.1800,342.4500,337.1200
2021-11-19,343.1100,342.6400,345.1000,342.2000
2021-11-22,339.8300,344.6200,349.6700,339.5500
2021-11-23,337.6800,337.0500,339.4500,333.5600
2021-11-24,337.9100,336.2800,338.1600,333.9100
2021-11-26,329.6800,334.3500,337.9300,328.1200
2021-11-29,336.6300,334.9400,339.0300,334.7400
2021-11-30,330.5900,335.3200,337.7800,328.9900
2021-12-01,330.0800,335.1300,339.2800,329.3900
2021-12-02,329.4900,330.3000,333.4900,327.8000
2021-12-03,323.0100,331.9900,332.7000,318.0300
2021-12-06,326.1900,323.9500,327.4500,319.2300
2021-12-07,334.9200,331.6400,335.8000,330.1000
2021-12-08,334.9700,335.3100,335.5000,330.8000
2021-12-09,333.1000,334.4100,336.4900,332.1200
2021-12-10,342.5400,334.9800,343.0000,334.7900
2021-12-13,339.4000,340.6800,343.7900,339.0800
2021-12-14,328.3400,333.2200,334.6400,324.1100
2021-12-15,334.6500,328.6100,335.1900,324.5000
2021-12-16,324.9000,335.7100,336.7600,323.0200
2021-12-17,323.8000,320.8800,324.9200,317.2500
2021-12-20,319.9100,320.0500,322.8000,317.5700
2021-12-21,327.2900,323.2900,327.7300,319.8000
2021-12-22,333.2000,328.3000,333.6100,325.7500
2021-12-23,334.6900,332.7500,336.3900,332.7300
2021-12-27,342.4500,335.4600,342.4800,335.4300
2021-12-28,341.2500,343.1500,343.8100,340.3200
2021-12-29,341.9500,341.3000,344.3000,339.6800
2021-12-30,339.3200,341.9100,343.1300,338.8200
2021-12-31,336.3200,338.5100,339.3600,335.8500
2022-01-03,334.7500,335.3500,338.0000,329.7800
2022-01-04,329.0100,334.8300,335.2000,326.1200
2022-01-05,316.3800,325.8600,326.0700,315.9800
2022-01-06,313.8800,313.1500,318.7000,311.4900
2022-01-07,314.0400,314.1500,316.5000,310.0900
2022-01-10,314.2700,309.4900,314.7200,304.6900
2022-01-11,314.9800,313.3800,316.6100,309.8900
2022-01-12,318.2700,319.6700,323.4100,317.0800
2022-01-13,304.8000,320.4700,320.8800,304.0000
2022-01-14,310.2000,304.2500,310.8200,303.7500
2022-01-18,302.6500,304.0700,309.8000,301.7400
2022-01-19,303.3300,306.2900,313.9100,302.7000
2022-01-20,301.6000,309.0700,311.6500,301.1400
2022-01-21,296.0300,302.6900,304.1100,295.6100
2022-01-24,296.3700,292.2000,297.1100,276.0500
2022-01-25,288.4900,291.5200,294.9900,285.1700
2022-01-26,296.7100,307.9900,308.5000,293.0300
2022-01-27,299.8400,302.6600,307.3000,297.9300
2022-01-28,308.2600,300.2300,308.4800,294.4500
2022-01-31,310.9800,308.9500,312.3800,306.3700
2022-02-01,308.7600,310.4100,310.6300,305.1300
2022-02-02,313.4600,309.6300,315.1200,308.8800
2022-02-03,301.2500,309.4900,311.2300,299.9600
2022-02-04,305.9400,300.2100,308.8000,299.9700
2022-02-07,300.9500,306.1700,307.8400,299.9000
2022-02-08,304.5600,301.2500,305.5600,299.9500
2022-02-09,311.2100,309.8700,311.9300,307.3900
2022-02-10,302.3800,304.0400,309.1200,300.7000
2022-02-11,295.0400,303.1900,304.2900,294.2200
2022-02-14,295.0000,293.7700,296.7600,291.3500
2022-02-15,300.4700,300.0100,300.8000,297.0200
2022-02-16,299.5000,298.3700,300.8700,293.6800
2022-02-17,290.7300,296.3600,296.8000,290.0000
2022-02-18,287.9300,293.0500,293.8600,286.3100
2022-02-22,287.7200,285.0000,291.5400,284.5000
2022-02-23,280.2700,290.1800,291.7000,280.1000
2022-02-24,294.5900,272.5100,295.1600,271.5200
2022-02-25,297.3100,295.1400,297.6300,291.6500
2022-02-28,298.7900,294.3100,299.1400,293.0000
2022-03-01,294.9500,296.4000,299.9700,292.1500
2022-03-02,300.1900,295.3600,301.4700,293.7000
2022-03-03,295.9200,302.8900,303.1300,294.0500
2022-03-04,289.8600,294.2900,295.6600,287.1700
2022-03-07,278.9100,288.5300,289.6900,278.5300
2022-03-08,275.8500,277.8000,283.9600,270.0000
2022-03-09,288.5000,283.4400,289.6000,280.7800
2022-03-10,285.5900,283.0200,286.6000,280.5800
2022-03-11,280.0700,287.9600,289.5100,279.4300
2022-03-14,276.4400,280.3400,285.4000,275.8200
2022-03-15,287.1500,280.3500,287.8200,278.7300
2022-03-16,294.3900,289.1100,294.5700,283.2000
2022-03-17,295.2200,293.2900,295.6100,289.3700
2022-03-18,300.4300,295.3700,301.0000,292.7300
2022-03-21,299.1600,298.8900,300.1400,294.9000
2022-03-22,304.0600,299.8000,305.0000,298.7700
2022-03-23,299.4900,300.5100,303.2300,297.7200
2022-03-24,304.1000,299.1400,304.2000,298.3200
2022-03-25,303.6800,305.2300,305.5000,299.2900
2022-03-28,310.7000,304.3300,310.8000,304.3300
2022-03-29,315.4100,313.9100,315.8200,309.0500
2022-03-30,313.8600,313.7600,315.9500,311.5800
2022-03-31,308.3100,313.9000,315.1400,307.8900
2022-04-01,309.4200,309.3700,310.1300,305.5400
2022-04-04,314.9700,310.0900,315.1100,309.7100
2022-04-05,310.8800,313.2700,314.8700,309.8700
2022-04-06,299.5000,305.1900,307.0000,296.7100
2022-04-07,301.3700,296.6600,303.6500,296.3500
2022-04-08,296.9700,300.4400,301.1200,296.2800
2022-04-11,285.2600,291.7900,292.6100,285.0000
2022-04-12,282.0600,289.2400,290.7400,280.4900
2022-04-13,287.6200,282.7300,288.5800,281.3000
2022-04-14,279.8300,288.0900,288.3100,279.3200
2022-04-18,280.5200,278.9100,282.4600,278.3400
2022-04-19,285.3000,279.3800,286.1700,278.4100
2022-04-20,286.3600,289.4000,289.7000,285.3700
2022-04-21,280.8100,288.5800,293.3000,280.0600
2022-04-22,274.0300,281.6800,283.2000,273.3800
2022-04-25,280.7200,273.2900,281.1100,270.7700
2022-04-26,270.2200,277.5000,278.3600,270.0000
2022-04-27,283.2200,282.1000,290.9700,279.1600
2022-04-28,289.6300,285.1900,290.9800,281.4600
2022-04-29,277.5200,288.6100,289.8800,276.5000
2022-05-02,284.4700,277.7100,284.9400,276.2200
2022-05-03,281.7800,283.9600,284.1300,280.1500
2022-05-04,289.9800,282.5900,290.8800,276.7300
2022-05-05,277.3500,285.5400,286.3500,274.3400
2022-05-06,274.7300,274.8100,279.2500,271.2700
2022-05-09,264.5800,270.0600,272.3600,263.3200
2022-05-10,269.5000,271.6900,273.7500,265.0700
2022-05-11,260.5500,265.6800,271.3600,259.3000
2022-05-12,255.3500,257.6900,259.8800,250.0200
2022-05-13,261.1200,257.3500,263.0400,255.3500
2022-05-16,261.5000,259.9600,265.8200,255.7800
2022-05-17,266.8200,266.1100,268.3300,262.4600
2022-05-18,254.0800,263.0000,263.6000,252.7700
2022-05-19,253.1400,253.9000,257.6700,251.8800
2022-05-20,252.5600,257.2400,258.5400,246.4400
2022-05-23,260.6500,255.4900,261.5000,253.4300
2022-05-24,259.6200,257.8900,261.3300,253.5000
2022-05-25,262.5200,258.1400,264.5800,257.1300
2022-05-26,265.9000,262.2700,267.1100,261.4300
2022-05-27,273.2400,268.4800,273.3400,267.5600
2022-05-31,271.8700,272.5300,274.7700,268.9300
2022-06-01,272.4200,275.2000,277.6900,270.0400
2022-06-02,274.5800,264.4500,274.6500,261.6000
2022-06-03,270.0200,270.3100,273.4500,268.4100
2022-06-06,268.7500,272.0600,274.1800,267.2200
2022-06-07,272.5000,266.6400,273.1300,265.9400
2022-06-08,270.4100,271.7100,273.0000,269.6100
2022-06-09,264.7900,267.7800,272.7100,264.6300
2022-06-10,252.9900,260.5800,260.5800,252.5300
2022-06-13,242.2600,245.1100,249.0200,241.5300
2022-06-14,244.4900,243.8600,245.7400,241.5100
2022-06-15,251.7600,248.3100,255.3000,246.4200
2022-06-16,244.9700,245.9800,247.4200,243.0200
2022-06-17,247.6500,244.7000,250.5000,244.0300
2022-06-21,253.7400,250.2600,254.7500,249.5100
2022-06-22,253.1300,251.8900,257.1700,250.3700
2022-06-23,258.8600,255.5700,259.3700,253.6300
2022-06-24,267.7000,261.8100,267.9800,261.7200
2022-06-27,264.8900,268.2100,268.3000,263.2800
2022-06-28,256.4800,263.9800,266.9100,256.3200
2022-06-29,260.2600,257.5900,261.9700,255.7600
2022-06-30,256.8300,257.0500,259.5300,252.9000
2022-07-01,259.5800,256.3900,259.7700,254.6100
2022-07-05,262.8500,256.1600,262.9800,254.7400
2022-07-06,266.2100,263.7500,267.9900,262.4000
2022-07-07,268.4000,265.1200,269.0600,265.0200
2022-07-08,267.6600,264.7900,268.1000,263.2900
2022-07-11,264.5100,265.6500,266.5300,262.1800
2022-07-12,253.6700,265.8800,265.9400,252.0400
2022-07-13,252.7200,250.1900,253.5500,248.1100
2022-07-14,254.0800,250.5700,255.1400,245.9400
2022-07-15,256.7200,255.7200,260.3700,254.7700
2022-07-18,254.2500,259.7500,260.8400,253.3000
2022-07-19,259.5300,257.5800,259.7200,253.6800
2022-07-20,262.2700,259.9000,264.8700,258.9100
2022-07-21,264.8400,259.7900,264.8900,257.0300
2022-07-22,260.3600,265.2400,265.3300,259.0700
2022-07-25,258.8300,261.0000,261.5000,256.8100
2022-07-26,251.9000,259.8600,259.8800,249.5700
2022-07-27,268.7400,261.1600,270.0500,258.8500
2022-07-28,276.4100,269.7500,277.8400,267.8700
2022-07-29,280.7400,277.7000,282.0000,276.6300
2022-08-01,278.0100,277.8200,281.2800,275.8400
2022-08-02,274.8200,276.0000,277.8900,272.3800
2022-08-03,282.4700,276.7600,283.5000,276.6100
2022-08-04,283.6500,281.8000,283.8000,280.1700
2022-08-05,282.9100,279.1500,283.6500,278.6800
2022-08-08,280.3200,284.0500,285.9200,279.3200
2022-08-09,282.3000,279.6400,283.0800,277.6100
2022-08-10,289.1600,288.1700,289.8100,286.9400
2022-08-11,287.0200,290.8500,291.2100,286.5100
2022-08-12,291.9100,288.4800,291.9100,286.9400
2022-08-15,293.4700,291.0000,294.1800,290.1100
2022-08-16,292.7100,291.9900,294.0400,290.4200
2022-08-17,291.3200,289.7400,293.3500,289.4700
2022-08-18,290.1700,290.1900,291.9100,289.0800
2022-08-19,286.1500,288.9000,289.2500,285.5600
2022-08-22,277.7500,282.0800,282.4600,277.2200
2022-08-23,276.4400,276.4400,278.8600,275.4000
2022-08-24,275.7900,275.4100,277.2300,275.1100
2022-08-25,278.8500,277.3300,279.0200,274.5200
2022-08-26,268.0900,279.0800,280.3400,267.9800
2022-08-29,265.2300,265.8500,267.4000,263.8500
2022-08-30,262.9700,266.6700,267.0500,260.6600
2022-08-31,261.4700,265.3900,267.1100,261.3300
2022-09-01,260.4000,258.8700,260.8900,255.4100
2022-09-02,256.0600,261.7000,264.7400,254.4700
2022-09-06,253.2500,256.2000,257.8300,251.9400
2022-09-07,258.0900,254.7000,258.8300,253.2200
2022-09-08,258.5200,257.5100,260.4300,254.7900
2022-09-09,264.4600,260.5000,265.2300,260.2900
2022-09-12,266.6500,265.7800,267.4500,265.1600
2022-09-13,251.9900,258.8400,260.4000,251.5900
2022-09-14,252.2200,253.5300,254.2300,249.8600
2022-09-15,245.3800,249.7700,251.4000,244.0200
2022-09-16,244.7400,244.2600,245.3000,242.0600
2022-09-19,244.5200,242.4700,245.1400,240.8500
2022-09-20,242.4500,242.0700,243.5100,239.6400
2022-09-21,238.9500,244.2700,247.6600,238.9000
2022-09-22,240.9800,237.8700,243.8600,237.5700
2022-09-23,237.9200,239.5400,241.1300,235.2000
2022-09-26,237.4500,237.0500,241.4500,236.9000
2022-09-27,236.4100,239.9800,241.8000,234.5000
2022-09-28,241.0700,236.8100,242.3300,234.7300
2022-09-29,237.5000,238.8900,239.9500,234.4100
2022-09-30,232.9000,238.2900,240.5400,232.7300
2022-10-03,240.7400,235.4100,241.6100,234.6600
2022-10-04,248.8800,245.0900,250.3600,244.9800
2022-10-05,249.2000,245.9900,250.5800,244.1000
2022-10-06,246.7900,247.9300,250.3400,246.0800
2022-10-07,234.2400,240.9000,241.3200,233.1700
2022-10-10,229.2500,233.0500,234.5600,226.7300
2022-10-11,225.4100,227.6200,229.0600,224.1100
2022-10-12,225.7500,225.4000,227.8600,223.9600
2022-10-13,234.2400,219.8500,236.1000,219.1300
2022-10-14,228.5600,235.5400,237.2400,228.3400
2022-10-17,237.5300,235.8200,238.9600,235.1400
2022-10-18,238.5000,243.2400,243.9300,235.3700
2022-10-19,236.4800,237.0400,239.6100,234.2900
2022-10-20,236.1500,235.7700,241.3100,234.8700
2022-10-21,242.1200,234.7400,243.0000,234.5000
2022-10-24,247.2500,243.7600,247.8400,241.3000
2022-10-25,250.6600,247.2600,251.0400,245.8300
2022-10-26,231.3200,231.1700,238.3000,230.0600
2022-10-27,226.7500,231.0400,233.6900,225.7800
2022-10-28,235.8700,226.2400,236.6000,226.0500
2022-10-31,232.1300,233.7600,234.9200,231.1500
2022-11-01,228.1700,234.6000,235.7400,227.3300
2022-11-02,220.1000,229.4600,231.3000,220.0400
2022-11-03,214.2500,220.0900,220.4100,213.9800
2022-11-04,221.3900,217.5500,221.5900,213.4300
2022-11-07,227.8700,221.9900,228.4100,221.2800
2022-11-08,228.8700,228.7000,231.6500,225.8400
2022-11-09,224.5100,227.3700,228.6300,224.3300
2022-11-10,242.9800,235.4300,243.3300,235.0000
2022-11-11,247.1100,242.9900,247.9900,241.9300
2022-11-14,241.5500,241.9900,243.9100,239.2100
2022-11-15,241.9700,245.6600,247.0000,240.0300
2022-11-16,241.7300,242.7900,243.8000,240.4200
2022-11-17,241.6800,237.7800,243.2500,237.6300
2022-11-18,241.2200,243.5100,243.7400,239.0300
2022-11-21,242.0500,241.4300,244.6700,241.1900
2022-11-22,245.0300,243.5900,245.3100,240.7100
2022-11-23,247.5800,245.1100,248.2800,244.2700
2022-11-25,247.4900,247.3100,248.7000,246.7300
2022-11-28,241.7600,246.0800,246.6500,240.8000
2022-11-29,240.3300,241.4000,242.7900,238.2100
2022-11-30,255.1400,240.5700,255.3300,239.8600
2022-12-01,254.6900,253.8700,256.1200,250.9200
2022-12-02,255.0200,249.8200,256.0600,249.6900
2022-12-05,250.2000,252.0100,253.8200,248.0600
2022-12-06,245.1200,250.8200,251.8600,243.7800
2022-12-07,244.3700,244.8300,246.1600,242.2100
2022-12-08,247.4000,244.8400,248.7400,243.0600
2022-12-09,245.4200,244.7000,248.3100,244.1600
2022-12-12,252.5100,247.4500,252.5400,247.1700
2022-12-13,256.9200,261.6900,263.9200,253.0700
2022-12-14,257.2200,257.1300,262.5900,254.3100
2022-12-15,249.0100,253.7200,254.2000,247.3400
2022-12-16,244.6900,248.5500,249.8400,243.5100
2022-12-19,240.4500,244.8600,245.2100,238.7100
2022-12-20,241.8000,239.4000,242.9100,238.4200
2022-12-21,244.4300,241.6900,245.6200,240.1100
2022-12-22,238.1900,241.2600,241.9900,233.8700
2022-12-23,238.7300,236.1100,238.8700,233.9400
2022-12-27,236.9600,238.7000,238.9300,235.8300
2022-12-28,234.5300,236.8900,239.7200,234.1700
2022-12-29,241.0100,235.6500,241.9200,235.6500
2022-12-30,239.8200,238.2100,239.9600,236.6600
2023-01-03,239.5800,243.0800,245.7500,237.4000
2023-01-04,229.1000,232.2800,232.8700,225.9600
2023-01-05,222.3100,227.2000,227.5500,221.7600
2023-01-06,224.9300,223.0000,225.7600,219.3500
2023-01-09,227.1200,226.4500,231.2400,226.4100
2023-01-10,228.8500,227.7600,231.3100,227.3300
2023-01-11,235.7700,231.2900,235.9500,231.1100
2023-01-12,238.5100,235.2600,239.9000,233.5600
2023-01-13,239.2300,237.0000,239.3700,234.9200
2023-01-17,240.3500,237.9700,240.9100,237.0900
2023-01-18,235.8100,241.5700,242.3800,235.5200
2023-01-19,231.9300,233.7800,235.5200,230.6800
2023-01-20,240.2200,234.8600,240.7400,234.5100
2023-01-23,242.5800,241.1000,245.1700,239.6500
2023-01-24,242.0400,242.5000,243.9500,240.4400
2023-01-25,240.6100,234.4800,243.3000,230.9000
2023-01-26,248.0000,243.6500,248.3100,242.0000
2023-01-27,248.1600,248.9900,249.8300,246.8300
2023-01-30,242.7100,244.5100,245.6000,242.2000
2023-01-31,247.8100,243.4500,247.9500,242.9500
2023-02-01,252.7500,248.0000,255.1800,245.4700
2023-02-02,264.6000,258.8200,264.6900,257.2500
2023-02-03,258.3500,259.5400,264.2000,257.1000
2023-02-06,256.7700,257.4400,258.3000,254.7800
2023-02-07,267.5600,260.5300,268.7700,260.0800
2023-02-08,266.7300,273.2000,276.7600,266.2100
2023-02-09,263.6200,273.8000,273.9800,262.8000
2023-02-10,263.1000,261.5300,264.0900,260.6600
2023-02-13,271.3200,267.6400,274.6000,267.1500
2023-02-14,272.1700,272.6700,274.9700,269.2800
2023-02-15,269.3200,268.3200,270.7300,266.1800
2023-02-16,262.1500,264.0200,266.7400,261.9000
2023-02-17,258.0600,259.3900,260.0900,256.0000
2023-02-21,252.6700,254.4800,255.4900,251.5900
2023-02-22,251.5100,254.0900,254.3400,250.3400
2023-02-23,254.7700,255.5600,256.8400,250.4800
2023-02-24,249.2200,249.9600,251.0000,248.1000
2023-02-27,250.1600,252.4600,252.8200,249.3900
2023-02-28,249.4200,249.0700,251.4900,248.7300
2023-03-01,246.2700,250.7600,250.9300,245.7900
2023-03-02,251.1100,246.5500,251.4000,245.6100
2023-03-03,255.2900,252.1900,255.6200,251.3900
2023-03-06,256.8700,256.4300,260.1200,255.9800
2023-03-07,254.1500,256.3000,257.6900,253.3900
2023-03-08,253.7000,254.0400,254.5400,250.8100
2023-03-09,252.3200,255.8200,259.5600,251.5800
2023-03-10,248.5900,251.0800,252.7900,247.6000
2023-03-13,253.9200,247.4000,257.9100,245.7300
2023-03-14,260.7900,256.7500,261.0700,255.8600
2023-03-15,265.4400,259.9800,266.4800,259.2100
2023-03-16,276.2000,265.2100,276.5600,263.2800
2023-03-17,279.4300,278.2600,283.3300,276.3200
2023-03-20,272.2300,276.9800,277.4800,269.8500
2023-03-21,273.7800,274.8800,275.0000,269.5200
2023-03-22,272.2900,273.4000,281.0400,272.1800
2023-03-23,277.6600,277.9400,281.0600,275.2000
2023-03-24,280.5700,277.2400,280.6300,275.2800
2023-03-27,276.3800,280.5000,281.4600,275.5200
2023-03-28,275.2300,275.7900,276.1400,272.0500
2023-03-29,280.5100,278.9600,281.1400,278.4100
2023-03-30,284.0500,284.2300,284.4600,281.4800
2023-03-31,288.3000,283.7300,289.2700,283.0000
2023-04-03,287.2300,286.5200,288.2700,283.9500
2023-04-04,287.1800,287.2300,290.4500,285.6700
2023-04-05,284.3400,285.8500,287.1500,282.9200
2023-04-06,291.6000,283.2100,292.0800,282.0300
2023-04-10,289.3900,289.2100,289.6000,284.7100
2023-04-11,282.8300,285.7500,285.9800,281.6400
2023-04-12,283.4900,284.7900,287.0100,281.9600
2023-04-13,289.8400,283.5900,289.9000,283.1700
2023-04-14,286.1400,287.0000,288.4800,283.6900
2023-04-17,288.8000,289.9300,291.6000,286.1600
2023-04-18,288.3700,291.5700,291.7600,287.0100
2023-04-19,288.4500,285.9900,289.0500,284.5400
2023-04-20,286.1100,285.2500,289.0300,285.0800
2023-04-21,285.7600,285.0100,286.2700,283.0600
2023-04-24,281.7700,282.0900,284.9500,278.7200
2023-04-25,275.4200,279.5100,281.6000,275.3700
2023-04-26,295.3700,296.7000,299.5700,292.7300
2023-04-27,304.8300,295.9700,305.2000,295.2500
2023-04-28,307.2600,304.0100,308.9300,303.3100
2023-05-01,305.5600,306.9700,308.6000,305.1500
2023-05-02,305.4100,307.7600,309.1800,303.9100
2023-05-03,304.4000,306.6200,308.6100,304.0900
2023-05-04,305.4100,306.2400,307.7600,303.4000
2023-05-05,310.6500,305.7200,311.9700,304.2700
2023-05-08,308.6500,310.1300,310.2000,306.0900
2023-05-09,307.0000,308.0000,310.0400,306.3100
2023-05-10,312.3100,308.6200,313.0000,307.6700
2023-05-11,310.1100,310.1000,311.1200,306.2600
2023-05-12,308.9700,310.5500,310.6500,306.6000
2023-05-15,309.4600,309.1000,309.9000,307.5900
2023-05-16,311.7400,309.8300,313.7100,309.8300
2023-05-17,314.0000,312.2900,314.4300,310.7400
2023-05-18,318.5200,314.5300,319.0400,313.7200
2023-05-19,318.3400,316.7400,318.7500,316.3700
2023-05-22,321.1800,318.6000,322.5900,318.0100
2023-05-23,315.2600,320.0300,322.7200,315.2500
2023-05-24,313.8500,314.7300,316.5000,312.6100
2023-05-25,325.9200,323.2400,326.9000,320.0000
2023-05-26,332.8900,324.0200,333.4000,323.8800
2023-05-30,331.2100,335.2300,335.7400,330.5200
2023-05-31,328.3900,332.2900,335.9400,327.3300
2023-06-01,332.5800,325.9300,333.5300,324.7200
2023-06-02,335.4000,334.2500,337.5000,332.5500
2023-06-05,335.9400,335.2200,338.5600,334.6600
2023-06-06,333.6800,335.3300,335.3700,332.1700
2023-06-07,323.3800,331.6500,334.4900,322.5000
2023-06-08,325.2600,323.9400,326.6400,323.3500
2023-06-09,326.7900,324.9900,329.9900,324.4100
2023-06-12,331.8500,328.5800,332.1000,325.1600
2023-06-13,334.2900,334.4700,336.9800,330.3900
2023-06-14,337.3400,334.3400,339.0400,332.8100
2023-06-15,348.1000,337.4800,349.8400,337.2000
2023-06-16,342.3300,351.3200,351.4700,341.9500
2023-06-20,338.0500,339.3100,342.0800,335.8600
2023-06-21,333.5600,336.3700,337.7300,332.0700
2023-06-22,339.7100,334.1200,340.1200,333.3400
2023-06-23,335.0200,334.3600,337.9600,333.4500
2023-06-26,328.6000,333.7200,336.1100,328.4900
2023-06-27,334.5700,331.8600,336.1500,329.3000
2023-06-28,335.8500,334.6600,337.9800,333.8100
2023-06-29,335.0500,334.7100,336.1100,332.6200
2023-06-30,340.5400,337.7500,342.7300,337.2000
2023-07-03,337.9900,339.1900,340.9000,336.5700
2023-07-05,338.1500,335.0900,341.6500,334.7300
2023-07-06,341.2700,337.3000,342.9900,335.5000
2023-07-07,337.2200,339.3200,341.7900,337.0000
2023-07-10,331.8300,334.6000,335.2300,327.5900
2023-07-11,332.4700,331.0600,332.8600,327.0000
2023-07-12,337.2000,336.6000,341.6500,335.6700
2023-07-13,342.6600,339.5600,343.7400,339.0200
2023-07-14,345.2400,347.5900,351.4300,344.3100
2023-07-17,345.7300,345.6800,346.9900,342.2000
2023-07-18,359.4900,345.8300,366.7800,342.1700
2023-07-19,355.0800,361.7500,362.4600,352.4400
2023-07-20,346.8700,353.5700,357.9700,345.3700
2023-07-21,343.7700,349.1500,350.3000,339.8300
2023-07-24,345.1100,345.8500,346.9200,342.3100
2023-07-25,350.9800,347.1100,351.8900,345.0700
2023-07-26,337.7700,341.4400,344.6700,333.1100
2023-07-27,330.7200,340.4800,341.3300,329.0500
2023-07-28,338.3700,333.6700,340.0100,333.1700
2023-07-31,335.9200,336.9200,337.7000,333.3600
2023-08-01,336.3400,335.1900,338.5400,333.7000
2023-08-02,327.5000,333.6300,333.6300,326.3600
2023-08-03,326.6600,326.0000,329.8800,325.9500
2023-08-04,327.7800,331.8800,335.1400,327.2400
2023-08-07,330.1100,328.3700,331.1100,327.5200
2023-08-08,326.0500,326.9600,328.7500,323.0000
2023-08-09,322.2300,326.4700,327.1100,321.0500
2023-08-10,322.9300,326.0200,328.2600,321.1800
2023-08-11,321.0100,320.2600,322.4100,319.2100
2023-08-14,324.0400,321.3900,324.0600,320.0800
2023-08-15,321.8600,323.0000,325.0900,320.9000
2023-08-16,320.4000,320.8000,324.4200,319.8000
2023-08-17,316.8800,320.5400,321.8700,316.2100
2023-08-18,316.4800,314.4900,318.3800,311.5500
2023-08-21,321.8800,317.9300,322.7700,317.0400
2023-08-22,322.4600,325.5000,326.0800,321.4600
2023-08-23,327.0000,323.8200,329.2000,323.4600
2023-08-24,319.9700,332.8500,332.9800,319.9600
2023-08-25,322.9800,321.4700,325.3600,318.8000
2023-08-28,323.7000,325.6600,326.1500,321.7200
2023-08-29,328.4100,321.8800,328.9800,321.8800
2023-08-30,328.7900,328.6700,329.8100,326.4500
2023-08-31,327.7600,329.2000,330.9100,326.7800
2023-09-01,328.6600,331.3100,331.9900,326.7800
2023-09-05,333.5500,329.0000,334.8500,328.6600
2023-09-06,332.8800,333.3800,334.4600,330.1800
2023-09-07,329.9100,331.2900,333.0800,329.0300
2023-09-08,334.2700,330.0900,336.1600,329.4600
2023-09-11,337.9400,337.2400,338.4200,335.4300
2023-09-12,331.7700,335.8200,336.7900,331.4800
2023-09-13,336.0600,331.3100,336.8500,331.1700
2023-09-14,338.7000,339.1500,340.8600,336.5700
2023-09-15,330.2200,336.9200,337.4000,329.6500
2023-09-18,329.0600,327.8000,330.4000,326.3600
2023-09-19,328.6500,326.1700,329.3900,324.5100
2023-09-20,320.7700,329.5100,329.5900,320.5100
2023-09-21,319.5300,319.2600,325.3500,315.0000
2023-09-22,317.0100,321.3200,321.4500,316.1500
2023-09-25,317.5400,316.5900,317.6700,315.0000
2023-09-26,312.1400,315.1300,315.8800,310.0200
2023-09-27,312.7900,312.3000,314.3000,309.6900
2023-09-28,313.6400,310.9900,315.4800,309.4500
2023-09-29,315.7500,317.7500,319.4700,314.9800
2023-10-02,321.8000,316.2800,321.8900,315.1800
2023-10-03,313.3900,320.8300,321.3900,311.2100
2023-10-04,318.9600,314.0300,320.0400,314.0000
2023-10-05,319.3600,319.0900,319.9800,314.9000
2023-10-06,327.2600,316.5500,329.1900,316.3000
2023-10-09,329.8200,324.7500,330.3000,323.1800
2023-10-10,328.3900,330.9600,331.1000,327.6700
2023-10-11,332.4200,331.2100,332.8200,329.1400
2023-10-12,331.1600,330.5700,333.6300,328.7200
2023-10-13,327.7300,332.3800,333.8300,326.3600
2023-10-16,332.6400,331.0500,336.1400,330.6000
2023-10-17,332.0600,329.5900,333.4600,327.4100
2023-10-18,330.1100,332.4900,335.5900,328.3000
2023-10-19,331.3200,332.1500,336.8800,330.9100
2023-10-20,326.6700,331.7200,331.9200,325.4500
2023-10-23,329.3200,325.4700,332.7300,324.3900
2023-10-24,330.5300,331.3000,331.8400,327.6000
2023-10-25,340.6700,345.0200,346.2000,337.6200
2023-10-26,327.8900,340.5400,341.6300,326.9400
2023-10-27,329.8100,330.4300,336.7200,328.4000
2023-10-30,337.3100,333.4100,339.4500,331.8300
2023-10-31,338.1100,338.8500,339.0000,334.6900
2023-11-01,346.0700,339.7900,347.4200,339.6500
2023-11-02,348.3200,347.2400,348.8300,344.7700
2023-11-03,352.8000,349.6300,354.3900,347.3300
2023-11-06,356.5300,353.4500,357.5400,353.3500
2023-11-07,360.5300,359.4000,362.4600,357.6300
2023-11-08,363.2000,361.6800,363.8700,360.5500
2023-11-09,360.6900,362.3000,364.7900,360.3600
2023-11-10,369.6700,361.4900,370.1000,361.0700
2023-11-13,366.6800,368.2200,368.4700,365.9000
2023-11-14,370.2700,371.0100,371.9500,367.3500
2023-11-15,369.6700,371.2800,373.1300,367.1100
2023-11-16,376.1700,370.9600,376.3500,370.1800
2023-11-17,369.8500,373.6100,374.3700,367.0000
2023-11-20,377.4400,371.2200,378.8700,371.0000
2023-11-21,373.0700,375.6700,376.2200,371.1200
2023-11-22,377.8500,378.0000,379.7900,374.9700
2023-11-24,377.4300,377.3300,377.9700,375.1400
2023-11-27,378.6100,376.7800,380.6400,376.2000
2023-11-28,382.7000,378.3500,383.0000,378.1600
2023-11-29,378.8500,383.7600,384.3000,377.4400
2023-11-30,378.9100,378.4900,380.0900,375.4700
2023-12-01,374.5100,376.7600,378.1600,371.3100
2023-12-04,369.1400,369.1000,369.5200,362.9000
2023-12-05,372.5200,366.4500,373.0800,365.6200
2023-12-06,368.8000,373.5400,374.1800,368.0300
2023-12-07,370.9500,368.2300,371.4500,366.3200
2023-12-08,374.2300,369.2000,374.4600,368.2300
2023-12-11,371.3000,368.4800,371.6000,366.1000
2023-12-12,374.3800,370.8500,374.4200,370.4600
2023-12-13,374.3700,376.0200,377.6400,370.7700
2023-12-14,365.9300,373.3100,373.7600,364.1300
2023-12-15,370.7300,366.8500,372.4000,366.2800
2023-12-18,372.6500,369.4500,373.0000,368.6800
2023-12-19,373.2600,371.4900,373.2600,369.8400
2023-12-20,370.6200,375.0000,376.0300,370.5300
2023-12-21,373.5400,372.5600,374.4100,370.0400
2023-12-22,374.5800,373.6800,375.1800,372.7100
2023-12-26,374.6600,375.0000,376.9400,373.5000
2023-12-27,374.0700,373.6900,375.0600,372.8100
2023-12-28,375.2800,375.3700,376.4600,374.1600
2023-12-29,376.0400,376.0000,377.1600,373.4800
2024-01-02,370.8700,373.8600,375.9000,366.7700
2024-01-03,370.6000,369.0100,373.2600,368.5100
2024-01-04,367.9400,370.6700,373.1000,367.1700
2024-01-05,367.7500,368.9700,372.0600,366.5000
2024-01-08,374.6900,369.3000,375.2000,369.0100
2024-01-09,375.7900,372.0100,375.9900,371.1900
2024-01-10,382.7700,376.3700,384.1700,376.3200
2024-01-11,384.6300,386.0000,390.6800,380.3800
2024-01-12,388.4700,385.4900,388.6800,384.6500
2024-01-16,390.2700,393.6600,394.0300,387.6200
2024-01-17,389.4700,387.9800,390.1100,384.8100
2024-01-18,393.8700,391.7200,393.9900,390.1200
2024-01-19,398.6700,395.7600,398.6700,393.5000
2024-01-22,396.5100,400.0200,400.6200,393.5900
2024-01-23,398.9000,395.7500,399.3800,393.9300
2024-01-24,402.5600,401.5400,405.6300,400.4500
2024-01-25,404.8700,404.3200,407.0100,402.5300
2024-01-26,403.9300,404.3700,406.1700,402.4300
2024-01-29,409.7200,406.0600,409.9800,404.3300
2024-01-30,408.5900,412.2600,413.0500,406.4500
2024-01-31,397.5800,406.9600,415.3200,397.2100
2024-02-01,403.7800,401.8300,408.0000,401.8000
2024-02-02,411.2200,403.8100,412.6500,403.5600
2024-02-05,405.6500,409.9000,411.1600,403.9900
2024-02-06,405.4900,405.8800,407.9700,402.9100
2024-02-07,414.0500,407.4400,414.3000,407.4000
2024-02-08,414.1100,414.0500,415.5600,412.5300
2024-02-09,420.5500,415.2500,420.8200,415.0900
2024-02-12,415.2600,420.5600,420.7400,414.7500
2024-02-13,406.3200,404.9400,410.0700,403.3900
2024-02-14,409.4900,408.0700,409.8400,404.5700
2024-02-15,406.5600,408.1400,409.1300,404.2900
2024-02-16,404.0600,407.9600,408.2900,403.4400
2024-02-20,402.7900,403.2400,404.4900,398.0100
2024-02-21,402.1800,400.1700,402.2900,397.2200
2024-02-22,411.6500,410.1900,412.8300,408.5700
2024-02-23,410.3400,415.6700,415.8600,408.9700
2024-02-26,407.5400,411.4600,412.1600,407.3600
2024-02-27,407.4800,407.9900,408.3200,403.8500
2024-02-28,407.7200,408.1800,409.3000,405.3200
2024-02-29,413.6400,408.6400,414.2000,405.9200
2024-03-01,415.5000,411.2700,415.8700,410.8800
2024-03-04,414.9200,413.4400,417.3500,412.3200
2024-03-05,402.6500,413.9600,414.2500,400.6400
2024-03-06,402.0900,402.9700,405.1600,398.3900
2024-03-07,409.1400,406.1200,409.7800,402.2400
2024-03-08,406.2200,407.9600,410.4200,404.3300
2024-03-11,404.5200,403.7600,405.6800,401.2600
2024-03-12,415.2800,407.6200,415.5700,406.7900
2024-03-13,415.1000,418.1000,418.1800,411.4500
2024-03-14,425.2200,420.2400,427.8200,417.9900
2024-03-15,416.4200,419.2900,422.6000,412.7900
2024-03-18,417.3200,414.2500,420.7300,413.7800
2024-03-19,421.4100,417.8300,421.6700,415.5500
2024-03-20,425.2300,422.0000,425.9600,420.6600
2024-03-21,429.3700,429.8300,430.8200,427.1600
2024-03-22,428.7400,429.7000,429.8600,426.0700
2024-03-25,422.8600,425.2400,427.4100,421.6100
2024-03-26,421.6500,425.6100,425.9900,421.3500
2024-03-27,421.4300,424.4400,424.4500,419.0100
2024-03-28,420.7200,420.9600,421.8700,419.1200
2024-04-01,424.5700,423.9500,427.8900,422.2200
2024-04-02,421.4400,420.1100,422.3800,417.8400
2024-04-03,420.4500,419.7300,423.2600,419.0900
2024-04-04,417.8800,424.9900,428.6700,417.5700
2024-04-05,425.5200,420.0100,426.5100,418.3200
2024-04-08,424.5900,425.1700,427.2800,423.3000
2024-04-09,426.2800,426.4400,427.7400,421.6200
2024-04-10,423.2600,422.1900,424.0300,419.7000
2024-04-11,427.9300,425.8200,429.3700,422.3600
2024-04-12,421.9000,424.0500,425.1800,419.7700
2024-04-15,413.6400,426.6000,426.8200,413.4300
2024-04-16,414.5800,414.5700,418.4000,413.7300
2024-04-17,411.8400,417.2500,418.8800,410.3300
2024-04-18,404.2700,410.6300,411.8900,403.9500
2024-04-19,399.1200,404.0300,405.4800,397.7700
2024-04-22,400.9600,400.0800,402.8500,395.7500
2024-04-23,407.5700,404.2400,408.2000,403.0600
2024-04-24,409.0600,409.5600,412.4700,406.7800
2024-04-25,399.0400,394.0300,399.8900,388.0300
2024-04-26,406.3200,412.1700,413.0000,405.7600
2024-04-29,402.2500,405.2500,406.3200,399.1900
2024-04-30,389.3300,401.4900,402.1600,389.1700
2024-05-01,394.9400,392.6100,401.7200,390.3100
2024-05-02,397.8400,397.6600,399.9300,394.6500
2024-05-03,406.6600,402.2800,407.1500,401.8600
2024-05-06,413.5400,408.7600,413.9300,406.3700
2024-05-07,409.3400,414.6600,414.6700,409.0900
2024-05-08,410.5400,408.1700,412.2300,406.7100
2024-05-09,412.3200,410.5700,412.7200,409.1000
2024-05-10,414.7400,412.9400,415.3800,411.8000
2024-05-13,413.7200,418.0100,418.3500,410.8200
2024-05-14,416.5600,412.0200,417.4900,411.5500
2024-05-15,423.0800,417.9000,423.8100,417.2700
2024-05-16,420.9900,421.8000,425.4200,420.3500
2024-05-17,420.2100,422.5400,422.9200,418.0300
2024-05-20,425.3400,420.2100,426.7700,419.9900
2024-05-21,429.0400,426.8300,432.9700,424.8500
2024-05-22,430.5200,430.0900,432.4100,427.1300
2024-05-23,427.0000,432.9700,433.6000,425.4200
2024-05-24,430.1600,427.1900,431.0600,424.4100
2024-05-28,430.3200,429.6300,430.8200,426.6000
2024-05-29,429.1700,425.6900,430.9400,425.6900
2024-05-30,414.6700,424.3000,424.3000,414.2400
2024-05-31,415.1300,416.7500,416.7500,404.5100
2024-06-03,413.5200,415.5300,416.4300,408.9200
2024-06-04,416.0700,412.4300,416.4400,409.6800
2024-06-05,424.0100,417.8100,424.0800,416.3000
2024-06-06,424.5200,424.0100,425.3100,420.5800
2024-06-07,423.8500,426.2000,426.2800,423.0000
2024-06-10,427.8700,424.7000,428.0800,423.8900
2024-06-11,432.6800,425.4800,432.8200,425.2500
2024-06-12,441.0600,435.3200,443.4000,433.2500
2024-06-13,441.5800,440.8500,443.3900,439.3700
2024-06-14,442.5700,438.2800,443.1400,436.7200
2024-06-17,448.3700,442.5900,450.9400,440.7200
2024-06-18,446.3400,449.7100,450.1400,444.8900
2024-06-20,445.7000,446.3000,446.5300,441.2700
2024-06-21,449.7800,447.3800,450.5800,446.5100
2024-06-24,447.6700,449.8000,452.7500,446.4100
2024-06-25,450.9500,448.2500,451.4200,446.7500
2024-06-26,452.1600,449.0000,453.6000,448.1900
2024-06-27,452.8500,452.1800,456.1700,451.7700
2024-06-28,446.9500,453.0700,455.3800,446.4100
2024-07-01,456.7300,448.6600,457.3700,445.6600
2024-07-02,459.2800,453.2000,459.5900,453.1100
2024-07-03,460.7700,458.1900,461.0200,457.8800
2024-07-05,467.5600,459.6100,468.3500,458.9700
2024-07-08,466.2400,466.5500,467.7000,464.4600
2024-07-09,459.5400,467.0000,467.3300,458.0000
2024-07-10,466.2500,461.2200,466.4600,458.8600
2024-07-11,454.7000,462.9800,464.7800,451.5500
2024-07-12,453.5500,454.3300,456.3600,450.6500
2024-07-15,453.9600,453.3000,457.2600,451.4300
2024-07-16,449.5200,454.2200,454.3000,446.6600
2024-07-17,443.5200,442.5900,444.8500,439.1800
2024-07-18,440.3700,444.3400,444.6500,434.4000
2024-07-19,437.1100,433.1000,441.1400,432.0000
2024-07-22,442.9400,441.7900,444.6000,438.9100
2024-07-23,444.8500,443.9000,448.3900,443.1000
2024-07-24,428.9000,440.4500,441.4800,427.5900
2024-07-25,418.4000,428.8000,429.8000,417.5100
2024-07-26,425.2700,418.2000,428.9200,417.2700
2024-07-29,426.7300,431.5800,432.1500,424.7000
2024-07-30,422.9200,427.7200,429.0500,417.3600
2024-07-31,418.3500,420.5000,421.7800,412.2100
2024-08-01,417.1100,420.7900,427.4600,413.0900
2024-08-02,408.4900,412.4900,415.0000,404.3400
2024-08-05,395.1500,389.1700,401.0400,385.5800
2024-08-06,399.6100,400.0000,405.6700,398.5000
2024-08-07,398.4300,408.6400,410.0800,397.4700
2024-08-08,402.6900,402.4400,405.8600,399.9400
2024-08-09,406.0200,404.0300,408.0500,402.2600
2024-08-12,406.8100,407.0600,408.7600,404.2400
2024-08-13,414.0100,409.5900,414.9500,409.5700
2024-08-14,416.8600,414.8000,417.7200,412.4500
2024-08-15,421.0300,419.8000,421.1100,417.6600
2024-08-16,418.4700,420.6000,421.3400,417.3000
2024-08-19,421.5300,418.9600,421.7500,416.4600
2024-08-20,424.8000,421.7000,425.8600,421.6400
2024-08-21,424.1400,424.0800,426.4000,421.7200
2024-08-22,415.5500,424.3600,426.7900,414.6100
2024-08-23,416.7900,416.9800,419.2600,412.0900
2024-08-26,413.4900,416.3700,417.2800,411.3400
2024-08-27,413.8400,412.8600,414.3600,410.2500
2024-08-28,410.6000,414.8800,415.0000,407.3100
2024-08-29,413.1200,414.9400,422.0500,410.6000
2024-08-30,417.1400,415.6000,417.4900,412.1300
2024-09-03,409.4400,417.9100,419.8800,407.0300
2024-09-04,408.9000,405.9100,411.2400,404.3700
2024-09-05,408.3900,407.6200,413.1000,406.1300
2024-09-06,401.7000,409.0600,410.6500,400.8000
2024-09-09,405.7200,407.2400,408.6500,402.1500
2024-09-10,414.2000,408.2000,416.3300,407.7000
2024-09-11,423.0400,415.5000,423.9900,409.5800
2024-09-12,427.0000,423.3100,427.3700,419.7500
2024-09-13,430.5900,425.8300,431.8300,425.4600
2024-09-16,431.3400,430.6000,433.5300,428.2200
2024-09-17,435.1500,440.2300,441.8500,432.2700
2024-09-18,430.8100,435.0000,436.0300,430.4100
2024-09-19,438.6900,441.2300,441.5000,436.9000
2024-09-20,435.2700,437.2200,439.2400,434.2200
2024-09-23,433.5100,434.2800,436.4600,430.3900
2024-09-24,429.1700,433.0000,433.3500,426.1000
2024-09-25,432.1100,429.8300,433.1200,428.5700
2024-09-26,431.3100,435.0900,435.3000,429.1300
2024-09-27,428.0200,431.5200,431.8500,427.4700
2024-09-30,430.3000,428.2100,430.4200,425.3700
2024-10-01,420.6900,428.4500,428.4800,418.8100
2024-10-02,417.1300,422.5800,422.8200,416.7100
2024-10-03,416.5400,417.6300,419.5500,414.2900
2024-10-04,416.0600,418.2400,419.7500,414.9700
2024-10-07,409.5400,416.0000,417.1100,409.0000
2024-10-08,414.7100,410.9000,415.6600,408.1700
2024-10-09,417.4600,415.8600,420.3800,414.3000
2024-10-10,415.8400,415.2300,417.3500,413.1500
2024-10-11,416.3200,416.1400,417.1300,413.2500
2024-10-14,419.1400,417.7700,424.0400,417.5200
2024-10-15,418.7400,422.1800,422.4800,415.2600
2024-10-16,416.1200,415.1700,416.3600,410.4800
2024-10-17,416.7200,422.3600,422.5000,415.5900
2024-10-18,418.1600,417.1400,419.6500,416.2600
2024-10-21,418.7800,416.1200,418.9600,413.7500
2024-10-22,427.5100,418.4900,430.5800,418.0400
2024-10-23,424.6000,430.8600,431.0800,422.5300
2024-10-24,424.7300,425.3300,425.9800,422.4000
2024-10-25,428.1500,426.7600,432.5200,426.5700
2024-10-28,426.5900,431.6600,431.9400,426.3000
2024-10-29,431.9500,428.0000,433.1700,425.8000
2024-10-30,432.5300,437.4400,438.5000,432.1000
2024-10-31,406.3500,415.3600,416.1600,406.3000
2024-11-01,410.3700,409.0100,415.5000,407.5000
2024-11-04,408.4600,409.8000,410.4200,405.5700
2024-11-05,411.4600,408.3700,414.9000,408.0800
2024-11-06,420.1800,412.4200,420.4500,410.5200
2024-11-07,425.4300,421.2800,426.8500,419.8800
2024-11-08,422.5400,425.3200,426.5000,421.7800
2024-11-11,418.0100,422.5200,424.8100,416.0000
2024-11-12,423.0300,418.2500,424.4400,417.2000
2024-11-13,425.2000,421.6400,429.3300,418.2100
2024-11-14,426.8900,425.0000,428.1700,420.0000
2024-11-15,415.0000,419.8200,422.8000,413.6400
2024-11-18,415.7600,414.8700,418.4000,412.1000
2024-11-19,417.7900,413.1100,417.9400,411.5500
2024-11-20,415.4900,416.8700,417.2900,410.5800
2024-11-21,412.8700,419.5000,419.7800,410.2900
2024-11-22,417.0000,411.3700,417.4000,411.0600
2024-11-25,418.7900,418.3800,421.0800,414.8500
2024-11-26,427.9900,419.5900,429.0400,418.8500
2024-11-27,422.9900,425.1100,427.2300,422.0200
2024-11-29,423.4600,420.0900,424.8800,417.8000
2024-12-02,430.9800,421.5700,433.0000,421.3100
2024-12-03,431.2000,429.8400,432.4700,427.7400
2024-12-04,437.4200,433.0300,439.6700,432.6300
2024-12-05,442.6200,437.9200,444.6600,436.1700
2024-12-06,443.5700,442.3000,446.1000,441.7700
2024-12-09,446.0200,442.6000,448.3300,440.5000
2024-12-10,443.3300,444.3900,449.6200,441.6000
2024-12-11,448.9900,444.0500,450.3500,444.0500
2024-12-12,449.5600,449.1100,456.1600,449.1100
2024-12-13,447.2700,448.4400,451.4300,445.5800
2024-12-16,451.5900,447.2700,452.1800,445.2800
2024-12-17,454.4600,451.0100,455.2900,449.5700
2024-12-18,437.3900,451.3200,452.6500,437.0200
2024-12-19,437.0300,441.6200,443.1800,436.3200
2024-12-20,436.6000,433.1100,443.7400,428.6300
2024-12-23,435.2500,436.7400,437.6500,432.8300
2024-12-24,439.3300,434.6500,439.6000,434.1900
2024-12-26,438.1100,439.0800,440.9400,436.6300
2024-12-27,430.5300,434.6000,435.2200,426.3500
2024-12-30,424.8300,426.0600,427.5500,421.9000
2024-12-31,421.5000,426.1000,426.7300,420.6600
2025-01-02,418.5800,425.5300,426.0700,414.8500
2025-01-03,423.3500,421.0800,424.0300,419.5400
2025-01-06,427.8500,428.0000,434.3200,425.4800
2025-01-07,422.3700,429.0000,430.6500,420.8000
2025-01-08,424.5600,423.4600,426.9700,421.5400
2025-01-10,418.9500,424.6300,424.7100,415.0200
2025-01-13,417.1900,415.2400,418.5000,412.2900
2025-01-14,415.6700,417.8100,419.7400,410.7200
2025-01-15,426.3100,419.1300,428.1500,418.2700
2025-01-16,424.5800,428.7000,429.4900,424.3900
2025-01-17,429.0300,434.0900,434.4800,428.1700
2025-01-21,428.5000,430.2000,430.9000,425.6000
2025-01-22,446.2000,437.5600,447.2700,436.0000
2025-01-23,446.7100,442.0000,446.7500,441.5000
2025-01-24,444.0600,445.1600,446.6500,441.4000
2025-01-27,434.5600,424.0100,435.2000,423.5000
2025-01-28,447.2000,434.6000,448.3800,431.3800
2025-01-29,442.3300,446.6900,446.8800,440.4000
2025-01-30,414.9900,418.7700,422.8600,413.1600
2025-01-31,415.0600,418.9800,420.6900,414.9100
2025-02-03,410.9200,411.6000,415.4100,408.6600
2025-02-04,412.3700,412.6900,413.9200,409.7400
2025-02-05,413.2900,412.3500,413.8300,410.4000
2025-02-06,415.8200,414.0000,418.2000,414.0000
2025-02-07,409.7500,416.4800,418.6500,408.1000
2025-02-10,412.2200,413.7100,415.4600,410.9200
2025-02-11,411.4400,409.6400,412.4900,409.3000
2025-02-12,409.0400,407.2100,410.7500,404.3700
2025-02-13,410.5400,407.0000,411.0000,406.3600
2025-02-14,408.4300,407.7900,408.9100,405.8800
2025-02-18,409.6400,408.0000,410.6000,406.5000
2025-02-19,414.7700,407.8800,415.4900,407.6500
2025-02-20,416.1300,415.2900,419.3100,412.5400
2025-02-21,408.2100,417.3400,418.0500,407.8900
2025-02-24,404.0000,408.5100,409.3700,399.3200
2025-02-25,397.9000,401.1000,401.9200,396.7000
2025-02-26,399.7300,398.0100,403.6000,394.2500
2025-02-27,392.5300,401.2700,405.7400,392.1700
2025-02-28,396.9900,392.6600,397.6300,386.5700
2025-03-03,388.4900,398.8200,398.8200,386.1600
2025-03-04,388.6100,383.4000,392.5800,381.0000
2025-03-05,401.0200,389.3400,401.6700,388.8100
2025-03-06,396.8900,394.2800,402.1500,392.6800
2025-03-07,393.3100,392.3200,394.8000,385.5400
2025-03-10,380.1600,385.8400,386.4000,377.2200
2025-03-11,380.4500,379.0000,386.0000,376.9100
2025-03-12,383.2700,382.9500,385.2200,378.9500
2025-03-13,378.7700,383.1600,385.3200,377.4500
2025-03-14,388.5600,379.7800,390.2300,379.5100
2025-03-17,388.7000,386.7000,392.7100,385.5700
2025-03-18,383.5200,387.0700,387.3700,381.1000
2025-03-19,387.8200,385.5300,389.6800,384.0000
2025-03-20,386.8400,385.7400,391.7900,383.2800
2025-03-21,391.2600,383.2200,391.7400,382.8000
2025-03-24,393.0800,395.4000,395.4000,389.8100
2025-03-25,395.1600,393.9200,396.3600,392.6400
2025-03-26,389.9700,395.0000,395.3100,388.5700
2025-03-27,390.5800,390.1300,392.2400,387.4000
2025-03-28,378.8000,388.0800,389.1300,376.9300
2025-03-31,375.3900,372.5400,377.0700,367.2400
2025-04-01,382.1900,374.6500,382.8500,373.2300
2025-04-02,382.1400,377.9700,385.0800,376.6200
2025-04-03,373.1100,374.7900,377.4800,369.3500
2025-04-04,359.8400,364.1300,374.5900,359.4800
2025-04-07,357.8600,350.8800,371.0000,344.7900
2025-04-08,354.5600,368.2600,373.6500,350.2500
2025-04-09,390.4900,353.5400,393.2300,353.1000
2025-04-10,381.3500,382.0600,383.9000,367.8000
2025-04-11,388.4500,380.6400,390.0500,378.8900
2025-04-14,387.8100,393.2200,394.6500,384.2100
2025-04-15,385.7300,388.5100,391.8900,384.1600
2025-04-16,371.6100,380.6700,381.6100,368.0000
2025-04-17,367.7800,373.7500,374.3200,366.8900
2025-04-21,359.1200,362.8200,364.4800,355.6700
2025-04-22,366.8200,363.3800,367.7700,359.8600
2025-04-23,374.3900,376.0600,380.3900,373.0200
2025-04-24,387.3000,375.7000,388.4500,375.1900
2025-04-25,391.8500,387.0000,392.1600,384.6000
2025-04-28,391.1600,391.9600,392.7400,386.6400
2025-04-29,394.0400,391.3000,395.1000,390.3800
2025-04-30,395.2600,390.3000,396.6600,384.4400
2025-05-01,425.4000,431.1100,436.9900,424.9000
2025-05-02,435.2800,431.7400,439.4400,429.9900
2025-05-05,436.1700,432.8700,439.5000,432.1100
2025-05-06,433.3100,432.2000,437.7300,431.1700
2025-05-07,433.3500,433.8400,438.1200,431.1100
2025-05-08,438.1700,437.9300,443.6700,435.6600
2025-05-09,438.7300,440.0000,440.7400,435.8800
2025-05-12,449.2600,445.9400,449.3700,439.7800
2025-05-13,449.1400,447.7800,450.6700,445.3600
2025-05-14,452.9400,448.1400,453.9000,448.1400
2025-05-15,453.1300,450.7700,456.1900,450.4300
2025-05-16,454.2700,452.0500,454.3600,448.7300
2025-05-19,458.8700,450.8800,459.5900,450.8000
2025-05-20,458.1700,455.5900,458.3400,454.3200
2025-05-21,452.5700,454.5700,457.7800,451.8100
2025-05-22,454.8600,454.9500,460.2500,453.9000
2025-05-23,450.1800,449.9800,453.6900,448.9100
2025-05-27,460.6900,456.4800,460.9500,456.1200
2025-05-28,457.3600,461.2200,462.5200,456.9300
2025-05-29,458.6800,461.5500,461.7200,455.3100
2025-05-30,460.3600,459.7200,461.6800,455.5400
2025-06-02,461.9700,457.1400,462.1100,456.8900
2025-06-03,462.9700,461.4700,464.1400,460.8600
2025-06-04,463.8700,464.0000,465.6900,463.0200
2025-06-05,467.6800,464.9600,469.6500,464.0300
2025-06-06,470.3800,470.0900,473.3400,468.7800
2025-06-09,472.7500,469.7000,473.4300,468.6200
2025-06-10,470.9200,471.1900,472.8000,466.9600
2025-06-11,472.6200,470.0200,475.4700,469.6600
2025-06-12,478.8700,475.0200,480.4200,473.5200
2025-06-13,474.9600,476.4100,479.1800,472.7600
2025-06-16,479.1400,475.2100,480.6900,475.0000
2025-06-17,478.0400,475.4000,478.7400,474.0800
2025-06-18,480.2400,478.0000,481.0000,474.4600
2025-06-20,477.4000,482.2300,483.4600,476.8700
2025-06-23,486.0000,478.2100,487.7500,472.5100
2025-06-24,490.1100,488.9500,491.8500,486.8000
2025-06-25,492.2700,492.0400,494.5600,489.3900
2025-06-26,497.4500,492.9800,498.0400,492.8100
2025-06-27,495.9400,497.5500,499.3000,493.0300
2025-06-30,497.4100,497.0400,500.7600,495.3300
2025-07-01,492.0500,496.4700,498.0500,490.9800
2025-07-02,491.0900,489.9900,493.5000,488.7000
2025-07-03,498.8400,493.8100,500.1300,493.4400
2025-07-07,497.7200,497.3800,498.7500,495.2300
2025-07-08,496.6200,497.2400,498.2000,494.1100
2025-07-09,503.5100,500.3000,506.7800,499.7400
2025-07-10,501.4800,503.0500,504.4400,497.7500
2025-07-11,503.3200,498.4700,505.0300,497.8000
2025-07-14,503.0200,501.5200,503.9700,501.0300
2025-07-15,505.8200,503.0200,508.3000,502.7900
2025-07-16,505.6200,505.1800,506.7200,501.8900
2025-07-17,511.7000,505.6800,513.3700,505.6200
2025-07-18,510.0500,514.4800,514.6400,507.4300
2025-07-21,510.0600,506.7100,512.0900,505.5500
2025-07-22,505.2700,510.9700,511.2000,505.2700
2025-07-23,505.8700,506.7500,506.7900,500.7000
2025-07-24,510.8800,508.7700,513.6700,507.3000
2025-07-25,513.7100,512.4700,518.2900,510.3600
2025-07-28,512.5000,514.0800,515.0000,510.1200
2025-07-29,512.5700,515.5300,517.6200,511.5600
2025-07-30,513.2400,515.1700,515.9500,509.4400
2025-07-31,533.5000,555.2300,555.4500,531.9000
2025-08-01,524.1100,535.0000,535.8000,520.8600
2025-08-04,535.6400,528.2700,538.2500,528.1300
2025-08-05,527.7500,537.1800,537.3000,527.2400
2025-08-06,524.9400,530.9000,531.7000,524.0300
2025-08-07,520.8400,526.8000,528.0900,517.5500
2025-08-08,522.0400,522.6000,524.6600,519.4100
2025-08-11,521.7700,522.3000,527.5900,519.7200
2025-08-12,529.2400,523.7500,530.9800,522.7000
2025-08-13,520.5800,532.1100,532.7000,519.3700
2025-08-14,522.4800,522.5600,525.9500,520.1400
2025-08-15,520.1700,522.7700,526.1000,519.0800
2025-08-18,517.1000,521.5900,522.8200,514.0200
2025-08-19,509.7700,515.0000,515.1600,508.5500
2025-08-20,505.7200,509.8700,511.0000,504.4400
2025-08-21,504.2400,503.6900,507.6300,502.7200
2025-08-22,507.2300,504.2500,510.7300,502.4100
2025-08-25,504.2600,506.6300,508.1900,504.1200
2025-08-26,502.0400,504.3600,504.9800,498.5100
2025-08-27,506.7400,502.0000,507.2900,499.9000
2025-08-28,509.6400,507.0900,511.0900,505.5000
2025-08-29,506.6900,508.6600,509.6000,504.4900
2025-09-02,505.1200,500.4700,506.0000,496.8100
2025-09-03,505.3500,503.7900,507.7900,502.3200
2025-09-04,507.9700,504.3000,508.1500,503.1500
2025-09-05,495.0000,509.0700,511.9700,492.3700
2025-09-08,498.2000,498.1100,501.2000,495.0300
2025-09-09,498.4100,501.4300,502.2500,497.7000
2025-09-10,500.3700,502.9800,503.2300,496.7200
2025-09-11,501.0100,502.2500,503.1700,497.8800
2025-09-12,509.9000,506.6500,512.5500,503.8500
2025-09-15,515.3600,508.7900,515.4700,507.0000
2025-09-16,509.0400,516.8800,517.2300,508.6000
2025-09-17,510.0200,510.6200,511.2900,505.9300
2025-09-18,508.4500,511.4900,513.0700,507.6600
2025-09-19,517.9300,510.5600,519.3000,510.3100
2025-09-22,514.4500,515.5900,517.7400,512.5400
2025-09-23,509.2300,513.8000,514.5900,507.3100
2025-09-24,510.1500,510.3800,512.4800,506.9200
2025-09-25,507.0300,508.3000,510.0100,505.0400
2025-09-26,511.4600,510.0600,513.9400,506.6200
2025-09-29,514.6000,511.5000,516.8500,508.8800
2025-09-30,517.9500,513.2400,518.1600,509.6600
2025-10-01,519.7100,514.8000,520.5100,511.6900
2025-10-02,515.7400,517.6400,521.6000,510.6800
2025-10-03,517.3500,517.1000,520.4900,515.0000
2025-10-06,528.5700,518.6100,531.0300,518.2000
2025-10-07,523.9800,528.2900,529.8000,521.4400
2025-10-08,524.8500,523.2800,526.9500,523.0900
2025-10-09,522.4000,522.3400,524.3300,517.4000
2025-10-10,510.9600,519.6400,523.5800,509.6300
2025-10-13,514.0500,516.4100,516.4100,511.6800
2025-10-14,513.5700,510.2300,515.2800,506.0000
2025-10-15,513.4300,514.9600,517.1900,510.0000
2025-10-16,511.6100,512.5800,516.8500,508.1300
2025-10-17,513.5800,509.0400,515.4800,507.3100
2025-10-20,516.7900,514.6100,518.7000,513.4300
2025-10-21,517.6600,517.5000,518.6900,513.0400
2025-10-22,520.5400,521.1500,525.2300,517.7100
2025-10-23,520.5600,522.4600,523.9500,518.6100
2025-10-24,523.6100,522.7900,525.3500,520.7100
2025-10-27,531.5200,531.7800,534.5800,529.0100
2025-10-28,542.0700,550.0000,553.7200,540.7700
2025-10-29,541.5500,544.9400,546.2700,536.7300
2025-10-30,525.7600,530.4800,534.9700,522.1200
2025-10-31,517.8100,528.8800,529.3200,515.1000
2025-11-03,517.0300,519.8100,524.9600,514.5900
2025-11-04,514.3300,511.7600,515.5500,507.8400
2025-11-05,507.1600,513.3000,514.8300,506.5800
2025-11-06,497.1000,505.6600,505.7000,495.8100
2025-11-07,496.8200,496.9500,499.3800,493.2500
2025-11-10,506.0000,500.0400,506.8500,498.8000
2025-11-11,508.6800,504.8000,509.6000,502.3500
2025-11-12,511.1400,509.3600,511.6700,499.1200
2025-11-13,503.2900,510.3100,513.5000,501.2900
2025-11-14,510.1800,498.2300,511.6000,497.4400
2025-11-17,507.4900,508.4500,512.1200,504.9100
2025-11-18,493.7900,495.3700,502.9800,486.7800
2025-11-19,487.1200,490.1000,495.1900,482.8300
2025-11-20,478.4300,492.7100,493.5700,475.5000
2025-11-21,472.1200,478.5000,478.9200,468.2700
2025-11-24,474.0000,475.0000,476.9000,468.0200
2025-11-25,476.9900,474.0700,479.1500,464.8900
2025-11-26,485.5000,486.3100,488.3100,481.2000
2025-11-28,492.0100,487.6000,492.6300,486.6500
2025-12-01,486.7400,488.4400,489.8600,484.6500
2025-12-02,490.0000,486.7200,493.5000,486.3200
2025-12-03,477.7300,476.3200,484.2400,475.2000
2025-12-04,480.8400,479.7600,481.3200,476.4900
2025-12-05,483.1600,482.5200,483.4000,478.8800
2025-12-08,491.0200,484.8900,492.3000,484.3800
2025-12-09,492.0200,489.1000,492.1200,488.5000
2025-12-10,478.5600,484.0300,484.2500,475.0800
2025-12-11,483.4700,476.6300,486.0300,475.8600
2025-12-12,478.5300,479.8200,482.4500,476.3400
2025-12-15,474.8200,480.1000,480.7200,472.5200
2025-12-16,476.3900,471.9100,477.8900,470.8800
2025-12-17,476.1200,476.9100,480.0000,475.0000
2025-12-18,483.9800,478.1900,489.6000,477.8900
2025-12-19,485.9200,487.3600,487.8500,482.4900
2025-12-22,484.9200,486.1200,488.7300,482.6900
2025-12-23,486.8500,484.9800,487.8300,484.7400
2025-12-24,488.0200,485.6800,489.1600,484.8300
2025-12-26,487.7100,486.7100,488.1200,485.9600
2025-12-29,487.1000,484.8600,488.3500,484.1800
2025-12-30,487.4800,485.9300,489.6800,485.5000
2025-12-31,483.6200,487.8400,488.1400,483.3000
2026-01-02,472.9400,484.3900,484.6600,470.1600
2026-01-05,472.8500,474.0600,476.0700,469.5000
2026-01-06,478.5100,473.8000,478.7400,469.7500
2026-01-07,483.4700,479.7600,489.7000,477.9500
2026-01-08,478.1100,481.2400,482.6600,475.8600
2026-01-09,479.2800,474.0600,479.8200,472.2000
2026-01-12,477.1800,476.6700,480.9900,475.6800
2026-01-13,470.6700,474.6800,475.7800,465.9500
2026-01-14,459.3800,466.4600,468.2000,457.1700
2026-01-15,456.6600,464.1200,464.2500,455.9000
2026-01-16,459.8600,457.8300,463.1900,456.4800
2026-01-20,454.5200,451.2200,456.8000,449.2800
2026-01-21,444.1100,452.6000,452.6900,438.6800
2026-01-22,451.1400,447.6200,452.8400,444.7000
2026-01-23,465.9500,451.8700,471.1000,450.5300
2026-01-26,470.2800,465.3100,474.2500,462.0000
2026-01-27,480.5800,473.7000,482.8700,473.1600
2026-01-28,481.6300,483.2100,483.7400,478.0000
2026-01-29,433.5000,439.9900,442.5000,421.0200
2026-01-30,430.2900,439.1700,439.6000,426.4500
2026-02-02,423.3700,430.2400,430.7400,422.2500
2026-02-03,411.2100,422.0100,422.0500,408.5600
2026-02-04,414.1900,411.0000,419.8000,409.2400
2026-02-05,393.6700,407.4400,408.3000,392.3200
2026-02-06,401.1400,399.1700,401.7900,392.9200
2026-02-09,413.6000,404.8500,414.8900,400.8700
2026-02-10,413.2700,419.6200,423.6800,412.7000
2026-02-11,404.3700,416.1800,416.4600,401.0100
2026-02-12,401.8400,405.0000,406.2000,398.0100
2026-02-13,401.3200,404.4500,405.5400,398.0500
2026-02-17,396.8600,399.2200,400.5200,394.5300
2026-02-18,399.6000,398.1300,402.5600,396.3200
2026-02-19,398.4600,400.6900,404.4300,396.6700
2026-02-20,397.2300,396.1100,400.1200,395.1600
2026-02-23,384.4700,395.0000,395.3600,383.1000
2026-02-24,389.0000,384.1400,389.3600,381.7100
2026-02-25,400.6000,390.5300,401.4700,390.1600
2026-02-26,401.7200,404.7100,407.4900,398.7400
2026-02-27,392.7400,390.8800,396.8200,389.8800
2026-03-02,398.5500,392.8600,401.1900,390.6300
2026-03-03,403.9300,393.1400,406.7000,392.6700
2026-03-04,405.2000,401.2700,411.0300,400.3100
2026-03-05,410.6800,404.4200,411.6100,404.4000
2026-03-06,408.9600,409.2000,413.0500,408.5100
2026-03-09,409.4100,404.9200,410.2100,403.5000
2026-03-10,405.7600,410.0300,410.2000,402.9300
2026-03-11,404.8800,405.5700,409.0100,401.5900
2026-03-12,401.8600,404.6300,406.1200,401.7100
2026-03-13,395.5500,401.0000,404.8000,394.2500
2026-03-16,399.9500,398.0700,400.6300,394.7900
2026-03-17,399.4100,400.2700,404.4000,397.7500
2026-03-18,391.7900,397.1300,398.0000,391.0000
2026-03-19,389.0200,390.1000,392.4900,387.0600
2026-03-20,381.8700,386.7900,387.0000,380.1200
2026-03-23,383.0000,383.9000,387.2100,381.6800
2026-03-24,372.7400,382.3600,382.4700,371.8500
2026-03-25,371.0400,376.9200,377.0600,369.6300
2026-03-26,365.9700,370.8200,374.7200,365.1900
2026-03-27,356.7700,361.9000,362.4500,356.5100
2026-03-30,358.9600,361.9000,365.3600,356.2800
2026-03-31,370.1700,364.5500,372.9000,363.0700
2026-04-01,369.3700,373.4900,373.9900,368.2000
2026-04-02,373.4600,367.2100,373.6400,364.1500
2026-04-06,372.8800,373.4900,373.7300,369.5000
2026-04-07,372.2900,370.3400,372.4500,366.5600
2026-04-08,374.3300,384.9800,385.0000,371.4100
2026-04-09,373.0700,372.5000,373.5000,367.0500
2026-04-10,370.8700,372.9800,375.6400,370.0300
2026-04-13,384.3700,373.6100,384.5400,371.0200
2026-04-14,393.1100,387.9200,394.6900,386.5200
2026-04-15,411.2200,398.0000,414.3700,396.7300
2026-04-16,420.2600,419.8600,420.8200,412.1400
2026-04-17,422.7900,424.8200,431.5800,420.6900
2026-04-20,418.0700,421.1500,423.3300,416.3000
2026-04-21,424.1600,420.2400,427.1800,417.2000
2026-04-22,432.9200,426.1900,433.7000,423.6700
2026-04-23,415.7500,419.8900,423.6600,411.4100
2026-04-24,424.6200,416.9700,424.9500,415.8000
2026-04-27,424.8200,422.3800,427.1100,417.0700
2026-04-28,429.2500,424.5700,429.9200,421.9000
2026-04-29,424.4600,424.5800,426.8200,420.2900
2026-04-30,407.7800,410.8100,414.4200,398.0100
2026-05-01,414.4400,412.8000,417.1100,410.4400
2026-05-04,413.6200,411.5400,420.7800,410.8000
2026-05-05,411.3800,415.3200,416.7800,408.8000
2026-05-06,413.9600,408.0000,418.4200,405.1100
2026-05-07,420.7700,420.1100,427.9800,418.7600
2026-05-08,415.1200,417.3900,418.6300,414.0000
2026-05-11,412.6600,407.8700,412.6900,405.5000
2026-05-12,407.7700,414.4800,415.5000,406.6400
2026-05-13,405.2100,403.2000,406.3100,401.0300
2026-05-14,409.4300,404.4800,411.8400,400.8800
2026-05-15,421.9200,414.2700,428.1700,412.9100
2026-05-18,423.5400,416.6200,425.1200,415.6100
2026-05-19,417.4200,429.9000,432.7000,416.4900
2026-05-20,421.0600,414.1700,422.1000,411.3000
2026-05-21,419.0900,424.7500,426.3400,415.7100
2026-05-22,418.5700,419.5400,424.4000,416.3300
2026-05-26,416.0300,416.4300,419.7700,413.0200
2026-05-27,412.6700,411.0100,415.9400,409.5800
2026-05-28,426.9900,412.9800,429.4900,412.6700
2026-05-29,450.2400,432.5500,450.3300,432.3600
2026-06-01,460.5200,464.8400,466.3200,458.2700
2026-06-02,441.3100,446.8800,453.5000,440.4300
2026-06-03,427.3400,438.4500,440.3900,424.2500
2026-06-04,428.0500,435.8100,436.1500,426.4100
2026-06-05,416.6700,428.3400,429.4700,414.4000
2026-06-08,411.7400,414.1400,417.1600,408.5600
2026-06-09,403.4100,409.0300,411.9800,398.4800
2026-06-10,397.3600,398.5500,405.0400,397.1600
2026-06-11,390.3400,395.2100,396.8500,384.0000
2026-06-12,390.7400,391.4300,391.7400,382.2700
2026-06-15,399.7600,396.8000,401.7500,392.8500
2026-06-16,393.8300,395.7900,396.8400,390.6900
2026-06-17,378.9100,390.2500,390.3700,377.3200
2026-06-18,379.4000,377.8200,381.3700,373.2800
2026-06-22,367.3400,375.7400,381.6300,367.0700
2026-06-23,373.9400,372.3800,377.2200,370.6700
2026-06-24,365.4600,371.5700,378.8800,364.7800
2026-06-25,352.8300,362.7700,364.2300,349.2000
2026-06-26,372.9700,357.1500,376.6100,355.4300
2026-06-29,368.5700,377.5000,380.5000,359.9000
2026-06-30,373.0200,371.0300,374.1500,367.4500
2026-07-01,384.2800,380.8300,388.8300,374.8900
2026-07-02,390.4900,384.4800,392.2000,383.7000
2026-07-06,386.7400,387.0400,389.1500,381.2200
2026-07-07,388.8400,392.4900,395.5700,388.2200
2026-07-08,383.3400,384.0300,385.3100,381.3300
2026-07-09,384.3600,374.4500,384.6500,373.3500
2026-07-10,385.1000,387.8000,391.9100,381.5000
2026-07-13,390.9900,387.7500,393.6500,384.1500
2026-07-14,384.9300,382.8200,388.1900,378.6500
2026-07-15,395.6300,387.8000,398.9600,386.4000
2026-07-16,401.1000,398.3100,405.9900,392.0500
2026-07-17,393.8200,394.8600,398.3900,389.3900
